  0
SECTION
  2
HEADER
  9
$ACADVER
  1
AC1006
  9
$INSBASE
  10
0.000000
  20
0.000000
  30
0.000000
  9
$EXTMIN
  10
0.000000
  20
0.000000
  9
$EXTMAX
  10
1000.000000
  20
1000.000000
  0
ENDSEC
  0
SECTION
  2
BLOCKS
  0
BLOCK
  8
0
  2
Pattern2D_45608_M
  70
64
  10
0
  20
0
  0
TEXT
  8
1
  10
251.510498
  20
729.892700
  50
0.000000
  51
0.000000
  71
0.000000
  1
PIECE NAME: Pattern2D_45608
  7
STANDARD
  0
TEXT
  8
1
  10
251.510498
  20
724.892700
  50
0.000000
  51
0.000000
  71
0.000000
  1
SIZE: M
  7
STANDARD
  0
TEXT
  8
1
  10
251.510498
  20
714.892700
  50
0.000000
  51
0.000000
  71
0.000000
  1
QUANTITY: 1
  7
STANDARD
  0
TEXT
  8
1
  10
251.510498
  20
714.892700
  40
0.250000
  50
0.000000
  1
ROTATION: 0
  7
STANDARD
  0
POLYLINE
  8
1
  66
1
  70
1
  250
2
  0
VERTEX
  8
1
  10
39.522247
  20
1119.720703
  0
VERTEX
  8
1
  10
45.037247
  20
1119.260620
  0
VERTEX
  8
1
  10
50.438034
  20
1118.833740
  0
VERTEX
  8
1
  10
55.734406
  20
1118.442993
  0
VERTEX
  8
1
  10
60.936157
  20
1118.091187
  0
VERTEX
  8
1
  10
66.053055
  20
1117.781250
  0
VERTEX
  8
1
  10
71.094803
  20
1117.516357
  0
VERTEX
  8
1
  10
76.071259
  20
1117.299072
  0
VERTEX
  8
1
  10
80.992203
  20
1117.132202
  0
VERTEX
  8
1
  10
85.867340
  20
1117.019043
  0
VERTEX
  8
1
  10
90.706512
  20
1116.962402
  0
VERTEX
  8
1
  10
95.519531
  20
1116.964844
  0
VERTEX
  8
1
  10
100.316086
  20
1117.029785
  0
VERTEX
  8
1
  10
105.106003
  20
1117.159668
  0
VERTEX
  8
1
  10
109.899109
  20
1117.357666
  0
VERTEX
  8
1
  10
114.705078
  20
1117.626587
  0
VERTEX
  8
1
  10
119.533737
  20
1117.969482
  0
VERTEX
  8
1
  10
124.394882
  20
1118.388916
  0
VERTEX
  8
1
  10
129.298264
  20
1118.888184
  0
VERTEX
  8
1
  10
134.253677
  20
1119.469971
  0
VERTEX
  8
1
  10
139.270905
  20
1120.136963
  0
VERTEX
  8
1
  10
144.359695
  20
1120.892578
  0
VERTEX
  8
1
  10
149.529861
  20
1121.739502
  0
VERTEX
  8
1
  10
154.791168
  20
1122.680542
  0
VERTEX
  8
1
  10
160.153381
  20
1123.718506
  0
VERTEX
  8
1
  10
165.626297
  20
1124.856689
  0
VERTEX
  8
1
  10
171.219696
  20
1126.097534
  0
VERTEX
  8
1
  10
176.943329
  20
1127.444214
  0
VERTEX
  8
1
  10
182.806992
  20
1128.899658
  0
VERTEX
  8
1
  10
188.820465
  20
1130.466553
  0
VERTEX
  8
1
  10
188.820465
  20
1130.466553
  0
VERTEX
  8
1
  10
215.935165
  20
1054.389038
  0
VERTEX
  8
1
  10
226.818909
  20
1136.617432
  0
VERTEX
  8
1
  10
229.736359
  20
1136.989502
  0
VERTEX
  8
1
  10
232.576477
  20
1137.354858
  0
VERTEX
  8
1
  10
235.346069
  20
1137.715332
  0
VERTEX
  8
1
  10
238.051880
  20
1138.072998
  0
VERTEX
  8
1
  10
240.700699
  20
1138.429688
  0
VERTEX
  8
1
  10
243.299286
  20
1138.787842
  0
VERTEX
  8
1
  10
245.854416
  20
1139.149048
  0
VERTEX
  8
1
  10
248.372849
  20
1139.515381
  0
VERTEX
  8
1
  10
250.861374
  20
1139.889038
  0
VERTEX
  8
1
  10
253.326752
  20
1140.271729
  0
VERTEX
  8
1
  10
255.775757
  20
1140.665771
  0
VERTEX
  8
1
  10
258.215149
  20
1141.072876
  0
VERTEX
  8
1
  10
260.651733
  20
1141.495117
  0
VERTEX
  8
1
  10
263.092224
  20
1141.934326
  0
VERTEX
  8
1
  10
265.543457
  20
1142.393066
  0
VERTEX
  8
1
  10
268.012146
  20
1142.872681
  0
VERTEX
  8
1
  10
270.505096
  20
1143.375488
  0
VERTEX
  8
1
  10
273.029053
  20
1143.903442
  0
VERTEX
  8
1
  10
275.590820
  20
1144.458618
  0
VERTEX
  8
1
  10
278.197144
  20
1145.042725
  0
VERTEX
  8
1
  10
280.854797
  20
1145.658203
  0
VERTEX
  8
1
  10
283.570587
  20
1146.306641
  0
VERTEX
  8
1
  10
286.351227
  20
1146.990234
  0
VERTEX
  8
1
  10
289.203522
  20
1147.710938
  0
VERTEX
  8
1
  10
292.134247
  20
1148.470825
  0
VERTEX
  8
1
  10
295.150146
  20
1149.271729
  0
VERTEX
  8
1
  10
298.257996
  20
1150.115723
  0
VERTEX
  8
1
  10
301.464600
  20
1151.004883
  0
VERTEX
  8
1
  10
304.776733
  20
1151.941040
  0
VERTEX
  8
1
  10
304.776733
  20
1151.941040
  0
VERTEX
  8
1
  10
301.922241
  20
1030.515137
  0
VERTEX
  8
1
  10
341.303894
  20
1157.752319
  0
VERTEX
  8
1
  10
429.731750
  20
1174.507080
  0
VERTEX
  8
1
  10
430.945435
  20
1162.871826
  0
VERTEX
  8
1
  10
432.104065
  20
1150.878296
  0
VERTEX
  8
1
  10
433.223389
  20
1138.579956
  0
VERTEX
  8
1
  10
434.319336
  20
1126.031006
  0
VERTEX
  8
1
  10
435.407898
  20
1113.284912
  0
VERTEX
  8
1
  10
436.505005
  20
1100.395752
  0
VERTEX
  8
1
  10
437.626434
  20
1087.417358
  0
VERTEX
  8
1
  10
438.788208
  20
1074.403564
  0
VERTEX
  8
1
  10
440.006226
  20
1061.408203
  0
VERTEX
  8
1
  10
441.296417
  20
1048.485107
  0
VERTEX
  8
1
  10
442.674622
  20
1035.688232
  0
VERTEX
  8
1
  10
444.156830
  20
1023.071289
  0
VERTEX
  8
1
  10
445.758911
  20
1010.688232
  0
VERTEX
  8
1
  10
447.496704
  20
998.592773
  0
VERTEX
  8
1
  10
449.386322
  20
986.838867
  0
VERTEX
  8
1
  10
451.443542
  20
975.480408
  0
VERTEX
  8
1
  10
453.684265
  20
964.571106
  0
VERTEX
  8
1
  10
456.124420
  20
954.164917
  0
VERTEX
  8
1
  10
458.779968
  20
944.315674
  0
VERTEX
  8
1
  10
461.666779
  20
935.077148
  0
VERTEX
  8
1
  10
464.800781
  20
926.503296
  0
VERTEX
  8
1
  10
468.197876
  20
918.647949
  0
VERTEX
  8
1
  10
471.873962
  20
911.564880
  0
VERTEX
  8
1
  10
475.845032
  20
905.307983
  0
VERTEX
  8
1
  10
480.126892
  20
899.931152
  0
VERTEX
  8
1
  10
484.735474
  20
895.488159
  0
VERTEX
  8
1
  10
489.686768
  20
892.032898
  0
VERTEX
  8
1
  10
494.996643
  20
889.619202
  0
VERTEX
  8
1
  10
500.680969
  20
888.300964
  0
VERTEX
  8
1
  10
500.680969
  20
888.300964
  0
VERTEX
  8
1
  10
497.640808
  20
885.149048
  0
VERTEX
  8
1
  10
494.661865
  20
882.020813
  0
VERTEX
  8
1
  10
491.740784
  20
878.911987
  0
VERTEX
  8
1
  10
488.874451
  20
875.818481
  0
VERTEX
  8
1
  10
486.059692
  20
872.736267
  0
VERTEX
  8
1
  10
483.293396
  20
869.661194
  0
VERTEX
  8
1
  10
480.572266
  20
866.589111
  0
VERTEX
  8
1
  10
477.893188
  20
863.515930
  0
VERTEX
  8
1
  10
475.253052
  20
860.437561
  0
VERTEX
  8
1
  10
472.648590
  20
857.349915
  0
VERTEX
  8
1
  10
470.076599
  20
854.248840
  0
VERTEX
  8
1
  10
467.534027
  20
851.130249
  0
VERTEX
  8
1
  10
465.017578
  20
847.990051
  0
VERTEX
  8
1
  10
462.524078
  20
844.824097
  0
VERTEX
  8
1
  10
460.050507
  20
841.628296
  0
VERTEX
  8
1
  10
457.593506
  20
838.398499
  0
VERTEX
  8
1
  10
455.149963
  20
835.130676
  0
VERTEX
  8
1
  10
452.716736
  20
831.820679
  0
VERTEX
  8
1
  10
450.290619
  20
828.464417
  0
VERTEX
  8
1
  10
447.868408
  20
825.057739
  0
VERTEX
  8
1
  10
445.447021
  20
821.596558
  0
VERTEX
  8
1
  10
443.023132
  20
818.076782
  0
VERTEX
  8
1
  10
440.593719
  20
814.494263
  0
VERTEX
  8
1
  10
438.155518
  20
810.844971
  0
VERTEX
  8
1
  10
435.705322
  20
807.124695
  0
VERTEX
  8
1
  10
433.240051
  20
803.329407
  0
VERTEX
  8
1
  10
430.756470
  20
799.454956
  0
VERTEX
  8
1
  10
428.251404
  20
795.497192
  0
VERTEX
  8
1
  10
425.721710
  20
791.452087
  0
VERTEX
  8
1
  10
425.721710
  20
791.452087
  0
VERTEX
  8
1
  10
422.185974
  20
785.725281
  0
VERTEX
  8
1
  10
418.732788
  20
780.047729
  0
VERTEX
  8
1
  10
415.361389
  20
774.413940
  0
VERTEX
  8
1
  10
412.071045
  20
768.818359
  0
VERTEX
  8
1
  10
408.861053
  20
763.255432
  0
VERTEX
  8
1
  10
405.730896
  20
757.719543
  0
VERTEX
  8
1
  10
402.679596
  20
752.205200
  0
VERTEX
  8
1
  10
399.706604
  20
746.706848
  0
VERTEX
  8
1
  10
396.811279
  20
741.218933
  0
VERTEX
  8
1
  10
393.992767
  20
735.735901
  0
VERTEX
  8
1
  10
391.250427
  20
730.252258
  0
VERTEX
  8
1
  10
388.583649
  20
724.762329
  0
VERTEX
  8
1
  10
385.991638
  20
719.260681
  0
VERTEX
  8
1
  10
383.473633
  20
713.741699
  0
VERTEX
  8
1
  10
381.029083
  20
708.199890
  0
VERTEX
  8
1
  10
378.657196
  20
702.629639
  0
VERTEX
  8
1
  10
376.357300
  20
697.025391
  0
VERTEX
  8
1
  10
374.128662
  20
691.381714
  0
VERTEX
  8
1
  10
371.970642
  20
685.692932
  0
VERTEX
  8
1
  10
369.882446
  20
679.953491
  0
VERTEX
  8
1
  10
367.863464
  20
674.157959
  0
VERTEX
  8
1
  10
365.912964
  20
668.300659
  0
VERTEX
  8
1
  10
364.030212
  20
662.376099
  0
VERTEX
  8
1
  10
362.214569
  20
656.378784
  0
VERTEX
  8
1
  10
360.465271
  20
650.303040
  0
VERTEX
  8
1
  10
358.781677
  20
644.143372
  0
VERTEX
  8
1
  10
357.163025
  20
637.894287
  0
VERTEX
  8
1
  10
355.608673
  20
631.550171
  0
VERTEX
  8
1
  10
354.117889
  20
625.105469
  0
VERTEX
  8
1
  10
354.117889
  20
625.105469
  0
VERTEX
  8
1
  10
310.010376
  20
285.278290
  0
VERTEX
  8
1
  10
63.098068
  20
294.909485
  0
VERTEX
  8
1
  10
63.392670
  20
304.295349
  0
VERTEX
  8
1
  10
63.707291
  20
315.223297
  0
VERTEX
  8
1
  10
64.026047
  20
327.605743
  0
VERTEX
  8
1
  10
64.332932
  20
341.354736
  0
VERTEX
  8
1
  10
64.611954
  20
356.382355
  0
VERTEX
  8
1
  10
64.847061
  20
372.600708
  0
VERTEX
  8
1
  10
65.022385
  20
389.922150
  0
VERTEX
  8
1
  10
65.121857
  20
408.258667
  0
VERTEX
  8
1
  10
65.129501
  20
427.522308
  0
VERTEX
  8
1
  10
65.029327
  20
447.625397
  0
VERTEX
  8
1
  10
64.805405
  20
468.480042
  0
VERTEX
  8
1
  10
64.441635
  20
489.998291
  0
VERTEX
  8
1
  10
63.922150
  20
512.092407
  0
VERTEX
  8
1
  10
63.230942
  20
534.674500
  0
VERTEX
  8
1
  10
62.351944
  20
557.656616
  0
VERTEX
  8
1
  10
61.269241
  20
580.951050
  0
VERTEX
  8
1
  10
59.966827
  20
604.469849
  0
VERTEX
  8
1
  10
58.428726
  20
628.125122
  0
VERTEX
  8
1
  10
56.638931
  20
651.829102
  0
VERTEX
  8
1
  10
54.581482
  20
675.493958
  0
VERTEX
  8
1
  10
52.240341
  20
699.031616
  0
VERTEX
  8
1
  10
49.599579
  20
722.354492
  0
VERTEX
  8
1
  10
46.643173
  20
745.374634
  0
VERTEX
  8
1
  10
43.355209
  20
768.004089
  0
VERTEX
  8
1
  10
39.719604
  20
790.155090
  0
VERTEX
  8
1
  10
35.720398
  20
811.739807
  0
VERTEX
  8
1
  10
31.341644
  20
832.670288
  0
VERTEX
  8
1
  10
26.567291
  20
852.858765
  0
VERTEX
  8
1
  10
21.381424
  20
872.217285
  0
VERTEX
  8
1
  10
21.381424
  20
872.217285
  0
VERTEX
  8
1
  10
20.832550
  20
874.151001
  0
VERTEX
  8
1
  10
20.275101
  20
876.083191
  0
VERTEX
  8
1
  10
19.709198
  20
878.013306
  0
VERTEX
  8
1
  10
19.134918
  20
879.940918
  0
VERTEX
  8
1
  10
18.552429
  20
881.865479
  0
VERTEX
  8
1
  10
17.961655
  20
883.786682
  0
VERTEX
  8
1
  10
17.362885
  20
885.703857
  0
VERTEX
  8
1
  10
16.756104
  20
887.616577
  0
VERTEX
  8
1
  10
16.141418
  20
889.524475
  0
VERTEX
  8
1
  10
15.518982
  20
891.426880
  0
VERTEX
  8
1
  10
14.888855
  20
893.323486
  0
VERTEX
  8
1
  10
14.251038
  20
895.213745
  0
VERTEX
  8
1
  10
13.605804
  20
897.097229
  0
VERTEX
  8
1
  10
12.953186
  20
898.973267
  0
VERTEX
  8
1
  10
12.293182
  20
900.841675
  0
VERTEX
  8
1
  10
11.626007
  20
902.701721
  0
VERTEX
  8
1
  10
10.951691
  20
904.553101
  0
VERTEX
  8
1
  10
10.270416
  20
906.395203
  0
VERTEX
  8
1
  10
9.582169
  20
908.227600
  0
VERTEX
  8
1
  10
8.887115
  20
910.049866
  0
VERTEX
  8
1
  10
8.185287
  20
911.861450
  0
VERTEX
  8
1
  10
7.476852
  20
913.661865
  0
VERTEX
  8
1
  10
6.761856
  20
915.450745
  0
VERTEX
  8
1
  10
6.040436
  20
917.227478
  0
VERTEX
  8
1
  10
5.312668
  20
918.991638
  0
VERTEX
  8
1
  10
4.578644
  20
920.742798
  0
VERTEX
  8
1
  10
3.838470
  20
922.480347
  0
VERTEX
  8
1
  10
3.092239
  20
924.203918
  0
VERTEX
  8
1
  10
2.340027
  20
925.913025
  0
VERTEX
  8
1
  10
2.340027
  20
925.913025
  0
VERTEX
  8
1
  10
5.119705
  20
929.401123
  0
VERTEX
  8
1
  10
7.738678
  20
933.244263
  0
VERTEX
  8
1
  10
10.203064
  20
937.428406
  0
VERTEX
  8
1
  10
12.518753
  20
941.939331
  0
VERTEX
  8
1
  10
14.691742
  20
946.763062
  0
VERTEX
  8
1
  10
16.727875
  20
951.885498
  0
VERTEX
  8
1
  10
18.633286
  20
957.292419
  0
VERTEX
  8
1
  10
20.413834
  20
962.969849
  0
VERTEX
  8
1
  10
22.075409
  20
968.903687
  0
VERTEX
  8
1
  10
23.624146
  20
975.079834
  0
VERTEX
  8
1
  10
25.065887
  20
981.484192
  0
VERTEX
  8
1
  10
26.406601
  20
988.102661
  0
VERTEX
  8
1
  10
27.652328
  20
994.921204
  0
VERTEX
  8
1
  10
28.808975
  20
1001.925598
  0
VERTEX
  8
1
  10
29.882446
  20
1009.101868
  0
VERTEX
  8
1
  10
30.878815
  20
1016.435852
  0
VERTEX
  8
1
  10
31.803955
  20
1023.913513
  0
VERTEX
  8
1
  10
32.663864
  20
1031.520752
  0
VERTEX
  8
1
  10
33.464478
  20
1039.243408
  0
VERTEX
  8
1
  10
34.211823
  20
1047.067505
  0
VERTEX
  8
1
  10
34.911789
  20
1054.978882
  0
VERTEX
  8
1
  10
35.570389
  20
1062.963379
  0
VERTEX
  8
1
  10
36.193527
  20
1071.007080
  0
VERTEX
  8
1
  10
36.787231
  20
1079.095703
  0
VERTEX
  8
1
  10
37.357376
  20
1087.215210
  0
VERTEX
  8
1
  10
37.910019
  20
1095.351563
  0
VERTEX
  8
1
  10
38.451065
  20
1103.490723
  0
VERTEX
  8
1
  10
38.986496
  20
1111.618408
  0
VERTEX
  8
1
  10
39.522247
  20
1119.720703
  0
SEQEND
  0
POINT
  8
2
  10
39.522247
  20
1119.720703
  0
POINT
  8
2
  10
188.820465
  20
1130.466553
  0
POINT
  8
2
  10
215.935165
  20
1054.389038
  0
POINT
  8
2
  10
226.818909
  20
1136.617432
  0
POINT
  8
2
  10
304.776733
  20
1151.941040
  0
POINT
  8
2
  10
301.922241
  20
1030.515137
  0
POINT
  8
2
  10
341.303894
  20
1157.752319
  0
POINT
  8
2
  10
429.731750
  20
1174.507080
  0
POINT
  8
2
  10
500.680969
  20
888.300964
  0
POINT
  8
2
  10
425.721710
  20
791.452087
  0
POINT
  8
2
  10
354.117889
  20
625.105469
  0
POINT
  8
2
  10
310.010376
  20
285.278290
  0
POINT
  8
2
  10
63.098068
  20
294.909485
  0
POINT
  8
2
  10
21.381424
  20
872.217285
  0
POINT
  8
2
  10
2.340027
  20
925.913025
  0
POINT
  8
3
  10
45.037247
  20
1119.260620
  0
POINT
  8
3
  10
50.438034
  20
1118.833740
  0
POINT
  8
3
  10
55.734406
  20
1118.442993
  0
POINT
  8
3
  10
60.936157
  20
1118.091187
  0
POINT
  8
3
  10
66.053055
  20
1117.781250
  0
POINT
  8
3
  10
71.094803
  20
1117.516357
  0
POINT
  8
3
  10
76.071259
  20
1117.299072
  0
POINT
  8
3
  10
80.992203
  20
1117.132202
  0
POINT
  8
3
  10
85.867340
  20
1117.019043
  0
POINT
  8
3
  10
90.706512
  20
1116.962402
  0
POINT
  8
3
  10
95.519531
  20
1116.964844
  0
POINT
  8
3
  10
100.316086
  20
1117.029785
  0
POINT
  8
3
  10
105.106003
  20
1117.159668
  0
POINT
  8
3
  10
109.899109
  20
1117.357666
  0
POINT
  8
3
  10
114.705078
  20
1117.626587
  0
POINT
  8
3
  10
119.533737
  20
1117.969482
  0
POINT
  8
3
  10
124.394882
  20
1118.388916
  0
POINT
  8
3
  10
129.298264
  20
1118.888184
  0
POINT
  8
3
  10
134.253677
  20
1119.469971
  0
POINT
  8
3
  10
139.270905
  20
1120.136963
  0
POINT
  8
3
  10
144.359695
  20
1120.892578
  0
POINT
  8
3
  10
149.529861
  20
1121.739502
  0
POINT
  8
3
  10
154.791168
  20
1122.680542
  0
POINT
  8
3
  10
160.153381
  20
1123.718506
  0
POINT
  8
3
  10
165.626297
  20
1124.856689
  0
POINT
  8
3
  10
171.219696
  20
1126.097534
  0
POINT
  8
3
  10
176.943329
  20
1127.444214
  0
POINT
  8
3
  10
182.806992
  20
1128.899658
  0
POINT
  8
3
  10
229.736359
  20
1136.989502
  0
POINT
  8
3
  10
232.576477
  20
1137.354858
  0
POINT
  8
3
  10
235.346069
  20
1137.715332
  0
POINT
  8
3
  10
238.051880
  20
1138.072998
  0
POINT
  8
3
  10
240.700699
  20
1138.429688
  0
POINT
  8
3
  10
243.299286
  20
1138.787842
  0
POINT
  8
3
  10
245.854416
  20
1139.149048
  0
POINT
  8
3
  10
248.372849
  20
1139.515381
  0
POINT
  8
3
  10
250.861374
  20
1139.889038
  0
POINT
  8
3
  10
253.326752
  20
1140.271729
  0
POINT
  8
3
  10
255.775757
  20
1140.665771
  0
POINT
  8
3
  10
258.215149
  20
1141.072876
  0
POINT
  8
3
  10
260.651733
  20
1141.495117
  0
POINT
  8
3
  10
263.092224
  20
1141.934326
  0
POINT
  8
3
  10
265.543457
  20
1142.393066
  0
POINT
  8
3
  10
268.012146
  20
1142.872681
  0
POINT
  8
3
  10
270.505096
  20
1143.375488
  0
POINT
  8
3
  10
273.029053
  20
1143.903442
  0
POINT
  8
3
  10
275.590820
  20
1144.458618
  0
POINT
  8
3
  10
278.197144
  20
1145.042725
  0
POINT
  8
3
  10
280.854797
  20
1145.658203
  0
POINT
  8
3
  10
283.570587
  20
1146.306641
  0
POINT
  8
3
  10
286.351227
  20
1146.990234
  0
POINT
  8
3
  10
289.203522
  20
1147.710938
  0
POINT
  8
3
  10
292.134247
  20
1148.470825
  0
POINT
  8
3
  10
295.150146
  20
1149.271729
  0
POINT
  8
3
  10
298.257996
  20
1150.115723
  0
POINT
  8
3
  10
301.464600
  20
1151.004883
  0
POINT
  8
3
  10
430.945435
  20
1162.871826
  0
POINT
  8
3
  10
432.104065
  20
1150.878296
  0
POINT
  8
3
  10
433.223389
  20
1138.579956
  0
POINT
  8
3
  10
434.319336
  20
1126.031006
  0
POINT
  8
3
  10
435.407898
  20
1113.284912
  0
POINT
  8
3
  10
436.505005
  20
1100.395752
  0
POINT
  8
3
  10
437.626434
  20
1087.417358
  0
POINT
  8
3
  10
438.788208
  20
1074.403564
  0
POINT
  8
3
  10
440.006226
  20
1061.408203
  0
POINT
  8
3
  10
441.296417
  20
1048.485107
  0
POINT
  8
3
  10
442.674622
  20
1035.688232
  0
POINT
  8
3
  10
444.156830
  20
1023.071289
  0
POINT
  8
3
  10
445.758911
  20
1010.688232
  0
POINT
  8
3
  10
447.496704
  20
998.592773
  0
POINT
  8
3
  10
449.386322
  20
986.838867
  0
POINT
  8
3
  10
451.443542
  20
975.480408
  0
POINT
  8
3
  10
453.684265
  20
964.571106
  0
POINT
  8
3
  10
456.124420
  20
954.164917
  0
POINT
  8
3
  10
458.779968
  20
944.315674
  0
POINT
  8
3
  10
461.666779
  20
935.077148
  0
POINT
  8
3
  10
464.800781
  20
926.503296
  0
POINT
  8
3
  10
468.197876
  20
918.647949
  0
POINT
  8
3
  10
471.873962
  20
911.564880
  0
POINT
  8
3
  10
475.845032
  20
905.307983
  0
POINT
  8
3
  10
480.126892
  20
899.931152
  0
POINT
  8
3
  10
484.735474
  20
895.488159
  0
POINT
  8
3
  10
489.686768
  20
892.032898
  0
POINT
  8
3
  10
494.996643
  20
889.619202
  0
POINT
  8
3
  10
497.640808
  20
885.149048
  0
POINT
  8
3
  10
494.661865
  20
882.020813
  0
POINT
  8
3
  10
491.740784
  20
878.911987
  0
POINT
  8
3
  10
488.874451
  20
875.818481
  0
POINT
  8
3
  10
486.059692
  20
872.736267
  0
POINT
  8
3
  10
483.293396
  20
869.661194
  0
POINT
  8
3
  10
480.572266
  20
866.589111
  0
POINT
  8
3
  10
477.893188
  20
863.515930
  0
POINT
  8
3
  10
475.253052
  20
860.437561
  0
POINT
  8
3
  10
472.648590
  20
857.349915
  0
POINT
  8
3
  10
470.076599
  20
854.248840
  0
POINT
  8
3
  10
467.534027
  20
851.130249
  0
POINT
  8
3
  10
465.017578
  20
847.990051
  0
POINT
  8
3
  10
462.524078
  20
844.824097
  0
POINT
  8
3
  10
460.050507
  20
841.628296
  0
POINT
  8
3
  10
457.593506
  20
838.398499
  0
POINT
  8
3
  10
455.149963
  20
835.130676
  0
POINT
  8
3
  10
452.716736
  20
831.820679
  0
POINT
  8
3
  10
450.290619
  20
828.464417
  0
POINT
  8
3
  10
447.868408
  20
825.057739
  0
POINT
  8
3
  10
445.447021
  20
821.596558
  0
POINT
  8
3
  10
443.023132
  20
818.076782
  0
POINT
  8
3
  10
440.593719
  20
814.494263
  0
POINT
  8
3
  10
438.155518
  20
810.844971
  0
POINT
  8
3
  10
435.705322
  20
807.124695
  0
POINT
  8
3
  10
433.240051
  20
803.329407
  0
POINT
  8
3
  10
430.756470
  20
799.454956
  0
POINT
  8
3
  10
428.251404
  20
795.497192
  0
POINT
  8
3
  10
422.185974
  20
785.725281
  0
POINT
  8
3
  10
418.732788
  20
780.047729
  0
POINT
  8
3
  10
415.361389
  20
774.413940
  0
POINT
  8
3
  10
412.071045
  20
768.818359
  0
POINT
  8
3
  10
408.861053
  20
763.255432
  0
POINT
  8
3
  10
405.730896
  20
757.719543
  0
POINT
  8
3
  10
402.679596
  20
752.205200
  0
POINT
  8
3
  10
399.706604
  20
746.706848
  0
POINT
  8
3
  10
396.811279
  20
741.218933
  0
POINT
  8
3
  10
393.992767
  20
735.735901
  0
POINT
  8
3
  10
391.250427
  20
730.252258
  0
POINT
  8
3
  10
388.583649
  20
724.762329
  0
POINT
  8
3
  10
385.991638
  20
719.260681
  0
POINT
  8
3
  10
383.473633
  20
713.741699
  0
POINT
  8
3
  10
381.029083
  20
708.199890
  0
POINT
  8
3
  10
378.657196
  20
702.629639
  0
POINT
  8
3
  10
376.357300
  20
697.025391
  0
POINT
  8
3
  10
374.128662
  20
691.381714
  0
POINT
  8
3
  10
371.970642
  20
685.692932
  0
POINT
  8
3
  10
369.882446
  20
679.953491
  0
POINT
  8
3
  10
367.863464
  20
674.157959
  0
POINT
  8
3
  10
365.912964
  20
668.300659
  0
POINT
  8
3
  10
364.030212
  20
662.376099
  0
POINT
  8
3
  10
362.214569
  20
656.378784
  0
POINT
  8
3
  10
360.465271
  20
650.303040
  0
POINT
  8
3
  10
358.781677
  20
644.143372
  0
POINT
  8
3
  10
357.163025
  20
637.894287
  0
POINT
  8
3
  10
355.608673
  20
631.550171
  0
POINT
  8
3
  10
63.392670
  20
304.295349
  0
POINT
  8
3
  10
63.707291
  20
315.223297
  0
POINT
  8
3
  10
64.026047
  20
327.605743
  0
POINT
  8
3
  10
64.332932
  20
341.354736
  0
POINT
  8
3
  10
64.611954
  20
356.382355
  0
POINT
  8
3
  10
64.847061
  20
372.600708
  0
POINT
  8
3
  10
65.022385
  20
389.922150
  0
POINT
  8
3
  10
65.121857
  20
408.258667
  0
POINT
  8
3
  10
65.129501
  20
427.522308
  0
POINT
  8
3
  10
65.029327
  20
447.625397
  0
POINT
  8
3
  10
64.805405
  20
468.480042
  0
POINT
  8
3
  10
64.441635
  20
489.998291
  0
POINT
  8
3
  10
63.922150
  20
512.092407
  0
POINT
  8
3
  10
63.230942
  20
534.674500
  0
POINT
  8
3
  10
62.351944
  20
557.656616
  0
POINT
  8
3
  10
61.269241
  20
580.951050
  0
POINT
  8
3
  10
59.966827
  20
604.469849
  0
POINT
  8
3
  10
58.428726
  20
628.125122
  0
POINT
  8
3
  10
56.638931
  20
651.829102
  0
POINT
  8
3
  10
54.581482
  20
675.493958
  0
POINT
  8
3
  10
52.240341
  20
699.031616
  0
POINT
  8
3
  10
49.599579
  20
722.354492
  0
POINT
  8
3
  10
46.643173
  20
745.374634
  0
POINT
  8
3
  10
43.355209
  20
768.004089
  0
POINT
  8
3
  10
39.719604
  20
790.155090
  0
POINT
  8
3
  10
35.720398
  20
811.739807
  0
POINT
  8
3
  10
31.341644
  20
832.670288
  0
POINT
  8
3
  10
26.567291
  20
852.858765
  0
POINT
  8
3
  10
20.832550
  20
874.151001
  0
POINT
  8
3
  10
20.275101
  20
876.083191
  0
POINT
  8
3
  10
19.709198
  20
878.013306
  0
POINT
  8
3
  10
19.134918
  20
879.940918
  0
POINT
  8
3
  10
18.552429
  20
881.865479
  0
POINT
  8
3
  10
17.961655
  20
883.786682
  0
POINT
  8
3
  10
17.362885
  20
885.703857
  0
POINT
  8
3
  10
16.756104
  20
887.616577
  0
POINT
  8
3
  10
16.141418
  20
889.524475
  0
POINT
  8
3
  10
15.518982
  20
891.426880
  0
POINT
  8
3
  10
14.888855
  20
893.323486
  0
POINT
  8
3
  10
14.251038
  20
895.213745
  0
POINT
  8
3
  10
13.605804
  20
897.097229
  0
POINT
  8
3
  10
12.953186
  20
898.973267
  0
POINT
  8
3
  10
12.293182
  20
900.841675
  0
POINT
  8
3
  10
11.626007
  20
902.701721
  0
POINT
  8
3
  10
10.951691
  20
904.553101
  0
POINT
  8
3
  10
10.270416
  20
906.395203
  0
POINT
  8
3
  10
9.582169
  20
908.227600
  0
POINT
  8
3
  10
8.887115
  20
910.049866
  0
POINT
  8
3
  10
8.185287
  20
911.861450
  0
POINT
  8
3
  10
7.476852
  20
913.661865
  0
POINT
  8
3
  10
6.761856
  20
915.450745
  0
POINT
  8
3
  10
6.040436
  20
917.227478
  0
POINT
  8
3
  10
5.312668
  20
918.991638
  0
POINT
  8
3
  10
4.578644
  20
920.742798
  0
POINT
  8
3
  10
3.838470
  20
922.480347
  0
POINT
  8
3
  10
3.092239
  20
924.203918
  0
POINT
  8
3
  10
5.119705
  20
929.401123
  0
POINT
  8
3
  10
7.738678
  20
933.244263
  0
POINT
  8
3
  10
10.203064
  20
937.428406
  0
POINT
  8
3
  10
12.518753
  20
941.939331
  0
POINT
  8
3
  10
14.691742
  20
946.763062
  0
POINT
  8
3
  10
16.727875
  20
951.885498
  0
POINT
  8
3
  10
18.633286
  20
957.292419
  0
POINT
  8
3
  10
20.413834
  20
962.969849
  0
POINT
  8
3
  10
22.075409
  20
968.903687
  0
POINT
  8
3
  10
23.624146
  20
975.079834
  0
POINT
  8
3
  10
25.065887
  20
981.484192
  0
POINT
  8
3
  10
26.406601
  20
988.102661
  0
POINT
  8
3
  10
27.652328
  20
994.921204
  0
POINT
  8
3
  10
28.808975
  20
1001.925598
  0
POINT
  8
3
  10
29.882446
  20
1009.101868
  0
POINT
  8
3
  10
30.878815
  20
1016.435852
  0
POINT
  8
3
  10
31.803955
  20
1023.913513
  0
POINT
  8
3
  10
32.663864
  20
1031.520752
  0
POINT
  8
3
  10
33.464478
  20
1039.243408
  0
POINT
  8
3
  10
34.211823
  20
1047.067505
  0
POINT
  8
3
  10
34.911789
  20
1054.978882
  0
POINT
  8
3
  10
35.570389
  20
1062.963379
  0
POINT
  8
3
  10
36.193527
  20
1071.007080
  0
POINT
  8
3
  10
36.787231
  20
1079.095703
  0
POINT
  8
3
  10
37.357376
  20
1087.215210
  0
POINT
  8
3
  10
37.910019
  20
1095.351563
  0
POINT
  8
3
  10
38.451065
  20
1103.490723
  0
POINT
  8
3
  10
38.986496
  20
1111.618408
  0
POLYLINE
  8
84
  66
1
  70
1
  250
2
  0
VERTEX
  8
84
  10
39.522247
  20
1119.720703
  0
VERTEX
  8
84
  10
93.417435
  20
1115.122192
  0
VERTEX
  8
84
  10
129.934616
  20
1114.770386
  0
VERTEX
  8
84
  10
188.820465
  20
1130.466553
  0
VERTEX
  8
84
  10
215.935165
  20
1054.389038
  0
VERTEX
  8
84
  10
226.818909
  20
1136.617432
  0
VERTEX
  8
84
  10
255.416351
  20
1140.253418
  0
VERTEX
  8
84
  10
272.227966
  20
1142.656860
  0
VERTEX
  8
84
  10
304.776733
  20
1151.941040
  0
VERTEX
  8
84
  10
301.922241
  20
1030.515137
  0
VERTEX
  8
84
  10
341.303894
  20
1157.752319
  0
VERTEX
  8
84
  10
429.731750
  20
1174.507080
  0
VERTEX
  8
84
  10
441.782349
  20
1063.940552
  0
VERTEX
  8
84
  10
443.870972
  20
895.576172
  0
VERTEX
  8
84
  10
500.680969
  20
888.300964
  0
VERTEX
  8
84
  10
470.987549
  20
857.705872
  0
VERTEX
  8
84
  10
450.304993
  20
830.990234
  0
VERTEX
  8
84
  10
425.721710
  20
791.452087
  0
VERTEX
  8
84
  10
391.142273
  20
735.836792
  0
VERTEX
  8
84
  10
368.223816
  20
687.908081
  0
VERTEX
  8
84
  10
354.117889
  20
625.105469
  0
VERTEX
  8
84
  10
310.010376
  20
285.278290
  0
VERTEX
  8
84
  10
63.098068
  20
294.909485
  0
VERTEX
  8
84
  10
65.797012
  20
377.901672
  0
VERTEX
  8
84
  10
73.552216
  20
689.378845
  0
VERTEX
  8
84
  10
21.381424
  20
872.217285
  0
VERTEX
  8
84
  10
16.117233
  20
890.915771
  0
VERTEX
  8
84
  10
9.639832
  20
909.463379
  0
VERTEX
  8
84
  10
2.340027
  20
925.913025
  0
VERTEX
  8
84
  10
30.005447
  20
957.869995
  0
VERTEX
  8
84
  10
34.322388
  20
1041.567139
  0
SEQEND
  0
POINT
  8
2
  10
39.522247
  20
1119.720703
  0
POINT
  8
2
  10
188.820465
  20
1130.466553
  0
POINT
  8
2
  10
215.935165
  20
1054.389038
  0
POINT
  8
2
  10
226.818909
  20
1136.617432
  0
POINT
  8
2
  10
304.776733
  20
1151.941040
  0
POINT
  8
2
  10
301.922241
  20
1030.515137
  0
POINT
  8
2
  10
341.303894
  20
1157.752319
  0
POINT
  8
2
  10
429.731750
  20
1174.507080
  0
POINT
  8
2
  10
500.680969
  20
888.300964
  0
POINT
  8
2
  10
425.721710
  20
791.452087
  0
POINT
  8
2
  10
354.117889
  20
625.105469
  0
POINT
  8
2
  10
310.010376
  20
285.278290
  0
POINT
  8
2
  10
63.098068
  20
294.909485
  0
POINT
  8
2
  10
21.381424
  20
872.217285
  0
POINT
  8
2
  10
2.340027
  20
925.913025
  0
POINT
  8
3
  10
45.037247
  20
1119.260620
  0
POINT
  8
3
  10
50.438034
  20
1118.833740
  0
POINT
  8
3
  10
55.734406
  20
1118.442993
  0
POINT
  8
3
  10
60.936157
  20
1118.091187
  0
POINT
  8
3
  10
66.053055
  20
1117.781250
  0
POINT
  8
3
  10
71.094803
  20
1117.516357
  0
POINT
  8
3
  10
76.071259
  20
1117.299072
  0
POINT
  8
3
  10
80.992203
  20
1117.132202
  0
POINT
  8
3
  10
85.867340
  20
1117.019043
  0
POINT
  8
3
  10
90.706512
  20
1116.962402
  0
POINT
  8
3
  10
95.519531
  20
1116.964844
  0
POINT
  8
3
  10
100.316086
  20
1117.029785
  0
POINT
  8
3
  10
105.106003
  20
1117.159668
  0
POINT
  8
3
  10
109.899109
  20
1117.357666
  0
POINT
  8
3
  10
114.705078
  20
1117.626587
  0
POINT
  8
3
  10
119.533737
  20
1117.969482
  0
POINT
  8
3
  10
124.394882
  20
1118.388916
  0
POINT
  8
3
  10
129.298264
  20
1118.888184
  0
POINT
  8
3
  10
134.253677
  20
1119.469971
  0
POINT
  8
3
  10
139.270905
  20
1120.136963
  0
POINT
  8
3
  10
144.359695
  20
1120.892578
  0
POINT
  8
3
  10
149.529861
  20
1121.739502
  0
POINT
  8
3
  10
154.791168
  20
1122.680542
  0
POINT
  8
3
  10
160.153381
  20
1123.718506
  0
POINT
  8
3
  10
165.626297
  20
1124.856689
  0
POINT
  8
3
  10
171.219696
  20
1126.097534
  0
POINT
  8
3
  10
176.943329
  20
1127.444214
  0
POINT
  8
3
  10
182.806992
  20
1128.899658
  0
POINT
  8
3
  10
229.736359
  20
1136.989502
  0
POINT
  8
3
  10
232.576477
  20
1137.354858
  0
POINT
  8
3
  10
235.346069
  20
1137.715332
  0
POINT
  8
3
  10
238.051880
  20
1138.072998
  0
POINT
  8
3
  10
240.700699
  20
1138.429688
  0
POINT
  8
3
  10
243.299286
  20
1138.787842
  0
POINT
  8
3
  10
245.854416
  20
1139.149048
  0
POINT
  8
3
  10
248.372849
  20
1139.515381
  0
POINT
  8
3
  10
250.861374
  20
1139.889038
  0
POINT
  8
3
  10
253.326752
  20
1140.271729
  0
POINT
  8
3
  10
255.775757
  20
1140.665771
  0
POINT
  8
3
  10
258.215149
  20
1141.072876
  0
POINT
  8
3
  10
260.651733
  20
1141.495117
  0
POINT
  8
3
  10
263.092224
  20
1141.934326
  0
POINT
  8
3
  10
265.543457
  20
1142.393066
  0
POINT
  8
3
  10
268.012146
  20
1142.872681
  0
POINT
  8
3
  10
270.505096
  20
1143.375488
  0
POINT
  8
3
  10
273.029053
  20
1143.903442
  0
POINT
  8
3
  10
275.590820
  20
1144.458618
  0
POINT
  8
3
  10
278.197144
  20
1145.042725
  0
POINT
  8
3
  10
280.854797
  20
1145.658203
  0
POINT
  8
3
  10
283.570587
  20
1146.306641
  0
POINT
  8
3
  10
286.351227
  20
1146.990234
  0
POINT
  8
3
  10
289.203522
  20
1147.710938
  0
POINT
  8
3
  10
292.134247
  20
1148.470825
  0
POINT
  8
3
  10
295.150146
  20
1149.271729
  0
POINT
  8
3
  10
298.257996
  20
1150.115723
  0
POINT
  8
3
  10
301.464600
  20
1151.004883
  0
POINT
  8
3
  10
430.945435
  20
1162.871826
  0
POINT
  8
3
  10
432.104065
  20
1150.878296
  0
POINT
  8
3
  10
433.223389
  20
1138.579956
  0
POINT
  8
3
  10
434.319336
  20
1126.031006
  0
POINT
  8
3
  10
435.407898
  20
1113.284912
  0
POINT
  8
3
  10
436.505005
  20
1100.395752
  0
POINT
  8
3
  10
437.626434
  20
1087.417358
  0
POINT
  8
3
  10
438.788208
  20
1074.403564
  0
POINT
  8
3
  10
440.006226
  20
1061.408203
  0
POINT
  8
3
  10
441.296417
  20
1048.485107
  0
POINT
  8
3
  10
442.674622
  20
1035.688232
  0
POINT
  8
3
  10
444.156830
  20
1023.071289
  0
POINT
  8
3
  10
445.758911
  20
1010.688232
  0
POINT
  8
3
  10
447.496704
  20
998.592773
  0
POINT
  8
3
  10
449.386322
  20
986.838867
  0
POINT
  8
3
  10
451.443542
  20
975.480408
  0
POINT
  8
3
  10
453.684265
  20
964.571106
  0
POINT
  8
3
  10
456.124420
  20
954.164917
  0
POINT
  8
3
  10
458.779968
  20
944.315674
  0
POINT
  8
3
  10
461.666779
  20
935.077148
  0
POINT
  8
3
  10
464.800781
  20
926.503296
  0
POINT
  8
3
  10
468.197876
  20
918.647949
  0
POINT
  8
3
  10
471.873962
  20
911.564880
  0
POINT
  8
3
  10
475.845032
  20
905.307983
  0
POINT
  8
3
  10
480.126892
  20
899.931152
  0
POINT
  8
3
  10
484.735474
  20
895.488159
  0
POINT
  8
3
  10
489.686768
  20
892.032898
  0
POINT
  8
3
  10
494.996643
  20
889.619202
  0
POINT
  8
3
  10
497.640808
  20
885.149048
  0
POINT
  8
3
  10
494.661865
  20
882.020813
  0
POINT
  8
3
  10
491.740784
  20
878.911987
  0
POINT
  8
3
  10
488.874451
  20
875.818481
  0
POINT
  8
3
  10
486.059692
  20
872.736267
  0
POINT
  8
3
  10
483.293396
  20
869.661194
  0
POINT
  8
3
  10
480.572266
  20
866.589111
  0
POINT
  8
3
  10
477.893188
  20
863.515930
  0
POINT
  8
3
  10
475.253052
  20
860.437561
  0
POINT
  8
3
  10
472.648590
  20
857.349915
  0
POINT
  8
3
  10
470.076599
  20
854.248840
  0
POINT
  8
3
  10
467.534027
  20
851.130249
  0
POINT
  8
3
  10
465.017578
  20
847.990051
  0
POINT
  8
3
  10
462.524078
  20
844.824097
  0
POINT
  8
3
  10
460.050507
  20
841.628296
  0
POINT
  8
3
  10
457.593506
  20
838.398499
  0
POINT
  8
3
  10
455.149963
  20
835.130676
  0
POINT
  8
3
  10
452.716736
  20
831.820679
  0
POINT
  8
3
  10
450.290619
  20
828.464417
  0
POINT
  8
3
  10
447.868408
  20
825.057739
  0
POINT
  8
3
  10
445.447021
  20
821.596558
  0
POINT
  8
3
  10
443.023132
  20
818.076782
  0
POINT
  8
3
  10
440.593719
  20
814.494263
  0
POINT
  8
3
  10
438.155518
  20
810.844971
  0
POINT
  8
3
  10
435.705322
  20
807.124695
  0
POINT
  8
3
  10
433.240051
  20
803.329407
  0
POINT
  8
3
  10
430.756470
  20
799.454956
  0
POINT
  8
3
  10
428.251404
  20
795.497192
  0
POINT
  8
3
  10
422.185974
  20
785.725281
  0
POINT
  8
3
  10
418.732788
  20
780.047729
  0
POINT
  8
3
  10
415.361389
  20
774.413940
  0
POINT
  8
3
  10
412.071045
  20
768.818359
  0
POINT
  8
3
  10
408.861053
  20
763.255432
  0
POINT
  8
3
  10
405.730896
  20
757.719543
  0
POINT
  8
3
  10
402.679596
  20
752.205200
  0
POINT
  8
3
  10
399.706604
  20
746.706848
  0
POINT
  8
3
  10
396.811279
  20
741.218933
  0
POINT
  8
3
  10
393.992767
  20
735.735901
  0
POINT
  8
3
  10
391.250427
  20
730.252258
  0
POINT
  8
3
  10
388.583649
  20
724.762329
  0
POINT
  8
3
  10
385.991638
  20
719.260681
  0
POINT
  8
3
  10
383.473633
  20
713.741699
  0
POINT
  8
3
  10
381.029083
  20
708.199890
  0
POINT
  8
3
  10
378.657196
  20
702.629639
  0
POINT
  8
3
  10
376.357300
  20
697.025391
  0
POINT
  8
3
  10
374.128662
  20
691.381714
  0
POINT
  8
3
  10
371.970642
  20
685.692932
  0
POINT
  8
3
  10
369.882446
  20
679.953491
  0
POINT
  8
3
  10
367.863464
  20
674.157959
  0
POINT
  8
3
  10
365.912964
  20
668.300659
  0
POINT
  8
3
  10
364.030212
  20
662.376099
  0
POINT
  8
3
  10
362.214569
  20
656.378784
  0
POINT
  8
3
  10
360.465271
  20
650.303040
  0
POINT
  8
3
  10
358.781677
  20
644.143372
  0
POINT
  8
3
  10
357.163025
  20
637.894287
  0
POINT
  8
3
  10
355.608673
  20
631.550171
  0
POINT
  8
3
  10
63.392670
  20
304.295349
  0
POINT
  8
3
  10
63.707291
  20
315.223297
  0
POINT
  8
3
  10
64.026047
  20
327.605743
  0
POINT
  8
3
  10
64.332932
  20
341.354736
  0
POINT
  8
3
  10
64.611954
  20
356.382355
  0
POINT
  8
3
  10
64.847061
  20
372.600708
  0
POINT
  8
3
  10
65.022385
  20
389.922150
  0
POINT
  8
3
  10
65.121857
  20
408.258667
  0
POINT
  8
3
  10
65.129501
  20
427.522308
  0
POINT
  8
3
  10
65.029327
  20
447.625397
  0
POINT
  8
3
  10
64.805405
  20
468.480042
  0
POINT
  8
3
  10
64.441635
  20
489.998291
  0
POINT
  8
3
  10
63.922150
  20
512.092407
  0
POINT
  8
3
  10
63.230942
  20
534.674500
  0
POINT
  8
3
  10
62.351944
  20
557.656616
  0
POINT
  8
3
  10
61.269241
  20
580.951050
  0
POINT
  8
3
  10
59.966827
  20
604.469849
  0
POINT
  8
3
  10
58.428726
  20
628.125122
  0
POINT
  8
3
  10
56.638931
  20
651.829102
  0
POINT
  8
3
  10
54.581482
  20
675.493958
  0
POINT
  8
3
  10
52.240341
  20
699.031616
  0
POINT
  8
3
  10
49.599579
  20
722.354492
  0
POINT
  8
3
  10
46.643173
  20
745.374634
  0
POINT
  8
3
  10
43.355209
  20
768.004089
  0
POINT
  8
3
  10
39.719604
  20
790.155090
  0
POINT
  8
3
  10
35.720398
  20
811.739807
  0
POINT
  8
3
  10
31.341644
  20
832.670288
  0
POINT
  8
3
  10
26.567291
  20
852.858765
  0
POINT
  8
3
  10
20.832550
  20
874.151001
  0
POINT
  8
3
  10
20.275101
  20
876.083191
  0
POINT
  8
3
  10
19.709198
  20
878.013306
  0
POINT
  8
3
  10
19.134918
  20
879.940918
  0
POINT
  8
3
  10
18.552429
  20
881.865479
  0
POINT
  8
3
  10
17.961655
  20
883.786682
  0
POINT
  8
3
  10
17.362885
  20
885.703857
  0
POINT
  8
3
  10
16.756104
  20
887.616577
  0
POINT
  8
3
  10
16.141418
  20
889.524475
  0
POINT
  8
3
  10
15.518982
  20
891.426880
  0
POINT
  8
3
  10
14.888855
  20
893.323486
  0
POINT
  8
3
  10
14.251038
  20
895.213745
  0
POINT
  8
3
  10
13.605804
  20
897.097229
  0
POINT
  8
3
  10
12.953186
  20
898.973267
  0
POINT
  8
3
  10
12.293182
  20
900.841675
  0
POINT
  8
3
  10
11.626007
  20
902.701721
  0
POINT
  8
3
  10
10.951691
  20
904.553101
  0
POINT
  8
3
  10
10.270416
  20
906.395203
  0
POINT
  8
3
  10
9.582169
  20
908.227600
  0
POINT
  8
3
  10
8.887115
  20
910.049866
  0
POINT
  8
3
  10
8.185287
  20
911.861450
  0
POINT
  8
3
  10
7.476852
  20
913.661865
  0
POINT
  8
3
  10
6.761856
  20
915.450745
  0
POINT
  8
3
  10
6.040436
  20
917.227478
  0
POINT
  8
3
  10
5.312668
  20
918.991638
  0
POINT
  8
3
  10
4.578644
  20
920.742798
  0
POINT
  8
3
  10
3.838470
  20
922.480347
  0
POINT
  8
3
  10
3.092239
  20
924.203918
  0
POINT
  8
3
  10
5.119705
  20
929.401123
  0
POINT
  8
3
  10
7.738678
  20
933.244263
  0
POINT
  8
3
  10
10.203064
  20
937.428406
  0
POINT
  8
3
  10
12.518753
  20
941.939331
  0
POINT
  8
3
  10
14.691742
  20
946.763062
  0
POINT
  8
3
  10
16.727875
  20
951.885498
  0
POINT
  8
3
  10
18.633286
  20
957.292419
  0
POINT
  8
3
  10
20.413834
  20
962.969849
  0
POINT
  8
3
  10
22.075409
  20
968.903687
  0
POINT
  8
3
  10
23.624146
  20
975.079834
  0
POINT
  8
3
  10
25.065887
  20
981.484192
  0
POINT
  8
3
  10
26.406601
  20
988.102661
  0
POINT
  8
3
  10
27.652328
  20
994.921204
  0
POINT
  8
3
  10
28.808975
  20
1001.925598
  0
POINT
  8
3
  10
29.882446
  20
1009.101868
  0
POINT
  8
3
  10
30.878815
  20
1016.435852
  0
POINT
  8
3
  10
31.803955
  20
1023.913513
  0
POINT
  8
3
  10
32.663864
  20
1031.520752
  0
POINT
  8
3
  10
33.464478
  20
1039.243408
  0
POINT
  8
3
  10
34.211823
  20
1047.067505
  0
POINT
  8
3
  10
34.911789
  20
1054.978882
  0
POINT
  8
3
  10
35.570389
  20
1062.963379
  0
POINT
  8
3
  10
36.193527
  20
1071.007080
  0
POINT
  8
3
  10
36.787231
  20
1079.095703
  0
POINT
  8
3
  10
37.357376
  20
1087.215210
  0
POINT
  8
3
  10
37.910019
  20
1095.351563
  0
POINT
  8
3
  10
38.451065
  20
1103.490723
  0
POINT
  8
3
  10
38.986496
  20
1111.618408
  0
LINE
  8
7
  10
243.228012
  20
640.274597
  11
259.792999
  21
819.510803
  0
ENDBLK
  0
BLOCK
  8
0
  2
Pattern2D_45609_M
  70
64
  10
0
  20
0
  0
TEXT
  8
1
  10
-277.934235
  20
742.484375
  50
0.000000
  51
0.000000
  71
0.000000
  1
PIECE NAME: Pattern2D_45609
  7
STANDARD
  0
TEXT
  8
1
  10
-277.934235
  20
737.484375
  50
0.000000
  51
0.000000
  71
0.000000
  1
SIZE: M
  7
STANDARD
  0
TEXT
  8
1
  10
-277.934235
  20
727.484375
  50
0.000000
  51
0.000000
  71
0.000000
  1
QUANTITY: 1
  7
STANDARD
  0
TEXT
  8
1
  10
-277.934235
  20
727.484375
  40
0.250000
  50
0.000000
  1
ROTATION: 0
  7
STANDARD
  0
POLYLINE
  8
1
  66
1
  70
1
  250
2
  0
VERTEX
  8
1
  10
-65.945969
  20
1132.312500
  0
VERTEX
  8
1
  10
-71.460968
  20
1131.852295
  0
VERTEX
  8
1
  10
-76.861755
  20
1131.425537
  0
VERTEX
  8
1
  10
-82.158127
  20
1131.034668
  0
VERTEX
  8
1
  10
-87.359879
  20
1130.682983
  0
VERTEX
  8
1
  10
-92.476776
  20
1130.373047
  0
VERTEX
  8
1
  10
-97.518524
  20
1130.108154
  0
VERTEX
  8
1
  10
-102.494980
  20
1129.890747
  0
VERTEX
  8
1
  10
-107.415924
  20
1129.723999
  0
VERTEX
  8
1
  10
-112.291061
  20
1129.610840
  0
VERTEX
  8
1
  10
-117.130234
  20
1129.554077
  0
VERTEX
  8
1
  10
-121.943253
  20
1129.556641
  0
VERTEX
  8
1
  10
-126.739807
  20
1129.621582
  0
VERTEX
  8
1
  10
-131.529724
  20
1129.751465
  0
VERTEX
  8
1
  10
-136.322830
  20
1129.949463
  0
VERTEX
  8
1
  10
-141.128799
  20
1130.218384
  0
VERTEX
  8
1
  10
-145.957458
  20
1130.561157
  0
VERTEX
  8
1
  10
-150.818604
  20
1130.980713
  0
VERTEX
  8
1
  10
-155.721985
  20
1131.479858
  0
VERTEX
  8
1
  10
-160.677399
  20
1132.061646
  0
VERTEX
  8
1
  10
-165.694626
  20
1132.728760
  0
VERTEX
  8
1
  10
-170.783417
  20
1133.484375
  0
VERTEX
  8
1
  10
-175.953583
  20
1134.331177
  0
VERTEX
  8
1
  10
-181.214890
  20
1135.272217
  0
VERTEX
  8
1
  10
-186.577103
  20
1136.310303
  0
VERTEX
  8
1
  10
-192.050018
  20
1137.448364
  0
VERTEX
  8
1
  10
-197.643417
  20
1138.689209
  0
VERTEX
  8
1
  10
-203.367050
  20
1140.035889
  0
VERTEX
  8
1
  10
-209.230713
  20
1141.491333
  0
VERTEX
  8
1
  10
-215.244202
  20
1143.058350
  0
VERTEX
  8
1
  10
-215.244202
  20
1143.058350
  0
VERTEX
  8
1
  10
-242.358887
  20
1066.980713
  0
VERTEX
  8
1
  10
-253.242630
  20
1149.209229
  0
VERTEX
  8
1
  10
-256.160065
  20
1149.581177
  0
VERTEX
  8
1
  10
-259.000214
  20
1149.946533
  0
VERTEX
  8
1
  10
-261.769806
  20
1150.307007
  0
VERTEX
  8
1
  10
-264.475616
  20
1150.664673
  0
VERTEX
  8
1
  10
-267.124420
  20
1151.021484
  0
VERTEX
  8
1
  10
-269.723022
  20
1151.379639
  0
VERTEX
  8
1
  10
-272.278137
  20
1151.740723
  0
VERTEX
  8
1
  10
-274.796570
  20
1152.107178
  0
VERTEX
  8
1
  10
-277.285095
  20
1152.480713
  0
VERTEX
  8
1
  10
-279.750458
  20
1152.863525
  0
VERTEX
  8
1
  10
-282.199463
  20
1153.257446
  0
VERTEX
  8
1
  10
-284.638885
  20
1153.664551
  0
VERTEX
  8
1
  10
-287.075439
  20
1154.086792
  0
VERTEX
  8
1
  10
-289.515930
  20
1154.526123
  0
VERTEX
  8
1
  10
-291.967163
  20
1154.984741
  0
VERTEX
  8
1
  10
-294.435852
  20
1155.464355
  0
VERTEX
  8
1
  10
-296.928802
  20
1155.967285
  0
VERTEX
  8
1
  10
-299.452759
  20
1156.495239
  0
VERTEX
  8
1
  10
-302.014526
  20
1157.050293
  0
VERTEX
  8
1
  10
-304.620850
  20
1157.634521
  0
VERTEX
  8
1
  10
-307.278534
  20
1158.249878
  0
VERTEX
  8
1
  10
-309.994293
  20
1158.898438
  0
VERTEX
  8
1
  10
-312.774963
  20
1159.582031
  0
VERTEX
  8
1
  10
-315.627258
  20
1160.302734
  0
VERTEX
  8
1
  10
-318.557953
  20
1161.062500
  0
VERTEX
  8
1
  10
-321.573853
  20
1161.863525
  0
VERTEX
  8
1
  10
-324.681732
  20
1162.707520
  0
VERTEX
  8
1
  10
-327.888306
  20
1163.596558
  0
VERTEX
  8
1
  10
-331.200439
  20
1164.532837
  0
VERTEX
  8
1
  10
-331.200439
  20
1164.532837
  0
VERTEX
  8
1
  10
-328.345978
  20
1043.106934
  0
VERTEX
  8
1
  10
-367.727600
  20
1170.343994
  0
VERTEX
  8
1
  10
-456.155457
  20
1187.098755
  0
VERTEX
  8
1
  10
-457.369171
  20
1175.463623
  0
VERTEX
  8
1
  10
-458.527771
  20
1163.469971
  0
VERTEX
  8
1
  10
-459.647095
  20
1151.171753
  0
VERTEX
  8
1
  10
-460.743073
  20
1138.622681
  0
VERTEX
  8
1
  10
-461.831604
  20
1125.876587
  0
VERTEX
  8
1
  10
-462.928711
  20
1112.987549
  0
VERTEX
  8
1
  10
-464.050171
  20
1100.009155
  0
VERTEX
  8
1
  10
-465.211914
  20
1086.995361
  0
VERTEX
  8
1
  10
-466.429962
  20
1074.000000
  0
VERTEX
  8
1
  10
-467.720154
  20
1061.076904
  0
VERTEX
  8
1
  10
-469.098328
  20
1048.280029
  0
VERTEX
  8
1
  10
-470.580566
  20
1035.663086
  0
VERTEX
  8
1
  10
-472.182617
  20
1023.279968
  0
VERTEX
  8
1
  10
-473.920441
  20
1011.184448
  0
VERTEX
  8
1
  10
-475.810059
  20
999.430664
  0
VERTEX
  8
1
  10
-477.867249
  20
988.072144
  0
VERTEX
  8
1
  10
-480.107971
  20
977.162842
  0
VERTEX
  8
1
  10
-482.548157
  20
966.756653
  0
VERTEX
  8
1
  10
-485.203674
  20
956.907410
  0
VERTEX
  8
1
  10
-488.090515
  20
947.668884
  0
VERTEX
  8
1
  10
-491.224487
  20
939.095093
  0
VERTEX
  8
1
  10
-494.621582
  20
931.239685
  0
VERTEX
  8
1
  10
-498.297699
  20
924.156616
  0
VERTEX
  8
1
  10
-502.268738
  20
917.899719
  0
VERTEX
  8
1
  10
-506.550598
  20
912.522888
  0
VERTEX
  8
1
  10
-511.159210
  20
908.079895
  0
VERTEX
  8
1
  10
-516.110474
  20
904.624634
  0
VERTEX
  8
1
  10
-521.420349
  20
902.210938
  0
VERTEX
  8
1
  10
-527.104736
  20
900.892700
  0
VERTEX
  8
1
  10
-527.104736
  20
900.892700
  0
VERTEX
  8
1
  10
-524.064575
  20
897.740845
  0
VERTEX
  8
1
  10
-521.085571
  20
894.612549
  0
VERTEX
  8
1
  10
-518.164551
  20
891.503723
  0
VERTEX
  8
1
  10
-515.298218
  20
888.410278
  0
VERTEX
  8
1
  10
-512.483398
  20
885.328003
  0
VERTEX
  8
1
  10
-509.717102
  20
882.252930
  0
VERTEX
  8
1
  10
-506.995972
  20
879.180847
  0
VERTEX
  8
1
  10
-504.316895
  20
876.107666
  0
VERTEX
  8
1
  10
-501.676758
  20
873.029297
  0
VERTEX
  8
1
  10
-499.072327
  20
869.941650
  0
VERTEX
  8
1
  10
-496.500336
  20
866.840576
  0
VERTEX
  8
1
  10
-493.957764
  20
863.721985
  0
VERTEX
  8
1
  10
-491.441315
  20
860.581787
  0
VERTEX
  8
1
  10
-488.947815
  20
857.415833
  0
VERTEX
  8
1
  10
-486.474243
  20
854.220032
  0
VERTEX
  8
1
  10
-484.017212
  20
850.990234
  0
VERTEX
  8
1
  10
-481.573700
  20
847.722412
  0
VERTEX
  8
1
  10
-479.140442
  20
844.412415
  0
VERTEX
  8
1
  10
-476.714355
  20
841.056152
  0
VERTEX
  8
1
  10
-474.292145
  20
837.649475
  0
VERTEX
  8
1
  10
-471.870728
  20
834.188293
  0
VERTEX
  8
1
  10
-469.446869
  20
830.668518
  0
VERTEX
  8
1
  10
-467.017456
  20
827.085999
  0
VERTEX
  8
1
  10
-464.579224
  20
823.436707
  0
VERTEX
  8
1
  10
-462.129059
  20
819.716431
  0
VERTEX
  8
1
  10
-459.663757
  20
815.921143
  0
VERTEX
  8
1
  10
-457.180176
  20
812.046631
  0
VERTEX
  8
1
  10
-454.675140
  20
808.088928
  0
VERTEX
  8
1
  10
-452.145447
  20
804.043823
  0
VERTEX
  8
1
  10
-452.145447
  20
804.043823
  0
VERTEX
  8
1
  10
-448.609711
  20
798.317017
  0
VERTEX
  8
1
  10
-445.156525
  20
792.639465
  0
VERTEX
  8
1
  10
-441.785095
  20
787.005676
  0
VERTEX
  8
1
  10
-438.494751
  20
781.410095
  0
VERTEX
  8
1
  10
-435.284790
  20
775.847168
  0
VERTEX
  8
1
  10
-432.154602
  20
770.311279
  0
VERTEX
  8
1
  10
-429.103333
  20
764.796936
  0
VERTEX
  8
1
  10
-426.130341
  20
759.298584
  0
VERTEX
  8
1
  10
-423.234985
  20
753.810669
  0
VERTEX
  8
1
  10
-420.416504
  20
748.327637
  0
VERTEX
  8
1
  10
-417.674164
  20
742.843994
  0
VERTEX
  8
1
  10
-415.007385
  20
737.354065
  0
VERTEX
  8
1
  10
-412.415344
  20
731.852417
  0
VERTEX
  8
1
  10
-409.897339
  20
726.333435
  0
VERTEX
  8
1
  10
-407.452820
  20
720.791626
  0
VERTEX
  8
1
  10
-405.080933
  20
715.221375
  0
VERTEX
  8
1
  10
-402.781006
  20
709.617188
  0
VERTEX
  8
1
  10
-400.552368
  20
703.973450
  0
VERTEX
  8
1
  10
-398.394348
  20
698.284668
  0
VERTEX
  8
1
  10
-396.306152
  20
692.545227
  0
VERTEX
  8
1
  10
-394.287170
  20
686.749695
  0
VERTEX
  8
1
  10
-392.336670
  20
680.892395
  0
VERTEX
  8
1
  10
-390.453949
  20
674.967834
  0
VERTEX
  8
1
  10
-388.638306
  20
668.970459
  0
VERTEX
  8
1
  10
-386.889008
  20
662.894775
  0
VERTEX
  8
1
  10
-385.205383
  20
656.735107
  0
VERTEX
  8
1
  10
-383.586761
  20
650.486023
  0
VERTEX
  8
1
  10
-382.032410
  20
644.141907
  0
VERTEX
  8
1
  10
-380.541626
  20
637.697205
  0
VERTEX
  8
1
  10
-380.541626
  20
637.697205
  0
VERTEX
  8
1
  10
-336.434082
  20
297.870026
  0
VERTEX
  8
1
  10
-89.521790
  20
307.501221
  0
VERTEX
  8
1
  10
-89.816391
  20
316.887085
  0
VERTEX
  8
1
  10
-90.131012
  20
327.815033
  0
VERTEX
  8
1
  10
-90.449768
  20
340.197479
  0
VERTEX
  8
1
  10
-90.756653
  20
353.946472
  0
VERTEX
  8
1
  10
-91.035675
  20
368.974091
  0
VERTEX
  8
1
  10
-91.270782
  20
385.192444
  0
VERTEX
  8
1
  10
-91.446106
  20
402.513885
  0
VERTEX
  8
1
  10
-91.545578
  20
420.850403
  0
VERTEX
  8
1
  10
-91.553223
  20
440.114044
  0
VERTEX
  8
1
  10
-91.453049
  20
460.217133
  0
VERTEX
  8
1
  10
-91.229126
  20
481.071777
  0
VERTEX
  8
1
  10
-90.865356
  20
502.590027
  0
VERTEX
  8
1
  10
-90.345871
  20
524.684143
  0
VERTEX
  8
1
  10
-89.654663
  20
547.266235
  0
VERTEX
  8
1
  10
-88.775665
  20
570.248352
  0
VERTEX
  8
1
  10
-87.692963
  20
593.542725
  0
VERTEX
  8
1
  10
-86.390549
  20
617.061584
  0
VERTEX
  8
1
  10
-84.852448
  20
640.716858
  0
VERTEX
  8
1
  10
-83.062653
  20
664.420837
  0
VERTEX
  8
1
  10
-81.005203
  20
688.085693
  0
VERTEX
  8
1
  10
-78.664063
  20
711.623352
  0
VERTEX
  8
1
  10
-76.023300
  20
734.946228
  0
VERTEX
  8
1
  10
-73.066895
  20
757.966370
  0
VERTEX
  8
1
  10
-69.778931
  20
780.595825
  0
VERTEX
  8
1
  10
-66.143326
  20
802.746826
  0
VERTEX
  8
1
  10
-62.144119
  20
824.331543
  0
VERTEX
  8
1
  10
-57.765366
  20
845.262024
  0
VERTEX
  8
1
  10
-52.991013
  20
865.450439
  0
VERTEX
  8
1
  10
-47.805145
  20
884.809082
  0
VERTEX
  8
1
  10
-47.805145
  20
884.809082
  0
VERTEX
  8
1
  10
-47.256271
  20
886.742737
  0
VERTEX
  8
1
  10
-46.698822
  20
888.674927
  0
VERTEX
  8
1
  10
-46.132919
  20
890.605042
  0
VERTEX
  8
1
  10
-45.558640
  20
892.532593
  0
VERTEX
  8
1
  10
-44.976151
  20
894.457214
  0
VERTEX
  8
1
  10
-44.385376
  20
896.378418
  0
VERTEX
  8
1
  10
-43.786606
  20
898.295593
  0
VERTEX
  8
1
  10
-43.179825
  20
900.208313
  0
VERTEX
  8
1
  10
-42.565140
  20
902.116211
  0
VERTEX
  8
1
  10
-41.942703
  20
904.018677
  0
VERTEX
  8
1
  10
-41.312576
  20
905.915222
  0
VERTEX
  8
1
  10
-40.674759
  20
907.805542
  0
VERTEX
  8
1
  10
-40.029526
  20
909.688965
  0
VERTEX
  8
1
  10
-39.376907
  20
911.565002
  0
VERTEX
  8
1
  10
-38.716904
  20
913.433350
  0
VERTEX
  8
1
  10
-38.049728
  20
915.293457
  0
VERTEX
  8
1
  10
-37.375412
  20
917.144836
  0
VERTEX
  8
1
  10
-36.694138
  20
918.986938
  0
VERTEX
  8
1
  10
-36.005890
  20
920.819336
  0
VERTEX
  8
1
  10
-35.310837
  20
922.641602
  0
VERTEX
  8
1
  10
-34.609009
  20
924.453186
  0
VERTEX
  8
1
  10
-33.900574
  20
926.253662
  0
VERTEX
  8
1
  10
-33.185577
  20
928.042480
  0
VERTEX
  8
1
  10
-32.464157
  20
929.819214
  0
VERTEX
  8
1
  10
-31.736389
  20
931.583374
  0
VERTEX
  8
1
  10
-31.002365
  20
933.334473
  0
VERTEX
  8
1
  10
-30.262192
  20
935.072083
  0
VERTEX
  8
1
  10
-29.515961
  20
936.795654
  0
VERTEX
  8
1
  10
-28.763748
  20
938.504761
  0
VERTEX
  8
1
  10
-28.763748
  20
938.504761
  0
VERTEX
  8
1
  10
-31.543427
  20
941.992859
  0
VERTEX
  8
1
  10
-34.162399
  20
945.836060
  0
VERTEX
  8
1
  10
-36.626785
  20
950.020142
  0
VERTEX
  8
1
  10
-38.942474
  20
954.531067
  0
VERTEX
  8
1
  10
-41.115463
  20
959.354736
  0
VERTEX
  8
1
  10
-43.151596
  20
964.477173
  0
VERTEX
  8
1
  10
-45.057007
  20
969.884155
  0
VERTEX
  8
1
  10
-46.837555
  20
975.561584
  0
VERTEX
  8
1
  10
-48.499130
  20
981.495422
  0
VERTEX
  8
1
  10
-50.047867
  20
987.671570
  0
VERTEX
  8
1
  10
-51.489609
  20
994.075928
  0
VERTEX
  8
1
  10
-52.830322
  20
1000.694458
  0
VERTEX
  8
1
  10
-54.076050
  20
1007.512939
  0
VERTEX
  8
1
  10
-55.232697
  20
1014.517334
  0
VERTEX
  8
1
  10
-56.306168
  20
1021.693604
  0
VERTEX
  8
1
  10
-57.302536
  20
1029.027588
  0
VERTEX
  8
1
  10
-58.227676
  20
1036.505249
  0
VERTEX
  8
1
  10
-59.087585
  20
1044.112549
  0
VERTEX
  8
1
  10
-59.888199
  20
1051.835205
  0
VERTEX
  8
1
  10
-60.635544
  20
1059.659180
  0
VERTEX
  8
1
  10
-61.335510
  20
1067.570557
  0
VERTEX
  8
1
  10
-61.994110
  20
1075.555176
  0
VERTEX
  8
1
  10
-62.617249
  20
1083.598755
  0
VERTEX
  8
1
  10
-63.210953
  20
1091.687378
  0
VERTEX
  8
1
  10
-63.781097
  20
1099.806885
  0
VERTEX
  8
1
  10
-64.333740
  20
1107.943359
  0
VERTEX
  8
1
  10
-64.874786
  20
1116.082397
  0
VERTEX
  8
1
  10
-65.410217
  20
1124.210205
  0
VERTEX
  8
1
  10
-65.945969
  20
1132.312500
  0
SEQEND
  0
POINT
  8
2
  10
-65.945969
  20
1132.312500
  0
POINT
  8
2
  10
-215.244202
  20
1143.058350
  0
POINT
  8
2
  10
-242.358887
  20
1066.980713
  0
POINT
  8
2
  10
-253.242630
  20
1149.209229
  0
POINT
  8
2
  10
-331.200439
  20
1164.532837
  0
POINT
  8
2
  10
-328.345978
  20
1043.106934
  0
POINT
  8
2
  10
-367.727600
  20
1170.343994
  0
POINT
  8
2
  10
-456.155457
  20
1187.098755
  0
POINT
  8
2
  10
-527.104736
  20
900.892700
  0
POINT
  8
2
  10
-452.145447
  20
804.043823
  0
POINT
  8
2
  10
-380.541626
  20
637.697205
  0
POINT
  8
2
  10
-336.434082
  20
297.870026
  0
POINT
  8
2
  10
-89.521790
  20
307.501221
  0
POINT
  8
2
  10
-47.805145
  20
884.809082
  0
POINT
  8
2
  10
-28.763748
  20
938.504761
  0
POINT
  8
3
  10
-71.460968
  20
1131.852295
  0
POINT
  8
3
  10
-76.861755
  20
1131.425537
  0
POINT
  8
3
  10
-82.158127
  20
1131.034668
  0
POINT
  8
3
  10
-87.359879
  20
1130.682983
  0
POINT
  8
3
  10
-92.476776
  20
1130.373047
  0
POINT
  8
3
  10
-97.518524
  20
1130.108154
  0
POINT
  8
3
  10
-102.494980
  20
1129.890747
  0
POINT
  8
3
  10
-107.415924
  20
1129.723999
  0
POINT
  8
3
  10
-112.291061
  20
1129.610840
  0
POINT
  8
3
  10
-117.130234
  20
1129.554077
  0
POINT
  8
3
  10
-121.943253
  20
1129.556641
  0
POINT
  8
3
  10
-126.739807
  20
1129.621582
  0
POINT
  8
3
  10
-131.529724
  20
1129.751465
  0
POINT
  8
3
  10
-136.322830
  20
1129.949463
  0
POINT
  8
3
  10
-141.128799
  20
1130.218384
  0
POINT
  8
3
  10
-145.957458
  20
1130.561157
  0
POINT
  8
3
  10
-150.818604
  20
1130.980713
  0
POINT
  8
3
  10
-155.721985
  20
1131.479858
  0
POINT
  8
3
  10
-160.677399
  20
1132.061646
  0
POINT
  8
3
  10
-165.694626
  20
1132.728760
  0
POINT
  8
3
  10
-170.783417
  20
1133.484375
  0
POINT
  8
3
  10
-175.953583
  20
1134.331177
  0
POINT
  8
3
  10
-181.214890
  20
1135.272217
  0
POINT
  8
3
  10
-186.577103
  20
1136.310303
  0
POINT
  8
3
  10
-192.050018
  20
1137.448364
  0
POINT
  8
3
  10
-197.643417
  20
1138.689209
  0
POINT
  8
3
  10
-203.367050
  20
1140.035889
  0
POINT
  8
3
  10
-209.230713
  20
1141.491333
  0
POINT
  8
3
  10
-256.160065
  20
1149.581177
  0
POINT
  8
3
  10
-259.000214
  20
1149.946533
  0
POINT
  8
3
  10
-261.769806
  20
1150.307007
  0
POINT
  8
3
  10
-264.475616
  20
1150.664673
  0
POINT
  8
3
  10
-267.124420
  20
1151.021484
  0
POINT
  8
3
  10
-269.723022
  20
1151.379639
  0
POINT
  8
3
  10
-272.278137
  20
1151.740723
  0
POINT
  8
3
  10
-274.796570
  20
1152.107178
  0
POINT
  8
3
  10
-277.285095
  20
1152.480713
  0
POINT
  8
3
  10
-279.750458
  20
1152.863525
  0
POINT
  8
3
  10
-282.199463
  20
1153.257446
  0
POINT
  8
3
  10
-284.638885
  20
1153.664551
  0
POINT
  8
3
  10
-287.075439
  20
1154.086792
  0
POINT
  8
3
  10
-289.515930
  20
1154.526123
  0
POINT
  8
3
  10
-291.967163
  20
1154.984741
  0
POINT
  8
3
  10
-294.435852
  20
1155.464355
  0
POINT
  8
3
  10
-296.928802
  20
1155.967285
  0
POINT
  8
3
  10
-299.452759
  20
1156.495239
  0
POINT
  8
3
  10
-302.014526
  20
1157.050293
  0
POINT
  8
3
  10
-304.620850
  20
1157.634521
  0
POINT
  8
3
  10
-307.278534
  20
1158.249878
  0
POINT
  8
3
  10
-309.994293
  20
1158.898438
  0
POINT
  8
3
  10
-312.774963
  20
1159.582031
  0
POINT
  8
3
  10
-315.627258
  20
1160.302734
  0
POINT
  8
3
  10
-318.557953
  20
1161.062500
  0
POINT
  8
3
  10
-321.573853
  20
1161.863525
  0
POINT
  8
3
  10
-324.681732
  20
1162.707520
  0
POINT
  8
3
  10
-327.888306
  20
1163.596558
  0
POINT
  8
3
  10
-457.369171
  20
1175.463623
  0
POINT
  8
3
  10
-458.527771
  20
1163.469971
  0
POINT
  8
3
  10
-459.647095
  20
1151.171753
  0
POINT
  8
3
  10
-460.743073
  20
1138.622681
  0
POINT
  8
3
  10
-461.831604
  20
1125.876587
  0
POINT
  8
3
  10
-462.928711
  20
1112.987549
  0
POINT
  8
3
  10
-464.050171
  20
1100.009155
  0
POINT
  8
3
  10
-465.211914
  20
1086.995361
  0
POINT
  8
3
  10
-466.429962
  20
1074.000000
  0
POINT
  8
3
  10
-467.720154
  20
1061.076904
  0
POINT
  8
3
  10
-469.098328
  20
1048.280029
  0
POINT
  8
3
  10
-470.580566
  20
1035.663086
  0
POINT
  8
3
  10
-472.182617
  20
1023.279968
  0
POINT
  8
3
  10
-473.920441
  20
1011.184448
  0
POINT
  8
3
  10
-475.810059
  20
999.430664
  0
POINT
  8
3
  10
-477.867249
  20
988.072144
  0
POINT
  8
3
  10
-480.107971
  20
977.162842
  0
POINT
  8
3
  10
-482.548157
  20
966.756653
  0
POINT
  8
3
  10
-485.203674
  20
956.907410
  0
POINT
  8
3
  10
-488.090515
  20
947.668884
  0
POINT
  8
3
  10
-491.224487
  20
939.095093
  0
POINT
  8
3
  10
-494.621582
  20
931.239685
  0
POINT
  8
3
  10
-498.297699
  20
924.156616
  0
POINT
  8
3
  10
-502.268738
  20
917.899719
  0
POINT
  8
3
  10
-506.550598
  20
912.522888
  0
POINT
  8
3
  10
-511.159210
  20
908.079895
  0
POINT
  8
3
  10
-516.110474
  20
904.624634
  0
POINT
  8
3
  10
-521.420349
  20
902.210938
  0
POINT
  8
3
  10
-524.064575
  20
897.740845
  0
POINT
  8
3
  10
-521.085571
  20
894.612549
  0
POINT
  8
3
  10
-518.164551
  20
891.503723
  0
POINT
  8
3
  10
-515.298218
  20
888.410278
  0
POINT
  8
3
  10
-512.483398
  20
885.328003
  0
POINT
  8
3
  10
-509.717102
  20
882.252930
  0
POINT
  8
3
  10
-506.995972
  20
879.180847
  0
POINT
  8
3
  10
-504.316895
  20
876.107666
  0
POINT
  8
3
  10
-501.676758
  20
873.029297
  0
POINT
  8
3
  10
-499.072327
  20
869.941650
  0
POINT
  8
3
  10
-496.500336
  20
866.840576
  0
POINT
  8
3
  10
-493.957764
  20
863.721985
  0
POINT
  8
3
  10
-491.441315
  20
860.581787
  0
POINT
  8
3
  10
-488.947815
  20
857.415833
  0
POINT
  8
3
  10
-486.474243
  20
854.220032
  0
POINT
  8
3
  10
-484.017212
  20
850.990234
  0
POINT
  8
3
  10
-481.573700
  20
847.722412
  0
POINT
  8
3
  10
-479.140442
  20
844.412415
  0
POINT
  8
3
  10
-476.714355
  20
841.056152
  0
POINT
  8
3
  10
-474.292145
  20
837.649475
  0
POINT
  8
3
  10
-471.870728
  20
834.188293
  0
POINT
  8
3
  10
-469.446869
  20
830.668518
  0
POINT
  8
3
  10
-467.017456
  20
827.085999
  0
POINT
  8
3
  10
-464.579224
  20
823.436707
  0
POINT
  8
3
  10
-462.129059
  20
819.716431
  0
POINT
  8
3
  10
-459.663757
  20
815.921143
  0
POINT
  8
3
  10
-457.180176
  20
812.046631
  0
POINT
  8
3
  10
-454.675140
  20
808.088928
  0
POINT
  8
3
  10
-448.609711
  20
798.317017
  0
POINT
  8
3
  10
-445.156525
  20
792.639465
  0
POINT
  8
3
  10
-441.785095
  20
787.005676
  0
POINT
  8
3
  10
-438.494751
  20
781.410095
  0
POINT
  8
3
  10
-435.284790
  20
775.847168
  0
POINT
  8
3
  10
-432.154602
  20
770.311279
  0
POINT
  8
3
  10
-429.103333
  20
764.796936
  0
POINT
  8
3
  10
-426.130341
  20
759.298584
  0
POINT
  8
3
  10
-423.234985
  20
753.810669
  0
POINT
  8
3
  10
-420.416504
  20
748.327637
  0
POINT
  8
3
  10
-417.674164
  20
742.843994
  0
POINT
  8
3
  10
-415.007385
  20
737.354065
  0
POINT
  8
3
  10
-412.415344
  20
731.852417
  0
POINT
  8
3
  10
-409.897339
  20
726.333435
  0
POINT
  8
3
  10
-407.452820
  20
720.791626
  0
POINT
  8
3
  10
-405.080933
  20
715.221375
  0
POINT
  8
3
  10
-402.781006
  20
709.617188
  0
POINT
  8
3
  10
-400.552368
  20
703.973450
  0
POINT
  8
3
  10
-398.394348
  20
698.284668
  0
POINT
  8
3
  10
-396.306152
  20
692.545227
  0
POINT
  8
3
  10
-394.287170
  20
686.749695
  0
POINT
  8
3
  10
-392.336670
  20
680.892395
  0
POINT
  8
3
  10
-390.453949
  20
674.967834
  0
POINT
  8
3
  10
-388.638306
  20
668.970459
  0
POINT
  8
3
  10
-386.889008
  20
662.894775
  0
POINT
  8
3
  10
-385.205383
  20
656.735107
  0
POINT
  8
3
  10
-383.586761
  20
650.486023
  0
POINT
  8
3
  10
-382.032410
  20
644.141907
  0
POINT
  8
3
  10
-89.816391
  20
316.887085
  0
POINT
  8
3
  10
-90.131012
  20
327.815033
  0
POINT
  8
3
  10
-90.449768
  20
340.197479
  0
POINT
  8
3
  10
-90.756653
  20
353.946472
  0
POINT
  8
3
  10
-91.035675
  20
368.974091
  0
POINT
  8
3
  10
-91.270782
  20
385.192444
  0
POINT
  8
3
  10
-91.446106
  20
402.513885
  0
POINT
  8
3
  10
-91.545578
  20
420.850403
  0
POINT
  8
3
  10
-91.553223
  20
440.114044
  0
POINT
  8
3
  10
-91.453049
  20
460.217133
  0
POINT
  8
3
  10
-91.229126
  20
481.071777
  0
POINT
  8
3
  10
-90.865356
  20
502.590027
  0
POINT
  8
3
  10
-90.345871
  20
524.684143
  0
POINT
  8
3
  10
-89.654663
  20
547.266235
  0
POINT
  8
3
  10
-88.775665
  20
570.248352
  0
POINT
  8
3
  10
-87.692963
  20
593.542725
  0
POINT
  8
3
  10
-86.390549
  20
617.061584
  0
POINT
  8
3
  10
-84.852448
  20
640.716858
  0
POINT
  8
3
  10
-83.062653
  20
664.420837
  0
POINT
  8
3
  10
-81.005203
  20
688.085693
  0
POINT
  8
3
  10
-78.664063
  20
711.623352
  0
POINT
  8
3
  10
-76.023300
  20
734.946228
  0
POINT
  8
3
  10
-73.066895
  20
757.966370
  0
POINT
  8
3
  10
-69.778931
  20
780.595825
  0
POINT
  8
3
  10
-66.143326
  20
802.746826
  0
POINT
  8
3
  10
-62.144119
  20
824.331543
  0
POINT
  8
3
  10
-57.765366
  20
845.262024
  0
POINT
  8
3
  10
-52.991013
  20
865.450439
  0
POINT
  8
3
  10
-47.256271
  20
886.742737
  0
POINT
  8
3
  10
-46.698822
  20
888.674927
  0
POINT
  8
3
  10
-46.132919
  20
890.605042
  0
POINT
  8
3
  10
-45.558640
  20
892.532593
  0
POINT
  8
3
  10
-44.976151
  20
894.457214
  0
POINT
  8
3
  10
-44.385376
  20
896.378418
  0
POINT
  8
3
  10
-43.786606
  20
898.295593
  0
POINT
  8
3
  10
-43.179825
  20
900.208313
  0
POINT
  8
3
  10
-42.565140
  20
902.116211
  0
POINT
  8
3
  10
-41.942703
  20
904.018677
  0
POINT
  8
3
  10
-41.312576
  20
905.915222
  0
POINT
  8
3
  10
-40.674759
  20
907.805542
  0
POINT
  8
3
  10
-40.029526
  20
909.688965
  0
POINT
  8
3
  10
-39.376907
  20
911.565002
  0
POINT
  8
3
  10
-38.716904
  20
913.433350
  0
POINT
  8
3
  10
-38.049728
  20
915.293457
  0
POINT
  8
3
  10
-37.375412
  20
917.144836
  0
POINT
  8
3
  10
-36.694138
  20
918.986938
  0
POINT
  8
3
  10
-36.005890
  20
920.819336
  0
POINT
  8
3
  10
-35.310837
  20
922.641602
  0
POINT
  8
3
  10
-34.609009
  20
924.453186
  0
POINT
  8
3
  10
-33.900574
  20
926.253662
  0
POINT
  8
3
  10
-33.185577
  20
928.042480
  0
POINT
  8
3
  10
-32.464157
  20
929.819214
  0
POINT
  8
3
  10
-31.736389
  20
931.583374
  0
POINT
  8
3
  10
-31.002365
  20
933.334473
  0
POINT
  8
3
  10
-30.262192
  20
935.072083
  0
POINT
  8
3
  10
-29.515961
  20
936.795654
  0
POINT
  8
3
  10
-31.543427
  20
941.992859
  0
POINT
  8
3
  10
-34.162399
  20
945.836060
  0
POINT
  8
3
  10
-36.626785
  20
950.020142
  0
POINT
  8
3
  10
-38.942474
  20
954.531067
  0
POINT
  8
3
  10
-41.115463
  20
959.354736
  0
POINT
  8
3
  10
-43.151596
  20
964.477173
  0
POINT
  8
3
  10
-45.057007
  20
969.884155
  0
POINT
  8
3
  10
-46.837555
  20
975.561584
  0
POINT
  8
3
  10
-48.499130
  20
981.495422
  0
POINT
  8
3
  10
-50.047867
  20
987.671570
  0
POINT
  8
3
  10
-51.489609
  20
994.075928
  0
POINT
  8
3
  10
-52.830322
  20
1000.694458
  0
POINT
  8
3
  10
-54.076050
  20
1007.512939
  0
POINT
  8
3
  10
-55.232697
  20
1014.517334
  0
POINT
  8
3
  10
-56.306168
  20
1021.693604
  0
POINT
  8
3
  10
-57.302536
  20
1029.027588
  0
POINT
  8
3
  10
-58.227676
  20
1036.505249
  0
POINT
  8
3
  10
-59.087585
  20
1044.112549
  0
POINT
  8
3
  10
-59.888199
  20
1051.835205
  0
POINT
  8
3
  10
-60.635544
  20
1059.659180
  0
POINT
  8
3
  10
-61.335510
  20
1067.570557
  0
POINT
  8
3
  10
-61.994110
  20
1075.555176
  0
POINT
  8
3
  10
-62.617249
  20
1083.598755
  0
POINT
  8
3
  10
-63.210953
  20
1091.687378
  0
POINT
  8
3
  10
-63.781097
  20
1099.806885
  0
POINT
  8
3
  10
-64.333740
  20
1107.943359
  0
POINT
  8
3
  10
-64.874786
  20
1116.082397
  0
POINT
  8
3
  10
-65.410217
  20
1124.210205
  0
POLYLINE
  8
84
  66
1
  70
1
  250
2
  0
VERTEX
  8
84
  10
-65.945969
  20
1132.312500
  0
VERTEX
  8
84
  10
-119.841156
  20
1127.713989
  0
VERTEX
  8
84
  10
-156.358337
  20
1127.362061
  0
VERTEX
  8
84
  10
-215.244202
  20
1143.058350
  0
VERTEX
  8
84
  10
-242.358887
  20
1066.980713
  0
VERTEX
  8
84
  10
-253.242630
  20
1149.209229
  0
VERTEX
  8
84
  10
-281.840088
  20
1152.845215
  0
VERTEX
  8
84
  10
-298.651672
  20
1155.248657
  0
VERTEX
  8
84
  10
-331.200439
  20
1164.532837
  0
VERTEX
  8
84
  10
-328.345978
  20
1043.106934
  0
VERTEX
  8
84
  10
-367.727600
  20
1170.343994
  0
VERTEX
  8
84
  10
-456.155457
  20
1187.098755
  0
VERTEX
  8
84
  10
-468.206055
  20
1076.532227
  0
VERTEX
  8
84
  10
-470.294678
  20
908.167908
  0
VERTEX
  8
84
  10
-527.104736
  20
900.892700
  0
VERTEX
  8
84
  10
-497.411255
  20
870.297607
  0
VERTEX
  8
84
  10
-476.728699
  20
843.581970
  0
VERTEX
  8
84
  10
-452.145447
  20
804.043823
  0
VERTEX
  8
84
  10
-417.565979
  20
748.428528
  0
VERTEX
  8
84
  10
-394.647552
  20
700.499817
  0
VERTEX
  8
84
  10
-380.541626
  20
637.697205
  0
VERTEX
  8
84
  10
-336.434082
  20
297.870026
  0
VERTEX
  8
84
  10
-89.521790
  20
307.501221
  0
VERTEX
  8
84
  10
-92.220734
  20
390.493408
  0
VERTEX
  8
84
  10
-99.975937
  20
701.970581
  0
VERTEX
  8
84
  10
-47.805145
  20
884.809082
  0
VERTEX
  8
84
  10
-42.540955
  20
903.507568
  0
VERTEX
  8
84
  10
-36.063553
  20
922.055115
  0
VERTEX
  8
84
  10
-28.763748
  20
938.504761
  0
VERTEX
  8
84
  10
-56.429169
  20
970.461731
  0
VERTEX
  8
84
  10
-60.746109
  20
1054.158813
  0
SEQEND
  0
POINT
  8
2
  10
-65.945969
  20
1132.312500
  0
POINT
  8
2
  10
-215.244202
  20
1143.058350
  0
POINT
  8
2
  10
-242.358887
  20
1066.980713
  0
POINT
  8
2
  10
-253.242630
  20
1149.209229
  0
POINT
  8
2
  10
-331.200439
  20
1164.532837
  0
POINT
  8
2
  10
-328.345978
  20
1043.106934
  0
POINT
  8
2
  10
-367.727600
  20
1170.343994
  0
POINT
  8
2
  10
-456.155457
  20
1187.098755
  0
POINT
  8
2
  10
-527.104736
  20
900.892700
  0
POINT
  8
2
  10
-452.145447
  20
804.043823
  0
POINT
  8
2
  10
-380.541626
  20
637.697205
  0
POINT
  8
2
  10
-336.434082
  20
297.870026
  0
POINT
  8
2
  10
-89.521790
  20
307.501221
  0
POINT
  8
2
  10
-47.805145
  20
884.809082
  0
POINT
  8
2
  10
-28.763748
  20
938.504761
  0
POINT
  8
3
  10
-71.460968
  20
1131.852295
  0
POINT
  8
3
  10
-76.861755
  20
1131.425537
  0
POINT
  8
3
  10
-82.158127
  20
1131.034668
  0
POINT
  8
3
  10
-87.359879
  20
1130.682983
  0
POINT
  8
3
  10
-92.476776
  20
1130.373047
  0
POINT
  8
3
  10
-97.518524
  20
1130.108154
  0
POINT
  8
3
  10
-102.494980
  20
1129.890747
  0
POINT
  8
3
  10
-107.415924
  20
1129.723999
  0
POINT
  8
3
  10
-112.291061
  20
1129.610840
  0
POINT
  8
3
  10
-117.130234
  20
1129.554077
  0
POINT
  8
3
  10
-121.943253
  20
1129.556641
  0
POINT
  8
3
  10
-126.739807
  20
1129.621582
  0
POINT
  8
3
  10
-131.529724
  20
1129.751465
  0
POINT
  8
3
  10
-136.322830
  20
1129.949463
  0
POINT
  8
3
  10
-141.128799
  20
1130.218384
  0
POINT
  8
3
  10
-145.957458
  20
1130.561157
  0
POINT
  8
3
  10
-150.818604
  20
1130.980713
  0
POINT
  8
3
  10
-155.721985
  20
1131.479858
  0
POINT
  8
3
  10
-160.677399
  20
1132.061646
  0
POINT
  8
3
  10
-165.694626
  20
1132.728760
  0
POINT
  8
3
  10
-170.783417
  20
1133.484375
  0
POINT
  8
3
  10
-175.953583
  20
1134.331177
  0
POINT
  8
3
  10
-181.214890
  20
1135.272217
  0
POINT
  8
3
  10
-186.577103
  20
1136.310303
  0
POINT
  8
3
  10
-192.050018
  20
1137.448364
  0
POINT
  8
3
  10
-197.643417
  20
1138.689209
  0
POINT
  8
3
  10
-203.367050
  20
1140.035889
  0
POINT
  8
3
  10
-209.230713
  20
1141.491333
  0
POINT
  8
3
  10
-256.160065
  20
1149.581177
  0
POINT
  8
3
  10
-259.000214
  20
1149.946533
  0
POINT
  8
3
  10
-261.769806
  20
1150.307007
  0
POINT
  8
3
  10
-264.475616
  20
1150.664673
  0
POINT
  8
3
  10
-267.124420
  20
1151.021484
  0
POINT
  8
3
  10
-269.723022
  20
1151.379639
  0
POINT
  8
3
  10
-272.278137
  20
1151.740723
  0
POINT
  8
3
  10
-274.796570
  20
1152.107178
  0
POINT
  8
3
  10
-277.285095
  20
1152.480713
  0
POINT
  8
3
  10
-279.750458
  20
1152.863525
  0
POINT
  8
3
  10
-282.199463
  20
1153.257446
  0
POINT
  8
3
  10
-284.638885
  20
1153.664551
  0
POINT
  8
3
  10
-287.075439
  20
1154.086792
  0
POINT
  8
3
  10
-289.515930
  20
1154.526123
  0
POINT
  8
3
  10
-291.967163
  20
1154.984741
  0
POINT
  8
3
  10
-294.435852
  20
1155.464355
  0
POINT
  8
3
  10
-296.928802
  20
1155.967285
  0
POINT
  8
3
  10
-299.452759
  20
1156.495239
  0
POINT
  8
3
  10
-302.014526
  20
1157.050293
  0
POINT
  8
3
  10
-304.620850
  20
1157.634521
  0
POINT
  8
3
  10
-307.278534
  20
1158.249878
  0
POINT
  8
3
  10
-309.994293
  20
1158.898438
  0
POINT
  8
3
  10
-312.774963
  20
1159.582031
  0
POINT
  8
3
  10
-315.627258
  20
1160.302734
  0
POINT
  8
3
  10
-318.557953
  20
1161.062500
  0
POINT
  8
3
  10
-321.573853
  20
1161.863525
  0
POINT
  8
3
  10
-324.681732
  20
1162.707520
  0
POINT
  8
3
  10
-327.888306
  20
1163.596558
  0
POINT
  8
3
  10
-457.369171
  20
1175.463623
  0
POINT
  8
3
  10
-458.527771
  20
1163.469971
  0
POINT
  8
3
  10
-459.647095
  20
1151.171753
  0
POINT
  8
3
  10
-460.743073
  20
1138.622681
  0
POINT
  8
3
  10
-461.831604
  20
1125.876587
  0
POINT
  8
3
  10
-462.928711
  20
1112.987549
  0
POINT
  8
3
  10
-464.050171
  20
1100.009155
  0
POINT
  8
3
  10
-465.211914
  20
1086.995361
  0
POINT
  8
3
  10
-466.429962
  20
1074.000000
  0
POINT
  8
3
  10
-467.720154
  20
1061.076904
  0
POINT
  8
3
  10
-469.098328
  20
1048.280029
  0
POINT
  8
3
  10
-470.580566
  20
1035.663086
  0
POINT
  8
3
  10
-472.182617
  20
1023.279968
  0
POINT
  8
3
  10
-473.920441
  20
1011.184448
  0
POINT
  8
3
  10
-475.810059
  20
999.430664
  0
POINT
  8
3
  10
-477.867249
  20
988.072144
  0
POINT
  8
3
  10
-480.107971
  20
977.162842
  0
POINT
  8
3
  10
-482.548157
  20
966.756653
  0
POINT
  8
3
  10
-485.203674
  20
956.907410
  0
POINT
  8
3
  10
-488.090515
  20
947.668884
  0
POINT
  8
3
  10
-491.224487
  20
939.095093
  0
POINT
  8
3
  10
-494.621582
  20
931.239685
  0
POINT
  8
3
  10
-498.297699
  20
924.156616
  0
POINT
  8
3
  10
-502.268738
  20
917.899719
  0
POINT
  8
3
  10
-506.550598
  20
912.522888
  0
POINT
  8
3
  10
-511.159210
  20
908.079895
  0
POINT
  8
3
  10
-516.110474
  20
904.624634
  0
POINT
  8
3
  10
-521.420349
  20
902.210938
  0
POINT
  8
3
  10
-524.064575
  20
897.740845
  0
POINT
  8
3
  10
-521.085571
  20
894.612549
  0
POINT
  8
3
  10
-518.164551
  20
891.503723
  0
POINT
  8
3
  10
-515.298218
  20
888.410278
  0
POINT
  8
3
  10
-512.483398
  20
885.328003
  0
POINT
  8
3
  10
-509.717102
  20
882.252930
  0
POINT
  8
3
  10
-506.995972
  20
879.180847
  0
POINT
  8
3
  10
-504.316895
  20
876.107666
  0
POINT
  8
3
  10
-501.676758
  20
873.029297
  0
POINT
  8
3
  10
-499.072327
  20
869.941650
  0
POINT
  8
3
  10
-496.500336
  20
866.840576
  0
POINT
  8
3
  10
-493.957764
  20
863.721985
  0
POINT
  8
3
  10
-491.441315
  20
860.581787
  0
POINT
  8
3
  10
-488.947815
  20
857.415833
  0
POINT
  8
3
  10
-486.474243
  20
854.220032
  0
POINT
  8
3
  10
-484.017212
  20
850.990234
  0
POINT
  8
3
  10
-481.573700
  20
847.722412
  0
POINT
  8
3
  10
-479.140442
  20
844.412415
  0
POINT
  8
3
  10
-476.714355
  20
841.056152
  0
POINT
  8
3
  10
-474.292145
  20
837.649475
  0
POINT
  8
3
  10
-471.870728
  20
834.188293
  0
POINT
  8
3
  10
-469.446869
  20
830.668518
  0
POINT
  8
3
  10
-467.017456
  20
827.085999
  0
POINT
  8
3
  10
-464.579224
  20
823.436707
  0
POINT
  8
3
  10
-462.129059
  20
819.716431
  0
POINT
  8
3
  10
-459.663757
  20
815.921143
  0
POINT
  8
3
  10
-457.180176
  20
812.046631
  0
POINT
  8
3
  10
-454.675140
  20
808.088928
  0
POINT
  8
3
  10
-448.609711
  20
798.317017
  0
POINT
  8
3
  10
-445.156525
  20
792.639465
  0
POINT
  8
3
  10
-441.785095
  20
787.005676
  0
POINT
  8
3
  10
-438.494751
  20
781.410095
  0
POINT
  8
3
  10
-435.284790
  20
775.847168
  0
POINT
  8
3
  10
-432.154602
  20
770.311279
  0
POINT
  8
3
  10
-429.103333
  20
764.796936
  0
POINT
  8
3
  10
-426.130341
  20
759.298584
  0
POINT
  8
3
  10
-423.234985
  20
753.810669
  0
POINT
  8
3
  10
-420.416504
  20
748.327637
  0
POINT
  8
3
  10
-417.674164
  20
742.843994
  0
POINT
  8
3
  10
-415.007385
  20
737.354065
  0
POINT
  8
3
  10
-412.415344
  20
731.852417
  0
POINT
  8
3
  10
-409.897339
  20
726.333435
  0
POINT
  8
3
  10
-407.452820
  20
720.791626
  0
POINT
  8
3
  10
-405.080933
  20
715.221375
  0
POINT
  8
3
  10
-402.781006
  20
709.617188
  0
POINT
  8
3
  10
-400.552368
  20
703.973450
  0
POINT
  8
3
  10
-398.394348
  20
698.284668
  0
POINT
  8
3
  10
-396.306152
  20
692.545227
  0
POINT
  8
3
  10
-394.287170
  20
686.749695
  0
POINT
  8
3
  10
-392.336670
  20
680.892395
  0
POINT
  8
3
  10
-390.453949
  20
674.967834
  0
POINT
  8
3
  10
-388.638306
  20
668.970459
  0
POINT
  8
3
  10
-386.889008
  20
662.894775
  0
POINT
  8
3
  10
-385.205383
  20
656.735107
  0
POINT
  8
3
  10
-383.586761
  20
650.486023
  0
POINT
  8
3
  10
-382.032410
  20
644.141907
  0
POINT
  8
3
  10
-89.816391
  20
316.887085
  0
POINT
  8
3
  10
-90.131012
  20
327.815033
  0
POINT
  8
3
  10
-90.449768
  20
340.197479
  0
POINT
  8
3
  10
-90.756653
  20
353.946472
  0
POINT
  8
3
  10
-91.035675
  20
368.974091
  0
POINT
  8
3
  10
-91.270782
  20
385.192444
  0
POINT
  8
3
  10
-91.446106
  20
402.513885
  0
POINT
  8
3
  10
-91.545578
  20
420.850403
  0
POINT
  8
3
  10
-91.553223
  20
440.114044
  0
POINT
  8
3
  10
-91.453049
  20
460.217133
  0
POINT
  8
3
  10
-91.229126
  20
481.071777
  0
POINT
  8
3
  10
-90.865356
  20
502.590027
  0
POINT
  8
3
  10
-90.345871
  20
524.684143
  0
POINT
  8
3
  10
-89.654663
  20
547.266235
  0
POINT
  8
3
  10
-88.775665
  20
570.248352
  0
POINT
  8
3
  10
-87.692963
  20
593.542725
  0
POINT
  8
3
  10
-86.390549
  20
617.061584
  0
POINT
  8
3
  10
-84.852448
  20
640.716858
  0
POINT
  8
3
  10
-83.062653
  20
664.420837
  0
POINT
  8
3
  10
-81.005203
  20
688.085693
  0
POINT
  8
3
  10
-78.664063
  20
711.623352
  0
POINT
  8
3
  10
-76.023300
  20
734.946228
  0
POINT
  8
3
  10
-73.066895
  20
757.966370
  0
POINT
  8
3
  10
-69.778931
  20
780.595825
  0
POINT
  8
3
  10
-66.143326
  20
802.746826
  0
POINT
  8
3
  10
-62.144119
  20
824.331543
  0
POINT
  8
3
  10
-57.765366
  20
845.262024
  0
POINT
  8
3
  10
-52.991013
  20
865.450439
  0
POINT
  8
3
  10
-47.256271
  20
886.742737
  0
POINT
  8
3
  10
-46.698822
  20
888.674927
  0
POINT
  8
3
  10
-46.132919
  20
890.605042
  0
POINT
  8
3
  10
-45.558640
  20
892.532593
  0
POINT
  8
3
  10
-44.976151
  20
894.457214
  0
POINT
  8
3
  10
-44.385376
  20
896.378418
  0
POINT
  8
3
  10
-43.786606
  20
898.295593
  0
POINT
  8
3
  10
-43.179825
  20
900.208313
  0
POINT
  8
3
  10
-42.565140
  20
902.116211
  0
POINT
  8
3
  10
-41.942703
  20
904.018677
  0
POINT
  8
3
  10
-41.312576
  20
905.915222
  0
POINT
  8
3
  10
-40.674759
  20
907.805542
  0
POINT
  8
3
  10
-40.029526
  20
909.688965
  0
POINT
  8
3
  10
-39.376907
  20
911.565002
  0
POINT
  8
3
  10
-38.716904
  20
913.433350
  0
POINT
  8
3
  10
-38.049728
  20
915.293457
  0
POINT
  8
3
  10
-37.375412
  20
917.144836
  0
POINT
  8
3
  10
-36.694138
  20
918.986938
  0
POINT
  8
3
  10
-36.005890
  20
920.819336
  0
POINT
  8
3
  10
-35.310837
  20
922.641602
  0
POINT
  8
3
  10
-34.609009
  20
924.453186
  0
POINT
  8
3
  10
-33.900574
  20
926.253662
  0
POINT
  8
3
  10
-33.185577
  20
928.042480
  0
POINT
  8
3
  10
-32.464157
  20
929.819214
  0
POINT
  8
3
  10
-31.736389
  20
931.583374
  0
POINT
  8
3
  10
-31.002365
  20
933.334473
  0
POINT
  8
3
  10
-30.262192
  20
935.072083
  0
POINT
  8
3
  10
-29.515961
  20
936.795654
  0
POINT
  8
3
  10
-31.543427
  20
941.992859
  0
POINT
  8
3
  10
-34.162399
  20
945.836060
  0
POINT
  8
3
  10
-36.626785
  20
950.020142
  0
POINT
  8
3
  10
-38.942474
  20
954.531067
  0
POINT
  8
3
  10
-41.115463
  20
959.354736
  0
POINT
  8
3
  10
-43.151596
  20
964.477173
  0
POINT
  8
3
  10
-45.057007
  20
969.884155
  0
POINT
  8
3
  10
-46.837555
  20
975.561584
  0
POINT
  8
3
  10
-48.499130
  20
981.495422
  0
POINT
  8
3
  10
-50.047867
  20
987.671570
  0
POINT
  8
3
  10
-51.489609
  20
994.075928
  0
POINT
  8
3
  10
-52.830322
  20
1000.694458
  0
POINT
  8
3
  10
-54.076050
  20
1007.512939
  0
POINT
  8
3
  10
-55.232697
  20
1014.517334
  0
POINT
  8
3
  10
-56.306168
  20
1021.693604
  0
POINT
  8
3
  10
-57.302536
  20
1029.027588
  0
POINT
  8
3
  10
-58.227676
  20
1036.505249
  0
POINT
  8
3
  10
-59.087585
  20
1044.112549
  0
POINT
  8
3
  10
-59.888199
  20
1051.835205
  0
POINT
  8
3
  10
-60.635544
  20
1059.659180
  0
POINT
  8
3
  10
-61.335510
  20
1067.570557
  0
POINT
  8
3
  10
-61.994110
  20
1075.555176
  0
POINT
  8
3
  10
-62.617249
  20
1083.598755
  0
POINT
  8
3
  10
-63.210953
  20
1091.687378
  0
POINT
  8
3
  10
-63.781097
  20
1099.806885
  0
POINT
  8
3
  10
-64.333740
  20
1107.943359
  0
POINT
  8
3
  10
-64.874786
  20
1116.082397
  0
POINT
  8
3
  10
-65.410217
  20
1124.210205
  0
LINE
  8
7
  10
-269.651733
  20
652.866272
  11
-286.216736
  21
832.102478
  0
ENDBLK
  0
BLOCK
  8
0
  2
Pattern2D_315665_M
  70
64
  10
0
  20
0
  0
TEXT
  8
1
  10
196.661194
  20
1215.469971
  50
0.000000
  51
0.000000
  71
0.000000
  1
PIECE NAME: Pattern2D_315665
  7
STANDARD
  0
TEXT
  8
1
  10
196.661194
  20
1210.469971
  50
0.000000
  51
0.000000
  71
0.000000
  1
SIZE: M
  7
STANDARD
  0
TEXT
  8
1
  10
196.661194
  20
1200.469971
  50
0.000000
  51
0.000000
  71
0.000000
  1
QUANTITY: 1
  7
STANDARD
  0
TEXT
  8
1
  10
196.661194
  20
1200.469971
  40
0.250000
  50
0.000000
  1
ROTATION: 0
  7
STANDARD
  0
POLYLINE
  8
1
  66
1
  70
1
  250
2
  0
VERTEX
  8
1
  10
44.695923
  20
1165.091553
  0
VERTEX
  8
1
  10
362.317963
  20
1197.144897
  0
VERTEX
  8
1
  10
348.626465
  20
1265.848389
  0
VERTEX
  8
1
  10
31.004425
  20
1233.795044
  0
SEQEND
  0
POINT
  8
2
  10
44.695923
  20
1165.091553
  0
POINT
  8
2
  10
362.317963
  20
1197.144897
  0
POINT
  8
2
  10
348.626465
  20
1265.848389
  0
POINT
  8
2
  10
31.004425
  20
1233.795044
  0
POLYLINE
  8
84
  66
1
  70
1
  250
2
  0
VERTEX
  8
84
  10
44.695923
  20
1165.091553
  0
VERTEX
  8
84
  10
362.317963
  20
1197.144897
  0
VERTEX
  8
84
  10
348.626465
  20
1265.848389
  0
VERTEX
  8
84
  10
31.004425
  20
1233.795044
  0
SEQEND
  0
POINT
  8
2
  10
44.695923
  20
1165.091553
  0
POINT
  8
2
  10
362.317963
  20
1197.144897
  0
POINT
  8
2
  10
348.626465
  20
1265.848389
  0
POINT
  8
2
  10
31.004425
  20
1233.795044
  0
LINE
  8
7
  10
214.250854
  20
1127.205566
  11
179.071533
  21
1303.734375
  0
ENDBLK
  0
BLOCK
  8
0
  2
Pattern2D_315666_M
  70
64
  10
0
  20
0
  0
TEXT
  8
1
  10
-219.577667
  20
1205.968506
  50
0.000000
  51
0.000000
  71
0.000000
  1
PIECE NAME: Pattern2D_315666
  7
STANDARD
  0
TEXT
  8
1
  10
-219.577667
  20
1200.968506
  50
0.000000
  51
0.000000
  71
0.000000
  1
SIZE: M
  7
STANDARD
  0
TEXT
  8
1
  10
-219.577667
  20
1190.968506
  50
0.000000
  51
0.000000
  71
0.000000
  1
QUANTITY: 1
  7
STANDARD
  0
TEXT
  8
1
  10
-219.577667
  20
1190.968506
  40
0.250000
  50
0.000000
  1
ROTATION: 0
  7
STANDARD
  0
POLYLINE
  8
1
  66
1
  70
1
  250
2
  0
VERTEX
  8
1
  10
-67.612396
  20
1155.590088
  0
VERTEX
  8
1
  10
-385.234436
  20
1187.643433
  0
VERTEX
  8
1
  10
-371.542938
  20
1256.346924
  0
VERTEX
  8
1
  10
-53.920898
  20
1224.293579
  0
SEQEND
  0
POINT
  8
2
  10
-67.612396
  20
1155.590088
  0
POINT
  8
2
  10
-385.234436
  20
1187.643433
  0
POINT
  8
2
  10
-371.542938
  20
1256.346924
  0
POINT
  8
2
  10
-53.920898
  20
1224.293579
  0
POLYLINE
  8
84
  66
1
  70
1
  250
2
  0
VERTEX
  8
84
  10
-67.612396
  20
1155.590088
  0
VERTEX
  8
84
  10
-385.234436
  20
1187.643433
  0
VERTEX
  8
84
  10
-371.542938
  20
1256.346924
  0
VERTEX
  8
84
  10
-53.920898
  20
1224.293579
  0
SEQEND
  0
POINT
  8
2
  10
-67.612396
  20
1155.590088
  0
POINT
  8
2
  10
-385.234436
  20
1187.643433
  0
POINT
  8
2
  10
-371.542938
  20
1256.346924
  0
POINT
  8
2
  10
-53.920898
  20
1224.293579
  0
LINE
  8
7
  10
-237.167328
  20
1117.704102
  11
-201.988007
  21
1294.232910
  0
ENDBLK
  0
BLOCK
  8
0
  2
Pattern2D_2222632_M
  70
64
  10
0
  20
0
  0
TEXT
  8
1
  10
-158.326263
  20
1719.132813
  50
0.000000
  51
0.000000
  71
0.000000
  1
PIECE NAME: Pattern2D_2222632
  7
STANDARD
  0
TEXT
  8
1
  10
-158.326263
  20
1714.132813
  50
0.000000
  51
0.000000
  71
0.000000
  1
SIZE: M
  7
STANDARD
  0
TEXT
  8
1
  10
-158.326263
  20
1704.132813
  50
0.000000
  51
0.000000
  71
0.000000
  1
QUANTITY: 1
  7
STANDARD
  0
TEXT
  8
1
  10
-158.326263
  20
1704.132813
  40
0.250000
  50
0.000000
  1
ROTATION: 0
  7
STANDARD
  0
POLYLINE
  8
1
  66
1
  70
1
  250
2
  0
VERTEX
  8
1
  10
-153.501419
  20
1811.871704
  0
VERTEX
  8
1
  10
-163.151123
  20
1811.871704
  0
VERTEX
  8
1
  10
-163.151108
  20
1626.393921
  0
VERTEX
  8
1
  10
-153.501404
  20
1626.393921
  0
SEQEND
  0
POINT
  8
2
  10
-153.501419
  20
1811.871704
  0
POINT
  8
2
  10
-163.151123
  20
1811.871704
  0
POINT
  8
2
  10
-163.151108
  20
1626.393921
  0
POINT
  8
2
  10
-153.501404
  20
1626.393921
  0
POLYLINE
  8
84
  66
1
  70
1
  250
2
  0
VERTEX
  8
84
  10
-153.501419
  20
1811.871704
  0
VERTEX
  8
84
  10
-163.151123
  20
1811.871704
  0
VERTEX
  8
84
  10
-163.151108
  20
1626.393921
  0
VERTEX
  8
84
  10
-153.501404
  20
1626.393921
  0
SEQEND
  0
POINT
  8
2
  10
-153.501419
  20
1811.871704
  0
POINT
  8
2
  10
-163.151123
  20
1811.871704
  0
POINT
  8
2
  10
-163.151108
  20
1626.393921
  0
POINT
  8
2
  10
-153.501404
  20
1626.393921
  0
LINE
  8
7
  10
-158.326279
  20
1809.132813
  11
-158.326248
  21
1629.132813
  0
ENDBLK
  0
BLOCK
  8
0
  2
Pattern2D_2222633_M
  70
64
  10
0
  20
0
  0
TEXT
  8
1
  10
-383.349426
  20
1719.464844
  50
0.000000
  51
0.000000
  71
0.000000
  1
PIECE NAME: Pattern2D_2222633
  7
STANDARD
  0
TEXT
  8
1
  10
-383.349426
  20
1714.464844
  50
0.000000
  51
0.000000
  71
0.000000
  1
SIZE: M
  7
STANDARD
  0
TEXT
  8
1
  10
-383.349426
  20
1704.464844
  50
0.000000
  51
0.000000
  71
0.000000
  1
QUANTITY: 1
  7
STANDARD
  0
TEXT
  8
1
  10
-383.349426
  20
1704.464844
  40
0.250000
  50
0.000000
  1
ROTATION: 0
  7
STANDARD
  0
POLYLINE
  8
1
  66
1
  70
1
  250
2
  0
VERTEX
  8
1
  10
-377.928680
  20
1812.535645
  0
VERTEX
  8
1
  10
-387.578369
  20
1812.535645
  0
VERTEX
  8
1
  10
-388.770142
  20
1626.393921
  0
VERTEX
  8
1
  10
-379.120453
  20
1626.393921
  0
SEQEND
  0
POINT
  8
2
  10
-377.928680
  20
1812.535645
  0
POINT
  8
2
  10
-387.578369
  20
1812.535645
  0
POINT
  8
2
  10
-388.770142
  20
1626.393921
  0
POINT
  8
2
  10
-379.120453
  20
1626.393921
  0
POLYLINE
  8
84
  66
1
  70
1
  250
2
  0
VERTEX
  8
84
  10
-377.928680
  20
1812.535645
  0
VERTEX
  8
84
  10
-387.578369
  20
1812.535645
  0
VERTEX
  8
84
  10
-388.770142
  20
1626.393921
  0
VERTEX
  8
84
  10
-379.120453
  20
1626.393921
  0
SEQEND
  0
POINT
  8
2
  10
-377.928680
  20
1812.535645
  0
POINT
  8
2
  10
-387.578369
  20
1812.535645
  0
POINT
  8
2
  10
-388.770142
  20
1626.393921
  0
POINT
  8
2
  10
-379.120453
  20
1626.393921
  0
LINE
  8
7
  10
-383.349426
  20
1809.464844
  11
-383.349426
  21
1629.464844
  0
ENDBLK
  0
BLOCK
  8
0
  2
Pattern2D_1546981_M
  70
64
  10
0
  20
0
  0
TEXT
  8
1
  10
240.047729
  20
1503.640869
  50
0.000000
  51
0.000000
  71
0.000000
  1
PIECE NAME: Pattern2D_1546981
  7
STANDARD
  0
TEXT
  8
1
  10
240.047729
  20
1498.640869
  50
0.000000
  51
0.000000
  71
0.000000
  1
SIZE: M
  7
STANDARD
  0
TEXT
  8
1
  10
240.047729
  20
1488.640869
  50
0.000000
  51
0.000000
  71
0.000000
  1
QUANTITY: 1
  7
STANDARD
  0
TEXT
  8
1
  10
240.047729
  20
1488.640869
  40
0.250000
  50
0.000000
  1
ROTATION: 0
  7
STANDARD
  0
POLYLINE
  8
1
  66
1
  70
1
  250
2
  0
VERTEX
  8
1
  10
459.161072
  20
1440.472412
  0
VERTEX
  8
1
  10
454.434998
  20
1493.192871
  0
VERTEX
  8
1
  10
445.121582
  20
1494.279297
  0
VERTEX
  8
1
  10
431.080444
  20
1499.299316
  0
VERTEX
  8
1
  10
415.340851
  20
1510.371826
  0
VERTEX
  8
1
  10
408.776825
  20
1517.319580
  0
VERTEX
  8
1
  10
402.774231
  20
1524.726318
  0
VERTEX
  8
1
  10
393.203491
  20
1540.259399
  0
VERTEX
  8
1
  10
389.217163
  20
1548.487671
  0
VERTEX
  8
1
  10
385.884888
  20
1556.962402
  0
VERTEX
  8
1
  10
383.088898
  20
1565.755981
  0
VERTEX
  8
1
  10
382.411011
  20
1568.313721
  0
VERTEX
  8
1
  10
382.101288
  20
1569.600708
  0
VERTEX
  8
1
  10
381.791565
  20
1570.887695
  0
VERTEX
  8
1
  10
381.552002
  20
1572.190674
  0
VERTEX
  8
1
  10
381.312378
  20
1573.493652
  0
VERTEX
  8
1
  10
380.741028
  20
1576.600830
  0
VERTEX
  8
1
  10
380.169678
  20
1579.708130
  0
VERTEX
  8
1
  10
375.313232
  20
1579.218872
  0
VERTEX
  8
1
  10
371.261597
  20
1578.831543
  0
VERTEX
  8
1
  10
364.852966
  20
1578.218994
  0
VERTEX
  8
1
  10
354.951965
  20
1577.410645
  0
VERTEX
  8
1
  10
314.690002
  20
1575.674561
  0
VERTEX
  8
1
  10
277.371826
  20
1574.784546
  0
VERTEX
  8
1
  10
240.047745
  20
1574.514893
  0
VERTEX
  8
1
  10
202.438293
  20
1574.725952
  0
VERTEX
  8
1
  10
164.834778
  20
1575.557373
  0
VERTEX
  8
1
  10
124.678970
  20
1577.524536
  0
VERTEX
  8
1
  10
114.959900
  20
1578.285889
  0
VERTEX
  8
1
  10
108.669189
  20
1578.867798
  0
VERTEX
  8
1
  10
104.692154
  20
1579.235718
  0
VERTEX
  8
1
  10
99.925140
  20
1579.701782
  0
VERTEX
  8
1
  10
99.353622
  20
1576.593750
  0
VERTEX
  8
1
  10
98.782089
  20
1573.485596
  0
VERTEX
  8
1
  10
98.542679
  20
1572.183716
  0
VERTEX
  8
1
  10
98.303299
  20
1570.881836
  0
VERTEX
  8
1
  10
97.993835
  20
1569.595947
  0
VERTEX
  8
1
  10
97.684372
  20
1568.309937
  0
VERTEX
  8
1
  10
97.007095
  20
1565.754395
  0
VERTEX
  8
1
  10
94.210068
  20
1556.957275
  0
VERTEX
  8
1
  10
90.877869
  20
1548.483154
  0
VERTEX
  8
1
  10
86.891541
  20
1540.255249
  0
VERTEX
  8
1
  10
77.320908
  20
1524.723145
  0
VERTEX
  8
1
  10
71.318375
  20
1517.316895
  0
VERTEX
  8
1
  10
64.754395
  20
1510.369629
  0
VERTEX
  8
1
  10
49.014908
  20
1499.298096
  0
VERTEX
  8
1
  10
34.973877
  20
1494.278809
  0
VERTEX
  8
1
  10
25.660492
  20
1493.192871
  0
VERTEX
  8
1
  10
20.934448
  20
1440.472290
  0
VERTEX
  8
1
  10
23.624771
  20
1439.993896
  0
VERTEX
  8
1
  10
27.921661
  20
1438.822510
  0
VERTEX
  8
1
  10
38.098145
  20
1434.135010
  0
VERTEX
  8
1
  10
47.144028
  20
1429.916504
  0
VERTEX
  8
1
  10
51.791306
  20
1428.339111
  0
VERTEX
  8
1
  10
56.642471
  20
1427.807617
  0
VERTEX
  8
1
  10
66.056061
  20
1430.125122
  0
VERTEX
  8
1
  10
74.960175
  20
1434.135010
  0
VERTEX
  8
1
  10
83.836548
  20
1438.254272
  0
VERTEX
  8
1
  10
93.278107
  20
1440.462402
  0
VERTEX
  8
1
  10
102.691956
  20
1438.145020
  0
VERTEX
  8
1
  10
111.596283
  20
1434.135010
  0
VERTEX
  8
1
  10
120.426781
  20
1429.858154
  0
VERTEX
  8
1
  10
129.913742
  20
1427.807739
  0
VERTEX
  8
1
  10
139.382965
  20
1429.938232
  0
VERTEX
  8
1
  10
148.232147
  20
1434.135010
  0
VERTEX
  8
1
  10
157.117218
  20
1438.224609
  0
VERTEX
  8
1
  10
166.549835
  20
1440.462402
  0
VERTEX
  8
1
  10
176.091385
  20
1438.226318
  0
VERTEX
  8
1
  10
185.093933
  20
1434.135010
  0
VERTEX
  8
1
  10
193.913895
  20
1429.916504
  0
VERTEX
  8
1
  10
198.573669
  20
1428.425171
  0
VERTEX
  8
1
  10
203.411636
  20
1427.807617
  0
VERTEX
  8
1
  10
212.683929
  20
1429.916504
  0
VERTEX
  8
1
  10
221.729813
  20
1434.135010
  0
VERTEX
  8
1
  10
232.584778
  20
1439.056641
  0
VERTEX
  8
1
  10
237.107605
  20
1440.228271
  0
VERTEX
  8
1
  10
240.047974
  20
1440.462402
  0
VERTEX
  8
1
  10
242.987885
  20
1440.228271
  0
VERTEX
  8
1
  10
247.510712
  20
1439.056641
  0
VERTEX
  8
1
  10
258.365692
  20
1434.135010
  0
VERTEX
  8
1
  10
267.411560
  20
1429.916504
  0
VERTEX
  8
1
  10
276.683838
  20
1427.807617
  0
VERTEX
  8
1
  10
281.521820
  20
1428.425171
  0
VERTEX
  8
1
  10
286.181580
  20
1429.916504
  0
VERTEX
  8
1
  10
295.001556
  20
1434.135010
  0
VERTEX
  8
1
  10
304.004089
  20
1438.226318
  0
VERTEX
  8
1
  10
313.545654
  20
1440.462402
  0
VERTEX
  8
1
  10
322.978271
  20
1438.224609
  0
VERTEX
  8
1
  10
331.863342
  20
1434.135010
  0
VERTEX
  8
1
  10
340.712524
  20
1429.938232
  0
VERTEX
  8
1
  10
350.181763
  20
1427.807739
  0
VERTEX
  8
1
  10
359.668701
  20
1429.858154
  0
VERTEX
  8
1
  10
368.499207
  20
1434.135010
  0
VERTEX
  8
1
  10
377.403534
  20
1438.145020
  0
VERTEX
  8
1
  10
386.817383
  20
1440.462402
  0
VERTEX
  8
1
  10
396.258942
  20
1438.254272
  0
VERTEX
  8
1
  10
405.135315
  20
1434.135010
  0
VERTEX
  8
1
  10
414.039429
  20
1430.125122
  0
VERTEX
  8
1
  10
423.453003
  20
1427.807617
  0
VERTEX
  8
1
  10
428.304199
  20
1428.339111
  0
VERTEX
  8
1
  10
432.951477
  20
1429.916504
  0
VERTEX
  8
1
  10
441.997345
  20
1434.135010
  0
VERTEX
  8
1
  10
452.173828
  20
1438.822510
  0
VERTEX
  8
1
  10
456.470703
  20
1439.993896
  0
SEQEND
  0
POINT
  8
2
  10
459.161072
  20
1440.472412
  0
POINT
  8
2
  10
454.434998
  20
1493.192871
  0
POINT
  8
2
  10
381.312378
  20
1573.493652
  0
POINT
  8
2
  10
380.169678
  20
1579.708130
  0
POINT
  8
2
  10
99.925140
  20
1579.701782
  0
POINT
  8
2
  10
98.782089
  20
1573.485596
  0
POINT
  8
2
  10
25.660492
  20
1493.192871
  0
POINT
  8
2
  10
20.934448
  20
1440.472290
  0
POINT
  8
3
  10
445.121582
  20
1494.279297
  0
POINT
  8
3
  10
431.080444
  20
1499.299316
  0
POINT
  8
3
  10
415.340851
  20
1510.371826
  0
POINT
  8
3
  10
408.776825
  20
1517.319580
  0
POINT
  8
3
  10
402.774231
  20
1524.726318
  0
POINT
  8
3
  10
393.203491
  20
1540.259399
  0
POINT
  8
3
  10
389.217163
  20
1548.487671
  0
POINT
  8
3
  10
385.884888
  20
1556.962402
  0
POINT
  8
3
  10
383.088898
  20
1565.755981
  0
POINT
  8
3
  10
382.411011
  20
1568.313721
  0
POINT
  8
3
  10
382.101288
  20
1569.600708
  0
POINT
  8
3
  10
381.791565
  20
1570.887695
  0
POINT
  8
3
  10
381.552002
  20
1572.190674
  0
POINT
  8
3
  10
380.741028
  20
1576.600830
  0
POINT
  8
3
  10
375.313232
  20
1579.218872
  0
POINT
  8
3
  10
371.261597
  20
1578.831543
  0
POINT
  8
3
  10
364.852966
  20
1578.218994
  0
POINT
  8
3
  10
354.951965
  20
1577.410645
  0
POINT
  8
3
  10
314.690002
  20
1575.674561
  0
POINT
  8
3
  10
277.371826
  20
1574.784546
  0
POINT
  8
3
  10
240.047745
  20
1574.514893
  0
POINT
  8
3
  10
202.438293
  20
1574.725952
  0
POINT
  8
3
  10
164.834778
  20
1575.557373
  0
POINT
  8
3
  10
124.678970
  20
1577.524536
  0
POINT
  8
3
  10
114.959900
  20
1578.285889
  0
POINT
  8
3
  10
108.669189
  20
1578.867798
  0
POINT
  8
3
  10
104.692154
  20
1579.235718
  0
POINT
  8
3
  10
99.353622
  20
1576.593750
  0
POINT
  8
3
  10
98.542679
  20
1572.183716
  0
POINT
  8
3
  10
98.303299
  20
1570.881836
  0
POINT
  8
3
  10
97.993835
  20
1569.595947
  0
POINT
  8
3
  10
97.684372
  20
1568.309937
  0
POINT
  8
3
  10
97.007095
  20
1565.754395
  0
POINT
  8
3
  10
94.210068
  20
1556.957275
  0
POINT
  8
3
  10
90.877869
  20
1548.483154
  0
POINT
  8
3
  10
86.891541
  20
1540.255249
  0
POINT
  8
3
  10
77.320908
  20
1524.723145
  0
POINT
  8
3
  10
71.318375
  20
1517.316895
  0
POINT
  8
3
  10
64.754395
  20
1510.369629
  0
POINT
  8
3
  10
49.014908
  20
1499.298096
  0
POINT
  8
3
  10
34.973877
  20
1494.278809
  0
POINT
  8
3
  10
23.624771
  20
1439.993896
  0
POINT
  8
3
  10
27.921661
  20
1438.822510
  0
POINT
  8
3
  10
38.098145
  20
1434.135010
  0
POINT
  8
3
  10
47.144028
  20
1429.916504
  0
POINT
  8
3
  10
51.791306
  20
1428.339111
  0
POINT
  8
3
  10
56.642471
  20
1427.807617
  0
POINT
  8
3
  10
66.056061
  20
1430.125122
  0
POINT
  8
3
  10
74.960175
  20
1434.135010
  0
POINT
  8
3
  10
83.836548
  20
1438.254272
  0
POINT
  8
3
  10
93.278107
  20
1440.462402
  0
POINT
  8
3
  10
102.691956
  20
1438.145020
  0
POINT
  8
3
  10
111.596283
  20
1434.135010
  0
POINT
  8
3
  10
120.426781
  20
1429.858154
  0
POINT
  8
3
  10
129.913742
  20
1427.807739
  0
POINT
  8
3
  10
139.382965
  20
1429.938232
  0
POINT
  8
3
  10
148.232147
  20
1434.135010
  0
POINT
  8
3
  10
157.117218
  20
1438.224609
  0
POINT
  8
3
  10
166.549835
  20
1440.462402
  0
POINT
  8
3
  10
176.091385
  20
1438.226318
  0
POINT
  8
3
  10
185.093933
  20
1434.135010
  0
POINT
  8
3
  10
193.913895
  20
1429.916504
  0
POINT
  8
3
  10
198.573669
  20
1428.425171
  0
POINT
  8
3
  10
203.411636
  20
1427.807617
  0
POINT
  8
3
  10
212.683929
  20
1429.916504
  0
POINT
  8
3
  10
221.729813
  20
1434.135010
  0
POINT
  8
3
  10
232.584778
  20
1439.056641
  0
POINT
  8
3
  10
237.107605
  20
1440.228271
  0
POINT
  8
3
  10
240.047974
  20
1440.462402
  0
POINT
  8
3
  10
242.987885
  20
1440.228271
  0
POINT
  8
3
  10
247.510712
  20
1439.056641
  0
POINT
  8
3
  10
258.365692
  20
1434.135010
  0
POINT
  8
3
  10
267.411560
  20
1429.916504
  0
POINT
  8
3
  10
276.683838
  20
1427.807617
  0
POINT
  8
3
  10
281.521820
  20
1428.425171
  0
POINT
  8
3
  10
286.181580
  20
1429.916504
  0
POINT
  8
3
  10
295.001556
  20
1434.135010
  0
POINT
  8
3
  10
304.004089
  20
1438.226318
  0
POINT
  8
3
  10
313.545654
  20
1440.462402
  0
POINT
  8
3
  10
322.978271
  20
1438.224609
  0
POINT
  8
3
  10
331.863342
  20
1434.135010
  0
POINT
  8
3
  10
340.712524
  20
1429.938232
  0
POINT
  8
3
  10
350.181763
  20
1427.807739
  0
POINT
  8
3
  10
359.668701
  20
1429.858154
  0
POINT
  8
3
  10
368.499207
  20
1434.135010
  0
POINT
  8
3
  10
377.403534
  20
1438.145020
  0
POINT
  8
3
  10
386.817383
  20
1440.462402
  0
POINT
  8
3
  10
396.258942
  20
1438.254272
  0
POINT
  8
3
  10
405.135315
  20
1434.135010
  0
POINT
  8
3
  10
414.039429
  20
1430.125122
  0
POINT
  8
3
  10
423.453003
  20
1427.807617
  0
POINT
  8
3
  10
428.304199
  20
1428.339111
  0
POINT
  8
3
  10
432.951477
  20
1429.916504
  0
POINT
  8
3
  10
441.997345
  20
1434.135010
  0
POINT
  8
3
  10
452.173828
  20
1438.822510
  0
POINT
  8
3
  10
456.470703
  20
1439.993896
  0
POLYLINE
  8
84
  66
1
  70
1
  250
2
  0
VERTEX
  8
84
  10
459.161072
  20
1440.472412
  0
VERTEX
  8
84
  10
454.434998
  20
1493.192871
  0
VERTEX
  8
84
  10
445.121582
  20
1494.279297
  0
VERTEX
  8
84
  10
431.080444
  20
1499.299316
  0
VERTEX
  8
84
  10
415.340851
  20
1510.371826
  0
VERTEX
  8
84
  10
408.776825
  20
1517.319580
  0
VERTEX
  8
84
  10
402.774231
  20
1524.726318
  0
VERTEX
  8
84
  10
393.203491
  20
1540.259399
  0
VERTEX
  8
84
  10
389.217163
  20
1548.487671
  0
VERTEX
  8
84
  10
385.884888
  20
1556.962402
  0
VERTEX
  8
84
  10
383.088898
  20
1565.755981
  0
VERTEX
  8
84
  10
382.411011
  20
1568.313721
  0
VERTEX
  8
84
  10
382.101288
  20
1569.600708
  0
VERTEX
  8
84
  10
381.791565
  20
1570.887695
  0
VERTEX
  8
84
  10
381.552002
  20
1572.190674
  0
VERTEX
  8
84
  10
381.312378
  20
1573.493652
  0
VERTEX
  8
84
  10
380.741028
  20
1576.600830
  0
VERTEX
  8
84
  10
380.169678
  20
1579.708130
  0
VERTEX
  8
84
  10
375.313232
  20
1579.218872
  0
VERTEX
  8
84
  10
371.261597
  20
1578.831543
  0
VERTEX
  8
84
  10
364.852966
  20
1578.218994
  0
VERTEX
  8
84
  10
354.951965
  20
1577.410645
  0
VERTEX
  8
84
  10
314.690002
  20
1575.674561
  0
VERTEX
  8
84
  10
277.371826
  20
1574.784546
  0
VERTEX
  8
84
  10
240.047745
  20
1574.514893
  0
VERTEX
  8
84
  10
202.438293
  20
1574.725952
  0
VERTEX
  8
84
  10
164.834778
  20
1575.557373
  0
VERTEX
  8
84
  10
124.678970
  20
1577.524536
  0
VERTEX
  8
84
  10
114.959900
  20
1578.285889
  0
VERTEX
  8
84
  10
108.669189
  20
1578.867798
  0
VERTEX
  8
84
  10
104.692154
  20
1579.235718
  0
VERTEX
  8
84
  10
99.925140
  20
1579.701782
  0
VERTEX
  8
84
  10
99.353622
  20
1576.593750
  0
VERTEX
  8
84
  10
98.782089
  20
1573.485596
  0
VERTEX
  8
84
  10
98.542679
  20
1572.183716
  0
VERTEX
  8
84
  10
98.303299
  20
1570.881836
  0
VERTEX
  8
84
  10
97.993835
  20
1569.595947
  0
VERTEX
  8
84
  10
97.684372
  20
1568.309937
  0
VERTEX
  8
84
  10
97.007095
  20
1565.754395
  0
VERTEX
  8
84
  10
94.210068
  20
1556.957275
  0
VERTEX
  8
84
  10
90.877869
  20
1548.483154
  0
VERTEX
  8
84
  10
86.891541
  20
1540.255249
  0
VERTEX
  8
84
  10
77.320908
  20
1524.723145
  0
VERTEX
  8
84
  10
71.318375
  20
1517.316895
  0
VERTEX
  8
84
  10
64.754395
  20
1510.369629
  0
VERTEX
  8
84
  10
49.014908
  20
1499.298096
  0
VERTEX
  8
84
  10
34.973877
  20
1494.278809
  0
VERTEX
  8
84
  10
25.660492
  20
1493.192871
  0
VERTEX
  8
84
  10
20.934448
  20
1440.472290
  0
VERTEX
  8
84
  10
23.624771
  20
1439.993896
  0
VERTEX
  8
84
  10
27.921661
  20
1438.822510
  0
VERTEX
  8
84
  10
38.098145
  20
1434.135010
  0
VERTEX
  8
84
  10
47.144028
  20
1429.916504
  0
VERTEX
  8
84
  10
51.791306
  20
1428.339111
  0
VERTEX
  8
84
  10
56.642471
  20
1427.807617
  0
VERTEX
  8
84
  10
66.056061
  20
1430.125122
  0
VERTEX
  8
84
  10
74.960175
  20
1434.135010
  0
VERTEX
  8
84
  10
83.836548
  20
1438.254272
  0
VERTEX
  8
84
  10
93.278107
  20
1440.462402
  0
VERTEX
  8
84
  10
102.691956
  20
1438.145020
  0
VERTEX
  8
84
  10
111.596283
  20
1434.135010
  0
VERTEX
  8
84
  10
120.426781
  20
1429.858154
  0
VERTEX
  8
84
  10
129.913742
  20
1427.807739
  0
VERTEX
  8
84
  10
139.382965
  20
1429.938232
  0
VERTEX
  8
84
  10
148.232147
  20
1434.135010
  0
VERTEX
  8
84
  10
157.117218
  20
1438.224609
  0
VERTEX
  8
84
  10
166.549835
  20
1440.462402
  0
VERTEX
  8
84
  10
176.091385
  20
1438.226318
  0
VERTEX
  8
84
  10
185.093933
  20
1434.135010
  0
VERTEX
  8
84
  10
193.913895
  20
1429.916504
  0
VERTEX
  8
84
  10
198.573669
  20
1428.425171
  0
VERTEX
  8
84
  10
203.411636
  20
1427.807617
  0
VERTEX
  8
84
  10
212.683929
  20
1429.916504
  0
VERTEX
  8
84
  10
221.729813
  20
1434.135010
  0
VERTEX
  8
84
  10
232.584778
  20
1439.056641
  0
VERTEX
  8
84
  10
237.107605
  20
1440.228271
  0
VERTEX
  8
84
  10
240.047974
  20
1440.462402
  0
VERTEX
  8
84
  10
242.987885
  20
1440.228271
  0
VERTEX
  8
84
  10
247.510712
  20
1439.056641
  0
VERTEX
  8
84
  10
258.365692
  20
1434.135010
  0
VERTEX
  8
84
  10
267.411560
  20
1429.916504
  0
VERTEX
  8
84
  10
276.683838
  20
1427.807617
  0
VERTEX
  8
84
  10
281.521820
  20
1428.425171
  0
VERTEX
  8
84
  10
286.181580
  20
1429.916504
  0
VERTEX
  8
84
  10
295.001556
  20
1434.135010
  0
VERTEX
  8
84
  10
304.004089
  20
1438.226318
  0
VERTEX
  8
84
  10
313.545654
  20
1440.462402
  0
VERTEX
  8
84
  10
322.978271
  20
1438.224609
  0
VERTEX
  8
84
  10
331.863342
  20
1434.135010
  0
VERTEX
  8
84
  10
340.712524
  20
1429.938232
  0
VERTEX
  8
84
  10
350.181763
  20
1427.807739
  0
VERTEX
  8
84
  10
359.668701
  20
1429.858154
  0
VERTEX
  8
84
  10
368.499207
  20
1434.135010
  0
VERTEX
  8
84
  10
377.403534
  20
1438.145020
  0
VERTEX
  8
84
  10
386.817383
  20
1440.462402
  0
VERTEX
  8
84
  10
396.258942
  20
1438.254272
  0
VERTEX
  8
84
  10
405.135315
  20
1434.135010
  0
VERTEX
  8
84
  10
414.039429
  20
1430.125122
  0
VERTEX
  8
84
  10
423.453003
  20
1427.807617
  0
VERTEX
  8
84
  10
428.304199
  20
1428.339111
  0
VERTEX
  8
84
  10
432.951477
  20
1429.916504
  0
VERTEX
  8
84
  10
441.997345
  20
1434.135010
  0
VERTEX
  8
84
  10
452.173828
  20
1438.822510
  0
VERTEX
  8
84
  10
456.470703
  20
1439.993896
  0
SEQEND
  0
POINT
  8
2
  10
459.161072
  20
1440.472412
  0
POINT
  8
2
  10
454.434998
  20
1493.192871
  0
POINT
  8
2
  10
381.312378
  20
1573.493652
  0
POINT
  8
2
  10
380.169678
  20
1579.708130
  0
POINT
  8
2
  10
99.925140
  20
1579.701782
  0
POINT
  8
2
  10
98.782089
  20
1573.485596
  0
POINT
  8
2
  10
25.660492
  20
1493.192871
  0
POINT
  8
2
  10
20.934448
  20
1440.472290
  0
POINT
  8
3
  10
445.121582
  20
1494.279297
  0
POINT
  8
3
  10
431.080444
  20
1499.299316
  0
POINT
  8
3
  10
415.340851
  20
1510.371826
  0
POINT
  8
3
  10
408.776825
  20
1517.319580
  0
POINT
  8
3
  10
402.774231
  20
1524.726318
  0
POINT
  8
3
  10
393.203491
  20
1540.259399
  0
POINT
  8
3
  10
389.217163
  20
1548.487671
  0
POINT
  8
3
  10
385.884888
  20
1556.962402
  0
POINT
  8
3
  10
383.088898
  20
1565.755981
  0
POINT
  8
3
  10
382.411011
  20
1568.313721
  0
POINT
  8
3
  10
382.101288
  20
1569.600708
  0
POINT
  8
3
  10
381.791565
  20
1570.887695
  0
POINT
  8
3
  10
381.552002
  20
1572.190674
  0
POINT
  8
3
  10
380.741028
  20
1576.600830
  0
POINT
  8
3
  10
375.313232
  20
1579.218872
  0
POINT
  8
3
  10
371.261597
  20
1578.831543
  0
POINT
  8
3
  10
364.852966
  20
1578.218994
  0
POINT
  8
3
  10
354.951965
  20
1577.410645
  0
POINT
  8
3
  10
314.690002
  20
1575.674561
  0
POINT
  8
3
  10
277.371826
  20
1574.784546
  0
POINT
  8
3
  10
240.047745
  20
1574.514893
  0
POINT
  8
3
  10
202.438293
  20
1574.725952
  0
POINT
  8
3
  10
164.834778
  20
1575.557373
  0
POINT
  8
3
  10
124.678970
  20
1577.524536
  0
POINT
  8
3
  10
114.959900
  20
1578.285889
  0
POINT
  8
3
  10
108.669189
  20
1578.867798
  0
POINT
  8
3
  10
104.692154
  20
1579.235718
  0
POINT
  8
3
  10
99.353622
  20
1576.593750
  0
POINT
  8
3
  10
98.542679
  20
1572.183716
  0
POINT
  8
3
  10
98.303299
  20
1570.881836
  0
POINT
  8
3
  10
97.993835
  20
1569.595947
  0
POINT
  8
3
  10
97.684372
  20
1568.309937
  0
POINT
  8
3
  10
97.007095
  20
1565.754395
  0
POINT
  8
3
  10
94.210068
  20
1556.957275
  0
POINT
  8
3
  10
90.877869
  20
1548.483154
  0
POINT
  8
3
  10
86.891541
  20
1540.255249
  0
POINT
  8
3
  10
77.320908
  20
1524.723145
  0
POINT
  8
3
  10
71.318375
  20
1517.316895
  0
POINT
  8
3
  10
64.754395
  20
1510.369629
  0
POINT
  8
3
  10
49.014908
  20
1499.298096
  0
POINT
  8
3
  10
34.973877
  20
1494.278809
  0
POINT
  8
3
  10
23.624771
  20
1439.993896
  0
POINT
  8
3
  10
27.921661
  20
1438.822510
  0
POINT
  8
3
  10
38.098145
  20
1434.135010
  0
POINT
  8
3
  10
47.144028
  20
1429.916504
  0
POINT
  8
3
  10
51.791306
  20
1428.339111
  0
POINT
  8
3
  10
56.642471
  20
1427.807617
  0
POINT
  8
3
  10
66.056061
  20
1430.125122
  0
POINT
  8
3
  10
74.960175
  20
1434.135010
  0
POINT
  8
3
  10
83.836548
  20
1438.254272
  0
POINT
  8
3
  10
93.278107
  20
1440.462402
  0
POINT
  8
3
  10
102.691956
  20
1438.145020
  0
POINT
  8
3
  10
111.596283
  20
1434.135010
  0
POINT
  8
3
  10
120.426781
  20
1429.858154
  0
POINT
  8
3
  10
129.913742
  20
1427.807739
  0
POINT
  8
3
  10
139.382965
  20
1429.938232
  0
POINT
  8
3
  10
148.232147
  20
1434.135010
  0
POINT
  8
3
  10
157.117218
  20
1438.224609
  0
POINT
  8
3
  10
166.549835
  20
1440.462402
  0
POINT
  8
3
  10
176.091385
  20
1438.226318
  0
POINT
  8
3
  10
185.093933
  20
1434.135010
  0
POINT
  8
3
  10
193.913895
  20
1429.916504
  0
POINT
  8
3
  10
198.573669
  20
1428.425171
  0
POINT
  8
3
  10
203.411636
  20
1427.807617
  0
POINT
  8
3
  10
212.683929
  20
1429.916504
  0
POINT
  8
3
  10
221.729813
  20
1434.135010
  0
POINT
  8
3
  10
232.584778
  20
1439.056641
  0
POINT
  8
3
  10
237.107605
  20
1440.228271
  0
POINT
  8
3
  10
240.047974
  20
1440.462402
  0
POINT
  8
3
  10
242.987885
  20
1440.228271
  0
POINT
  8
3
  10
247.510712
  20
1439.056641
  0
POINT
  8
3
  10
258.365692
  20
1434.135010
  0
POINT
  8
3
  10
267.411560
  20
1429.916504
  0
POINT
  8
3
  10
276.683838
  20
1427.807617
  0
POINT
  8
3
  10
281.521820
  20
1428.425171
  0
POINT
  8
3
  10
286.181580
  20
1429.916504
  0
POINT
  8
3
  10
295.001556
  20
1434.135010
  0
POINT
  8
3
  10
304.004089
  20
1438.226318
  0
POINT
  8
3
  10
313.545654
  20
1440.462402
  0
POINT
  8
3
  10
322.978271
  20
1438.224609
  0
POINT
  8
3
  10
331.863342
  20
1434.135010
  0
POINT
  8
3
  10
340.712524
  20
1429.938232
  0
POINT
  8
3
  10
350.181763
  20
1427.807739
  0
POINT
  8
3
  10
359.668701
  20
1429.858154
  0
POINT
  8
3
  10
368.499207
  20
1434.135010
  0
POINT
  8
3
  10
377.403534
  20
1438.145020
  0
POINT
  8
3
  10
386.817383
  20
1440.462402
  0
POINT
  8
3
  10
396.258942
  20
1438.254272
  0
POINT
  8
3
  10
405.135315
  20
1434.135010
  0
POINT
  8
3
  10
414.039429
  20
1430.125122
  0
POINT
  8
3
  10
423.453003
  20
1427.807617
  0
POINT
  8
3
  10
428.304199
  20
1428.339111
  0
POINT
  8
3
  10
432.951477
  20
1429.916504
  0
POINT
  8
3
  10
441.997345
  20
1434.135010
  0
POINT
  8
3
  10
452.173828
  20
1438.822510
  0
POINT
  8
3
  10
456.470703
  20
1439.993896
  0
LINE
  8
7
  10
240.047760
  20
1413.757813
  11
240.047760
  21
1593.757813
  0
POLYLINE
  8
8
  66
1
  70
0
  250
1
  0
VERTEX
  8
8
  10
381.312378
  20
1573.493652
  0
VERTEX
  8
8
  10
375.190491
  20
1572.886475
  0
VERTEX
  8
8
  10
373.345459
  20
1572.703491
  0
VERTEX
  8
8
  10
365.375610
  20
1571.942261
  0
VERTEX
  8
8
  10
355.378082
  20
1571.125977
  0
VERTEX
  8
8
  10
341.880035
  20
1570.330688
  0
VERTEX
  8
8
  10
328.370819
  20
1569.787964
  0
VERTEX
  8
8
  10
314.856567
  20
1569.376953
  0
VERTEX
  8
8
  10
302.402557
  20
1569.030273
  0
VERTEX
  8
8
  10
289.939209
  20
1568.722656
  0
VERTEX
  8
8
  10
277.468506
  20
1568.485352
  0
VERTEX
  8
8
  10
264.968903
  20
1568.338379
  0
VERTEX
  8
8
  10
252.520386
  20
1568.259888
  0
VERTEX
  8
8
  10
240.052780
  20
1568.214966
  0
VERTEX
  8
8
  10
227.487122
  20
1568.249634
  0
VERTEX
  8
8
  10
214.934387
  20
1568.310913
  0
VERTEX
  8
8
  10
202.368225
  20
1568.426270
  0
VERTEX
  8
8
  10
182.828918
  20
1568.761475
  0
VERTEX
  8
8
  10
163.294250
  20
1569.305054
  0
VERTEX
  8
8
  10
143.767853
  20
1570.093384
  0
VERTEX
  8
8
  10
124.257561
  20
1571.239502
  0
VERTEX
  8
8
  10
114.463387
  20
1572.006714
  0
VERTEX
  8
8
  10
106.621338
  20
1572.731689
  0
VERTEX
  8
8
  10
104.866608
  20
1572.900513
  0
VERTEX
  8
8
  10
98.782089
  20
1573.485596
  0
SEQEND
  0
POINT
  8
2
  10
381.312378
  20
1573.493652
  0
POINT
  8
2
  10
375.190491
  20
1572.886475
  0
POINT
  8
2
  10
104.866608
  20
1572.900513
  0
POINT
  8
2
  10
98.782089
  20
1573.485596
  0
POINT
  8
3
  10
373.345459
  20
1572.703491
  0
POINT
  8
3
  10
365.375610
  20
1571.942261
  0
POINT
  8
3
  10
355.378082
  20
1571.125977
  0
POINT
  8
3
  10
341.880035
  20
1570.330688
  0
POINT
  8
3
  10
328.370819
  20
1569.787964
  0
POINT
  8
3
  10
314.856567
  20
1569.376953
  0
POINT
  8
3
  10
302.402557
  20
1569.030273
  0
POINT
  8
3
  10
289.939209
  20
1568.722656
  0
POINT
  8
3
  10
277.468506
  20
1568.485352
  0
POINT
  8
3
  10
264.968903
  20
1568.338379
  0
POINT
  8
3
  10
252.520386
  20
1568.259888
  0
POINT
  8
3
  10
240.052780
  20
1568.214966
  0
POINT
  8
3
  10
227.487122
  20
1568.249634
  0
POINT
  8
3
  10
214.934387
  20
1568.310913
  0
POINT
  8
3
  10
202.368225
  20
1568.426270
  0
POINT
  8
3
  10
182.828918
  20
1568.761475
  0
POINT
  8
3
  10
163.294250
  20
1569.305054
  0
POINT
  8
3
  10
143.767853
  20
1570.093384
  0
POINT
  8
3
  10
124.257561
  20
1571.239502
  0
POINT
  8
3
  10
114.463387
  20
1572.006714
  0
POINT
  8
3
  10
106.621338
  20
1572.731689
  0
POLYLINE
  8
85
  66
1
  70
0
  250
1
  0
VERTEX
  8
85
  10
381.312378
  20
1573.493652
  0
VERTEX
  8
85
  10
375.190491
  20
1572.886475
  0
VERTEX
  8
85
  10
373.345459
  20
1572.703491
  0
VERTEX
  8
85
  10
365.375610
  20
1571.942261
  0
VERTEX
  8
85
  10
355.378082
  20
1571.125977
  0
VERTEX
  8
85
  10
341.880035
  20
1570.330688
  0
VERTEX
  8
85
  10
328.370819
  20
1569.787964
  0
VERTEX
  8
85
  10
314.856567
  20
1569.376953
  0
VERTEX
  8
85
  10
302.402557
  20
1569.030273
  0
VERTEX
  8
85
  10
289.939209
  20
1568.722656
  0
VERTEX
  8
85
  10
277.468506
  20
1568.485352
  0
VERTEX
  8
85
  10
264.968903
  20
1568.338379
  0
VERTEX
  8
85
  10
252.520386
  20
1568.259888
  0
VERTEX
  8
85
  10
240.052780
  20
1568.214966
  0
VERTEX
  8
85
  10
227.487122
  20
1568.249634
  0
VERTEX
  8
85
  10
214.934387
  20
1568.310913
  0
VERTEX
  8
85
  10
202.368225
  20
1568.426270
  0
VERTEX
  8
85
  10
182.828918
  20
1568.761475
  0
VERTEX
  8
85
  10
163.294250
  20
1569.305054
  0
VERTEX
  8
85
  10
143.767853
  20
1570.093384
  0
VERTEX
  8
85
  10
124.257561
  20
1571.239502
  0
VERTEX
  8
85
  10
114.463387
  20
1572.006714
  0
VERTEX
  8
85
  10
106.621338
  20
1572.731689
  0
VERTEX
  8
85
  10
104.866608
  20
1572.900513
  0
VERTEX
  8
85
  10
98.782089
  20
1573.485596
  0
SEQEND
  0
POINT
  8
2
  10
381.312378
  20
1573.493652
  0
POINT
  8
2
  10
375.190491
  20
1572.886475
  0
POINT
  8
2
  10
104.866608
  20
1572.900513
  0
POINT
  8
2
  10
98.782089
  20
1573.485596
  0
POINT
  8
3
  10
373.345459
  20
1572.703491
  0
POINT
  8
3
  10
365.375610
  20
1571.942261
  0
POINT
  8
3
  10
355.378082
  20
1571.125977
  0
POINT
  8
3
  10
341.880035
  20
1570.330688
  0
POINT
  8
3
  10
328.370819
  20
1569.787964
  0
POINT
  8
3
  10
314.856567
  20
1569.376953
  0
POINT
  8
3
  10
302.402557
  20
1569.030273
  0
POINT
  8
3
  10
289.939209
  20
1568.722656
  0
POINT
  8
3
  10
277.468506
  20
1568.485352
  0
POINT
  8
3
  10
264.968903
  20
1568.338379
  0
POINT
  8
3
  10
252.520386
  20
1568.259888
  0
POINT
  8
3
  10
240.052780
  20
1568.214966
  0
POINT
  8
3
  10
227.487122
  20
1568.249634
  0
POINT
  8
3
  10
214.934387
  20
1568.310913
  0
POINT
  8
3
  10
202.368225
  20
1568.426270
  0
POINT
  8
3
  10
182.828918
  20
1568.761475
  0
POINT
  8
3
  10
163.294250
  20
1569.305054
  0
POINT
  8
3
  10
143.767853
  20
1570.093384
  0
POINT
  8
3
  10
124.257561
  20
1571.239502
  0
POINT
  8
3
  10
114.463387
  20
1572.006714
  0
POINT
  8
3
  10
106.621338
  20
1572.731689
  0
POLYLINE
  8
8
  66
1
  70
0
  250
1
  0
VERTEX
  8
8
  10
104.866592
  20
1572.900391
  0
VERTEX
  8
8
  10
104.453796
  20
1570.648926
  0
VERTEX
  8
8
  10
102.361359
  20
1562.313477
  0
VERTEX
  8
8
  10
99.692551
  20
1554.153931
  0
VERTEX
  8
8
  10
96.546356
  20
1546.179688
  0
VERTEX
  8
8
  10
92.862473
  20
1538.456421
  0
VERTEX
  8
8
  10
88.755371
  20
1530.965210
  0
VERTEX
  8
8
  10
84.194580
  20
1523.762939
  0
VERTEX
  8
8
  10
79.092239
  20
1516.961914
  0
VERTEX
  8
8
  10
73.556534
  20
1510.533813
  0
VERTEX
  8
8
  10
67.582703
  20
1504.544312
  0
VERTEX
  8
8
  10
61.004654
  20
1499.280884
  0
VERTEX
  8
8
  10
53.898956
  20
1494.814575
  0
VERTEX
  8
8
  10
46.360703
  20
1491.189087
  0
VERTEX
  8
8
  10
38.437973
  20
1488.597534
  0
VERTEX
  8
8
  10
31.799576
  20
1487.432617
  0
VERTEX
  8
8
  10
25.089142
  20
1486.819336
  0
SEQEND
  0
POINT
  8
2
  10
104.866592
  20
1572.900391
  0
POINT
  8
2
  10
25.089142
  20
1486.819336
  0
POINT
  8
3
  10
104.453796
  20
1570.648926
  0
POINT
  8
3
  10
102.361359
  20
1562.313477
  0
POINT
  8
3
  10
99.692551
  20
1554.153931
  0
POINT
  8
3
  10
96.546356
  20
1546.179688
  0
POINT
  8
3
  10
92.862473
  20
1538.456421
  0
POINT
  8
3
  10
88.755371
  20
1530.965210
  0
POINT
  8
3
  10
84.194580
  20
1523.762939
  0
POINT
  8
3
  10
79.092239
  20
1516.961914
  0
POINT
  8
3
  10
73.556534
  20
1510.533813
  0
POINT
  8
3
  10
67.582703
  20
1504.544312
  0
POINT
  8
3
  10
61.004654
  20
1499.280884
  0
POINT
  8
3
  10
53.898956
  20
1494.814575
  0
POINT
  8
3
  10
46.360703
  20
1491.189087
  0
POINT
  8
3
  10
38.437973
  20
1488.597534
  0
POINT
  8
3
  10
31.799576
  20
1487.432617
  0
POLYLINE
  8
85
  66
1
  70
0
  250
1
  0
VERTEX
  8
85
  10
104.866592
  20
1572.900391
  0
VERTEX
  8
85
  10
104.453796
  20
1570.648926
  0
VERTEX
  8
85
  10
102.361359
  20
1562.313477
  0
VERTEX
  8
85
  10
99.692551
  20
1554.153931
  0
VERTEX
  8
85
  10
96.546356
  20
1546.179688
  0
VERTEX
  8
85
  10
92.862473
  20
1538.456421
  0
VERTEX
  8
85
  10
88.755371
  20
1530.965210
  0
VERTEX
  8
85
  10
84.194580
  20
1523.762939
  0
VERTEX
  8
85
  10
79.092239
  20
1516.961914
  0
VERTEX
  8
85
  10
73.556534
  20
1510.533813
  0
VERTEX
  8
85
  10
67.582703
  20
1504.544312
  0
VERTEX
  8
85
  10
61.004654
  20
1499.280884
  0
VERTEX
  8
85
  10
53.898956
  20
1494.814575
  0
VERTEX
  8
85
  10
46.360703
  20
1491.189087
  0
VERTEX
  8
85
  10
38.437973
  20
1488.597534
  0
VERTEX
  8
85
  10
31.799576
  20
1487.432617
  0
VERTEX
  8
85
  10
25.089142
  20
1486.819336
  0
SEQEND
  0
POINT
  8
2
  10
104.866592
  20
1572.900391
  0
POINT
  8
2
  10
25.089142
  20
1486.819336
  0
POINT
  8
3
  10
104.453796
  20
1570.648926
  0
POINT
  8
3
  10
102.361359
  20
1562.313477
  0
POINT
  8
3
  10
99.692551
  20
1554.153931
  0
POINT
  8
3
  10
96.546356
  20
1546.179688
  0
POINT
  8
3
  10
92.862473
  20
1538.456421
  0
POINT
  8
3
  10
88.755371
  20
1530.965210
  0
POINT
  8
3
  10
84.194580
  20
1523.762939
  0
POINT
  8
3
  10
79.092239
  20
1516.961914
  0
POINT
  8
3
  10
73.556534
  20
1510.533813
  0
POINT
  8
3
  10
67.582703
  20
1504.544312
  0
POINT
  8
3
  10
61.004654
  20
1499.280884
  0
POINT
  8
3
  10
53.898956
  20
1494.814575
  0
POINT
  8
3
  10
46.360703
  20
1491.189087
  0
POINT
  8
3
  10
38.437973
  20
1488.597534
  0
POINT
  8
3
  10
31.799576
  20
1487.432617
  0
POLYLINE
  8
8
  66
1
  70
0
  250
1
  0
VERTEX
  8
8
  10
455.006348
  20
1486.819336
  0
VERTEX
  8
8
  10
441.665405
  20
1488.596069
  0
VERTEX
  8
8
  10
429.026367
  20
1493.327637
  0
VERTEX
  8
8
  10
417.475708
  20
1500.462646
  0
VERTEX
  8
8
  10
407.359741
  20
1509.643921
  0
VERTEX
  8
8
  10
398.504822
  20
1520.148315
  0
VERTEX
  8
8
  10
390.929565
  20
1531.673584
  0
VERTEX
  8
8
  10
386.168152
  20
1540.566772
  0
VERTEX
  8
8
  10
382.047791
  20
1549.796387
  0
VERTEX
  8
8
  10
378.647949
  20
1559.337280
  0
VERTEX
  8
8
  10
376.418396
  20
1567.250244
  0
VERTEX
  8
8
  10
375.946747
  20
1569.113770
  0
VERTEX
  8
8
  10
375.568634
  20
1571.000122
  0
VERTEX
  8
8
  10
375.190491
  20
1572.886475
  0
SEQEND
  0
POINT
  8
2
  10
455.006348
  20
1486.819336
  0
POINT
  8
2
  10
375.190491
  20
1572.886475
  0
POINT
  8
3
  10
441.665405
  20
1488.596069
  0
POINT
  8
3
  10
429.026367
  20
1493.327637
  0
POINT
  8
3
  10
417.475708
  20
1500.462646
  0
POINT
  8
3
  10
407.359741
  20
1509.643921
  0
POINT
  8
3
  10
398.504822
  20
1520.148315
  0
POINT
  8
3
  10
390.929565
  20
1531.673584
  0
POINT
  8
3
  10
386.168152
  20
1540.566772
  0
POINT
  8
3
  10
382.047791
  20
1549.796387
  0
POINT
  8
3
  10
378.647949
  20
1559.337280
  0
POINT
  8
3
  10
376.418396
  20
1567.250244
  0
POINT
  8
3
  10
375.946747
  20
1569.113770
  0
POINT
  8
3
  10
375.568634
  20
1571.000122
  0
POLYLINE
  8
85
  66
1
  70
0
  250
1
  0
VERTEX
  8
85
  10
455.006348
  20
1486.819336
  0
VERTEX
  8
85
  10
441.665405
  20
1488.596069
  0
VERTEX
  8
85
  10
429.026367
  20
1493.327637
  0
VERTEX
  8
85
  10
417.475708
  20
1500.462646
  0
VERTEX
  8
85
  10
407.359741
  20
1509.643921
  0
VERTEX
  8
85
  10
398.504822
  20
1520.148315
  0
VERTEX
  8
85
  10
390.929565
  20
1531.673584
  0
VERTEX
  8
85
  10
386.168152
  20
1540.566772
  0
VERTEX
  8
85
  10
382.047791
  20
1549.796387
  0
VERTEX
  8
85
  10
378.647949
  20
1559.337280
  0
VERTEX
  8
85
  10
376.418396
  20
1567.250244
  0
VERTEX
  8
85
  10
375.946747
  20
1569.113770
  0
VERTEX
  8
85
  10
375.568634
  20
1571.000122
  0
VERTEX
  8
85
  10
375.190491
  20
1572.886475
  0
SEQEND
  0
POINT
  8
2
  10
455.006348
  20
1486.819336
  0
POINT
  8
2
  10
375.190491
  20
1572.886475
  0
POINT
  8
3
  10
441.665405
  20
1488.596069
  0
POINT
  8
3
  10
429.026367
  20
1493.327637
  0
POINT
  8
3
  10
417.475708
  20
1500.462646
  0
POINT
  8
3
  10
407.359741
  20
1509.643921
  0
POINT
  8
3
  10
398.504822
  20
1520.148315
  0
POINT
  8
3
  10
390.929565
  20
1531.673584
  0
POINT
  8
3
  10
386.168152
  20
1540.566772
  0
POINT
  8
3
  10
382.047791
  20
1549.796387
  0
POINT
  8
3
  10
378.647949
  20
1559.337280
  0
POINT
  8
3
  10
376.418396
  20
1567.250244
  0
POINT
  8
3
  10
375.946747
  20
1569.113770
  0
POINT
  8
3
  10
375.568634
  20
1571.000122
  0
POLYLINE
  8
8
  66
1
  70
0
  250
1
  0
VERTEX
  8
8
  10
21.220932
  20
1443.668091
  0
VERTEX
  8
8
  10
24.279724
  20
1443.124268
  0
VERTEX
  8
8
  10
28.869659
  20
1441.872925
  0
VERTEX
  8
8
  10
38.575119
  20
1437.457031
  0
VERTEX
  8
8
  10
48.231857
  20
1432.914551
  0
VERTEX
  8
8
  10
52.535019
  20
1431.453979
  0
VERTEX
  8
8
  10
54.528412
  20
1431.101807
  0
VERTEX
  8
8
  10
56.583466
  20
1431.012939
  0
VERTEX
  8
8
  10
58.174515
  20
1431.145020
  0
VERTEX
  8
8
  10
63.509903
  20
1432.564575
  0
VERTEX
  8
8
  10
68.637329
  20
1434.673340
  0
VERTEX
  8
8
  10
73.660904
  20
1437.037964
  0
VERTEX
  8
8
  10
79.275009
  20
1439.741943
  0
VERTEX
  8
8
  10
85.026489
  20
1442.109619
  0
VERTEX
  8
8
  10
91.047485
  20
1443.551636
  0
VERTEX
  8
8
  10
93.309464
  20
1443.667969
  0
VERTEX
  8
8
  10
95.563171
  20
1443.505005
  0
VERTEX
  8
8
  10
103.068100
  20
1441.418091
  0
VERTEX
  8
8
  10
110.259705
  20
1438.326660
  0
VERTEX
  8
8
  10
117.265091
  20
1434.804810
  0
VERTEX
  8
8
  10
120.797859
  20
1433.151245
  0
VERTEX
  8
8
  10
124.457756
  20
1431.834839
  0
VERTEX
  8
8
  10
128.261597
  20
1431.085938
  0
VERTEX
  8
8
  10
129.892517
  20
1431.011719
  0
VERTEX
  8
8
  10
131.526184
  20
1431.108643
  0
VERTEX
  8
8
  10
136.867981
  20
1432.398560
  0
VERTEX
  8
8
  10
141.953583
  20
1434.550537
  0
VERTEX
  8
8
  10
146.903595
  20
1437.023804
  0
VERTEX
  8
8
  10
152.516052
  20
1439.727051
  0
VERTEX
  8
8
  10
158.279053
  20
1442.061279
  0
VERTEX
  8
8
  10
164.293610
  20
1443.528442
  0
VERTEX
  8
8
  10
166.545349
  20
1443.667847
  0
VERTEX
  8
8
  10
168.819534
  20
1443.533447
  0
VERTEX
  8
8
  10
174.902893
  20
1442.063232
  0
VERTEX
  8
8
  10
180.739807
  20
1439.732178
  0
VERTEX
  8
8
  10
186.424133
  20
1437.023071
  0
VERTEX
  8
8
  10
190.754715
  20
1434.831543
  0
VERTEX
  8
8
  10
194.989059
  20
1432.921509
  0
VERTEX
  8
8
  10
199.306671
  20
1431.539673
  0
VERTEX
  8
8
  10
201.358749
  20
1431.155151
  0
VERTEX
  8
8
  10
203.428253
  20
1431.013428
  0
VERTEX
  8
8
  10
204.981506
  20
1431.102539
  0
VERTEX
  8
8
  10
210.320770
  20
1432.432251
  0
VERTEX
  8
8
  10
215.420914
  20
1434.567627
  0
VERTEX
  8
8
  10
220.389084
  20
1437.017700
  0
VERTEX
  8
8
  10
225.947876
  20
1439.770996
  0
VERTEX
  8
8
  10
231.674942
  20
1442.119385
  0
VERTEX
  8
8
  10
236.610916
  20
1443.398071
  0
VERTEX
  8
8
  10
240.048004
  20
1443.671753
  0
VERTEX
  8
8
  10
243.484543
  20
1443.398071
  0
VERTEX
  8
8
  10
248.420547
  20
1442.119385
  0
VERTEX
  8
8
  10
255.214050
  20
1439.263794
  0
VERTEX
  8
8
  10
261.815826
  20
1435.953247
  0
VERTEX
  8
8
  10
268.530945
  20
1432.900146
  0
VERTEX
  8
8
  10
271.768768
  20
1431.786499
  0
VERTEX
  8
8
  10
275.113983
  20
1431.102539
  0
VERTEX
  8
8
  10
276.667267
  20
1431.013428
  0
VERTEX
  8
8
  10
278.736725
  20
1431.155151
  0
VERTEX
  8
8
  10
280.788818
  20
1431.539673
  0
VERTEX
  8
8
  10
285.106415
  20
1432.921509
  0
VERTEX
  8
8
  10
292.315063
  20
1436.328369
  0
VERTEX
  8
8
  10
299.499146
  20
1439.795654
  0
VERTEX
  8
8
  10
306.935791
  20
1442.620850
  0
VERTEX
  8
8
  10
309.065826
  20
1443.164307
  0
VERTEX
  8
8
  10
311.275940
  20
1443.533447
  0
VERTEX
  8
8
  10
313.549927
  20
1443.667847
  0
VERTEX
  8
8
  10
315.801666
  20
1443.528442
  0
VERTEX
  8
8
  10
321.816315
  20
1442.061279
  0
VERTEX
  8
8
  10
327.579346
  20
1439.727173
  0
VERTEX
  8
8
  10
333.191864
  20
1437.023804
  0
VERTEX
  8
8
  10
338.141846
  20
1434.550537
  0
VERTEX
  8
8
  10
343.227478
  20
1432.398560
  0
VERTEX
  8
8
  10
348.569244
  20
1431.108643
  0
VERTEX
  8
8
  10
350.202942
  20
1431.011719
  0
VERTEX
  8
8
  10
351.833893
  20
1431.085938
  0
VERTEX
  8
8
  10
357.178619
  20
1432.326904
  0
VERTEX
  8
8
  10
362.243042
  20
1434.512817
  0
VERTEX
  8
8
  10
367.168488
  20
1437.022949
  0
VERTEX
  8
8
  10
372.788635
  20
1439.671875
  0
VERTEX
  8
8
  10
378.545990
  20
1441.979980
  0
VERTEX
  8
8
  10
384.532410
  20
1443.505005
  0
VERTEX
  8
8
  10
386.786011
  20
1443.667969
  0
VERTEX
  8
8
  10
389.048096
  20
1443.551514
  0
VERTEX
  8
8
  10
395.070129
  20
1442.109253
  0
VERTEX
  8
8
  10
400.822601
  20
1439.741089
  0
VERTEX
  8
8
  10
406.437653
  20
1437.036499
  0
VERTEX
  8
8
  10
411.460205
  20
1434.672485
  0
VERTEX
  8
8
  10
416.586609
  20
1432.564087
  0
VERTEX
  8
8
  10
421.920929
  20
1431.145020
  0
VERTEX
  8
8
  10
423.511963
  20
1431.012939
  0
VERTEX
  8
8
  10
425.567139
  20
1431.101807
  0
VERTEX
  8
8
  10
427.560425
  20
1431.453857
  0
VERTEX
  8
8
  10
434.387939
  20
1433.981201
  0
VERTEX
  8
8
  10
440.958954
  20
1437.170898
  0
VERTEX
  8
8
  10
447.511108
  20
1440.397583
  0
VERTEX
  8
8
  10
451.225769
  20
1441.872925
  0
VERTEX
  8
8
  10
455.815918
  20
1443.124268
  0
VERTEX
  8
8
  10
458.874603
  20
1443.668335
  0
SEQEND
  0
POINT
  8
2
  10
21.220932
  20
1443.668091
  0
POINT
  8
2
  10
458.874603
  20
1443.668335
  0
POINT
  8
3
  10
24.279724
  20
1443.124268
  0
POINT
  8
3
  10
28.869659
  20
1441.872925
  0
POINT
  8
3
  10
38.575119
  20
1437.457031
  0
POINT
  8
3
  10
48.231857
  20
1432.914551
  0
POINT
  8
3
  10
52.535019
  20
1431.453979
  0
POINT
  8
3
  10
54.528412
  20
1431.101807
  0
POINT
  8
3
  10
56.583466
  20
1431.012939
  0
POINT
  8
3
  10
58.174515
  20
1431.145020
  0
POINT
  8
3
  10
63.509903
  20
1432.564575
  0
POINT
  8
3
  10
68.637329
  20
1434.673340
  0
POINT
  8
3
  10
73.660904
  20
1437.037964
  0
POINT
  8
3
  10
79.275009
  20
1439.741943
  0
POINT
  8
3
  10
85.026489
  20
1442.109619
  0
POINT
  8
3
  10
91.047485
  20
1443.551636
  0
POINT
  8
3
  10
93.309464
  20
1443.667969
  0
POINT
  8
3
  10
95.563171
  20
1443.505005
  0
POINT
  8
3
  10
103.068100
  20
1441.418091
  0
POINT
  8
3
  10
110.259705
  20
1438.326660
  0
POINT
  8
3
  10
117.265091
  20
1434.804810
  0
POINT
  8
3
  10
120.797859
  20
1433.151245
  0
POINT
  8
3
  10
124.457756
  20
1431.834839
  0
POINT
  8
3
  10
128.261597
  20
1431.085938
  0
POINT
  8
3
  10
129.892517
  20
1431.011719
  0
POINT
  8
3
  10
131.526184
  20
1431.108643
  0
POINT
  8
3
  10
136.867981
  20
1432.398560
  0
POINT
  8
3
  10
141.953583
  20
1434.550537
  0
POINT
  8
3
  10
146.903595
  20
1437.023804
  0
POINT
  8
3
  10
152.516052
  20
1439.727051
  0
POINT
  8
3
  10
158.279053
  20
1442.061279
  0
POINT
  8
3
  10
164.293610
  20
1443.528442
  0
POINT
  8
3
  10
166.545349
  20
1443.667847
  0
POINT
  8
3
  10
168.819534
  20
1443.533447
  0
POINT
  8
3
  10
174.902893
  20
1442.063232
  0
POINT
  8
3
  10
180.739807
  20
1439.732178
  0
POINT
  8
3
  10
186.424133
  20
1437.023071
  0
POINT
  8
3
  10
190.754715
  20
1434.831543
  0
POINT
  8
3
  10
194.989059
  20
1432.921509
  0
POINT
  8
3
  10
199.306671
  20
1431.539673
  0
POINT
  8
3
  10
201.358749
  20
1431.155151
  0
POINT
  8
3
  10
203.428253
  20
1431.013428
  0
POINT
  8
3
  10
204.981506
  20
1431.102539
  0
POINT
  8
3
  10
210.320770
  20
1432.432251
  0
POINT
  8
3
  10
215.420914
  20
1434.567627
  0
POINT
  8
3
  10
220.389084
  20
1437.017700
  0
POINT
  8
3
  10
225.947876
  20
1439.770996
  0
POINT
  8
3
  10
231.674942
  20
1442.119385
  0
POINT
  8
3
  10
236.610916
  20
1443.398071
  0
POINT
  8
3
  10
240.048004
  20
1443.671753
  0
POINT
  8
3
  10
243.484543
  20
1443.398071
  0
POINT
  8
3
  10
248.420547
  20
1442.119385
  0
POINT
  8
3
  10
255.214050
  20
1439.263794
  0
POINT
  8
3
  10
261.815826
  20
1435.953247
  0
POINT
  8
3
  10
268.530945
  20
1432.900146
  0
POINT
  8
3
  10
271.768768
  20
1431.786499
  0
POINT
  8
3
  10
275.113983
  20
1431.102539
  0
POINT
  8
3
  10
276.667267
  20
1431.013428
  0
POINT
  8
3
  10
278.736725
  20
1431.155151
  0
POINT
  8
3
  10
280.788818
  20
1431.539673
  0
POINT
  8
3
  10
285.106415
  20
1432.921509
  0
POINT
  8
3
  10
292.315063
  20
1436.328369
  0
POINT
  8
3
  10
299.499146
  20
1439.795654
  0
POINT
  8
3
  10
306.935791
  20
1442.620850
  0
POINT
  8
3
  10
309.065826
  20
1443.164307
  0
POINT
  8
3
  10
311.275940
  20
1443.533447
  0
POINT
  8
3
  10
313.549927
  20
1443.667847
  0
POINT
  8
3
  10
315.801666
  20
1443.528442
  0
POINT
  8
3
  10
321.816315
  20
1442.061279
  0
POINT
  8
3
  10
327.579346
  20
1439.727173
  0
POINT
  8
3
  10
333.191864
  20
1437.023804
  0
POINT
  8
3
  10
338.141846
  20
1434.550537
  0
POINT
  8
3
  10
343.227478
  20
1432.398560
  0
POINT
  8
3
  10
348.569244
  20
1431.108643
  0
POINT
  8
3
  10
350.202942
  20
1431.011719
  0
POINT
  8
3
  10
351.833893
  20
1431.085938
  0
POINT
  8
3
  10
357.178619
  20
1432.326904
  0
POINT
  8
3
  10
362.243042
  20
1434.512817
  0
POINT
  8
3
  10
367.168488
  20
1437.022949
  0
POINT
  8
3
  10
372.788635
  20
1439.671875
  0
POINT
  8
3
  10
378.545990
  20
1441.979980
  0
POINT
  8
3
  10
384.532410
  20
1443.505005
  0
POINT
  8
3
  10
386.786011
  20
1443.667969
  0
POINT
  8
3
  10
389.048096
  20
1443.551514
  0
POINT
  8
3
  10
395.070129
  20
1442.109253
  0
POINT
  8
3
  10
400.822601
  20
1439.741089
  0
POINT
  8
3
  10
406.437653
  20
1437.036499
  0
POINT
  8
3
  10
411.460205
  20
1434.672485
  0
POINT
  8
3
  10
416.586609
  20
1432.564087
  0
POINT
  8
3
  10
421.920929
  20
1431.145020
  0
POINT
  8
3
  10
423.511963
  20
1431.012939
  0
POINT
  8
3
  10
425.567139
  20
1431.101807
  0
POINT
  8
3
  10
427.560425
  20
1431.453857
  0
POINT
  8
3
  10
434.387939
  20
1433.981201
  0
POINT
  8
3
  10
440.958954
  20
1437.170898
  0
POINT
  8
3
  10
447.511108
  20
1440.397583
  0
POINT
  8
3
  10
451.225769
  20
1441.872925
  0
POINT
  8
3
  10
455.815918
  20
1443.124268
  0
POLYLINE
  8
85
  66
1
  70
0
  250
1
  0
VERTEX
  8
85
  10
21.220932
  20
1443.668091
  0
VERTEX
  8
85
  10
24.279724
  20
1443.124268
  0
VERTEX
  8
85
  10
28.869659
  20
1441.872925
  0
VERTEX
  8
85
  10
38.575119
  20
1437.457031
  0
VERTEX
  8
85
  10
48.231857
  20
1432.914551
  0
VERTEX
  8
85
  10
52.535019
  20
1431.453979
  0
VERTEX
  8
85
  10
54.528412
  20
1431.101807
  0
VERTEX
  8
85
  10
56.583466
  20
1431.012939
  0
VERTEX
  8
85
  10
58.174515
  20
1431.145020
  0
VERTEX
  8
85
  10
63.509903
  20
1432.564575
  0
VERTEX
  8
85
  10
68.637329
  20
1434.673340
  0
VERTEX
  8
85
  10
73.660904
  20
1437.037964
  0
VERTEX
  8
85
  10
79.275009
  20
1439.741943
  0
VERTEX
  8
85
  10
85.026489
  20
1442.109619
  0
VERTEX
  8
85
  10
91.047485
  20
1443.551636
  0
VERTEX
  8
85
  10
93.309464
  20
1443.667969
  0
VERTEX
  8
85
  10
95.563171
  20
1443.505005
  0
VERTEX
  8
85
  10
103.068100
  20
1441.418091
  0
VERTEX
  8
85
  10
110.259705
  20
1438.326660
  0
VERTEX
  8
85
  10
117.265091
  20
1434.804810
  0
VERTEX
  8
85
  10
120.797859
  20
1433.151245
  0
VERTEX
  8
85
  10
124.457756
  20
1431.834839
  0
VERTEX
  8
85
  10
128.261597
  20
1431.085938
  0
VERTEX
  8
85
  10
129.892517
  20
1431.011719
  0
VERTEX
  8
85
  10
131.526184
  20
1431.108643
  0
VERTEX
  8
85
  10
136.867981
  20
1432.398560
  0
VERTEX
  8
85
  10
141.953583
  20
1434.550537
  0
VERTEX
  8
85
  10
146.903595
  20
1437.023804
  0
VERTEX
  8
85
  10
152.516052
  20
1439.727051
  0
VERTEX
  8
85
  10
158.279053
  20
1442.061279
  0
VERTEX
  8
85
  10
164.293610
  20
1443.528442
  0
VERTEX
  8
85
  10
166.545349
  20
1443.667847
  0
VERTEX
  8
85
  10
168.819534
  20
1443.533447
  0
VERTEX
  8
85
  10
174.902893
  20
1442.063232
  0
VERTEX
  8
85
  10
180.739807
  20
1439.732178
  0
VERTEX
  8
85
  10
186.424133
  20
1437.023071
  0
VERTEX
  8
85
  10
190.754715
  20
1434.831543
  0
VERTEX
  8
85
  10
194.989059
  20
1432.921509
  0
VERTEX
  8
85
  10
199.306671
  20
1431.539673
  0
VERTEX
  8
85
  10
201.358749
  20
1431.155151
  0
VERTEX
  8
85
  10
203.428253
  20
1431.013428
  0
VERTEX
  8
85
  10
204.981506
  20
1431.102539
  0
VERTEX
  8
85
  10
210.320770
  20
1432.432251
  0
VERTEX
  8
85
  10
215.420914
  20
1434.567627
  0
VERTEX
  8
85
  10
220.389084
  20
1437.017700
  0
VERTEX
  8
85
  10
225.947876
  20
1439.770996
  0
VERTEX
  8
85
  10
231.674942
  20
1442.119385
  0
VERTEX
  8
85
  10
236.610916
  20
1443.398071
  0
VERTEX
  8
85
  10
240.048004
  20
1443.671753
  0
VERTEX
  8
85
  10
243.484543
  20
1443.398071
  0
VERTEX
  8
85
  10
248.420547
  20
1442.119385
  0
VERTEX
  8
85
  10
255.214050
  20
1439.263794
  0
VERTEX
  8
85
  10
261.815826
  20
1435.953247
  0
VERTEX
  8
85
  10
268.530945
  20
1432.900146
  0
VERTEX
  8
85
  10
271.768768
  20
1431.786499
  0
VERTEX
  8
85
  10
275.113983
  20
1431.102539
  0
VERTEX
  8
85
  10
276.667267
  20
1431.013428
  0
VERTEX
  8
85
  10
278.736725
  20
1431.155151
  0
VERTEX
  8
85
  10
280.788818
  20
1431.539673
  0
VERTEX
  8
85
  10
285.106415
  20
1432.921509
  0
VERTEX
  8
85
  10
292.315063
  20
1436.328369
  0
VERTEX
  8
85
  10
299.499146
  20
1439.795654
  0
VERTEX
  8
85
  10
306.935791
  20
1442.620850
  0
VERTEX
  8
85
  10
309.065826
  20
1443.164307
  0
VERTEX
  8
85
  10
311.275940
  20
1443.533447
  0
VERTEX
  8
85
  10
313.549927
  20
1443.667847
  0
VERTEX
  8
85
  10
315.801666
  20
1443.528442
  0
VERTEX
  8
85
  10
321.816315
  20
1442.061279
  0
VERTEX
  8
85
  10
327.579346
  20
1439.727173
  0
VERTEX
  8
85
  10
333.191864
  20
1437.023804
  0
VERTEX
  8
85
  10
338.141846
  20
1434.550537
  0
VERTEX
  8
85
  10
343.227478
  20
1432.398560
  0
VERTEX
  8
85
  10
348.569244
  20
1431.108643
  0
VERTEX
  8
85
  10
350.202942
  20
1431.011719
  0
VERTEX
  8
85
  10
351.833893
  20
1431.085938
  0
VERTEX
  8
85
  10
357.178619
  20
1432.326904
  0
VERTEX
  8
85
  10
362.243042
  20
1434.512817
  0
VERTEX
  8
85
  10
367.168488
  20
1437.022949
  0
VERTEX
  8
85
  10
372.788635
  20
1439.671875
  0
VERTEX
  8
85
  10
378.545990
  20
1441.979980
  0
VERTEX
  8
85
  10
384.532410
  20
1443.505005
  0
VERTEX
  8
85
  10
386.786011
  20
1443.667969
  0
VERTEX
  8
85
  10
389.048096
  20
1443.551514
  0
VERTEX
  8
85
  10
395.070129
  20
1442.109253
  0
VERTEX
  8
85
  10
400.822601
  20
1439.741089
  0
VERTEX
  8
85
  10
406.437653
  20
1437.036499
  0
VERTEX
  8
85
  10
411.460205
  20
1434.672485
  0
VERTEX
  8
85
  10
416.586609
  20
1432.564087
  0
VERTEX
  8
85
  10
421.920929
  20
1431.145020
  0
VERTEX
  8
85
  10
423.511963
  20
1431.012939
  0
VERTEX
  8
85
  10
425.567139
  20
1431.101807
  0
VERTEX
  8
85
  10
427.560425
  20
1431.453857
  0
VERTEX
  8
85
  10
434.387939
  20
1433.981201
  0
VERTEX
  8
85
  10
440.958954
  20
1437.170898
  0
VERTEX
  8
85
  10
447.511108
  20
1440.397583
  0
VERTEX
  8
85
  10
451.225769
  20
1441.872925
  0
VERTEX
  8
85
  10
455.815918
  20
1443.124268
  0
VERTEX
  8
85
  10
458.874603
  20
1443.668335
  0
SEQEND
  0
POINT
  8
2
  10
21.220932
  20
1443.668091
  0
POINT
  8
2
  10
458.874603
  20
1443.668335
  0
POINT
  8
3
  10
24.279724
  20
1443.124268
  0
POINT
  8
3
  10
28.869659
  20
1441.872925
  0
POINT
  8
3
  10
38.575119
  20
1437.457031
  0
POINT
  8
3
  10
48.231857
  20
1432.914551
  0
POINT
  8
3
  10
52.535019
  20
1431.453979
  0
POINT
  8
3
  10
54.528412
  20
1431.101807
  0
POINT
  8
3
  10
56.583466
  20
1431.012939
  0
POINT
  8
3
  10
58.174515
  20
1431.145020
  0
POINT
  8
3
  10
63.509903
  20
1432.564575
  0
POINT
  8
3
  10
68.637329
  20
1434.673340
  0
POINT
  8
3
  10
73.660904
  20
1437.037964
  0
POINT
  8
3
  10
79.275009
  20
1439.741943
  0
POINT
  8
3
  10
85.026489
  20
1442.109619
  0
POINT
  8
3
  10
91.047485
  20
1443.551636
  0
POINT
  8
3
  10
93.309464
  20
1443.667969
  0
POINT
  8
3
  10
95.563171
  20
1443.505005
  0
POINT
  8
3
  10
103.068100
  20
1441.418091
  0
POINT
  8
3
  10
110.259705
  20
1438.326660
  0
POINT
  8
3
  10
117.265091
  20
1434.804810
  0
POINT
  8
3
  10
120.797859
  20
1433.151245
  0
POINT
  8
3
  10
124.457756
  20
1431.834839
  0
POINT
  8
3
  10
128.261597
  20
1431.085938
  0
POINT
  8
3
  10
129.892517
  20
1431.011719
  0
POINT
  8
3
  10
131.526184
  20
1431.108643
  0
POINT
  8
3
  10
136.867981
  20
1432.398560
  0
POINT
  8
3
  10
141.953583
  20
1434.550537
  0
POINT
  8
3
  10
146.903595
  20
1437.023804
  0
POINT
  8
3
  10
152.516052
  20
1439.727051
  0
POINT
  8
3
  10
158.279053
  20
1442.061279
  0
POINT
  8
3
  10
164.293610
  20
1443.528442
  0
POINT
  8
3
  10
166.545349
  20
1443.667847
  0
POINT
  8
3
  10
168.819534
  20
1443.533447
  0
POINT
  8
3
  10
174.902893
  20
1442.063232
  0
POINT
  8
3
  10
180.739807
  20
1439.732178
  0
POINT
  8
3
  10
186.424133
  20
1437.023071
  0
POINT
  8
3
  10
190.754715
  20
1434.831543
  0
POINT
  8
3
  10
194.989059
  20
1432.921509
  0
POINT
  8
3
  10
199.306671
  20
1431.539673
  0
POINT
  8
3
  10
201.358749
  20
1431.155151
  0
POINT
  8
3
  10
203.428253
  20
1431.013428
  0
POINT
  8
3
  10
204.981506
  20
1431.102539
  0
POINT
  8
3
  10
210.320770
  20
1432.432251
  0
POINT
  8
3
  10
215.420914
  20
1434.567627
  0
POINT
  8
3
  10
220.389084
  20
1437.017700
  0
POINT
  8
3
  10
225.947876
  20
1439.770996
  0
POINT
  8
3
  10
231.674942
  20
1442.119385
  0
POINT
  8
3
  10
236.610916
  20
1443.398071
  0
POINT
  8
3
  10
240.048004
  20
1443.671753
  0
POINT
  8
3
  10
243.484543
  20
1443.398071
  0
POINT
  8
3
  10
248.420547
  20
1442.119385
  0
POINT
  8
3
  10
255.214050
  20
1439.263794
  0
POINT
  8
3
  10
261.815826
  20
1435.953247
  0
POINT
  8
3
  10
268.530945
  20
1432.900146
  0
POINT
  8
3
  10
271.768768
  20
1431.786499
  0
POINT
  8
3
  10
275.113983
  20
1431.102539
  0
POINT
  8
3
  10
276.667267
  20
1431.013428
  0
POINT
  8
3
  10
278.736725
  20
1431.155151
  0
POINT
  8
3
  10
280.788818
  20
1431.539673
  0
POINT
  8
3
  10
285.106415
  20
1432.921509
  0
POINT
  8
3
  10
292.315063
  20
1436.328369
  0
POINT
  8
3
  10
299.499146
  20
1439.795654
  0
POINT
  8
3
  10
306.935791
  20
1442.620850
  0
POINT
  8
3
  10
309.065826
  20
1443.164307
  0
POINT
  8
3
  10
311.275940
  20
1443.533447
  0
POINT
  8
3
  10
313.549927
  20
1443.667847
  0
POINT
  8
3
  10
315.801666
  20
1443.528442
  0
POINT
  8
3
  10
321.816315
  20
1442.061279
  0
POINT
  8
3
  10
327.579346
  20
1439.727173
  0
POINT
  8
3
  10
333.191864
  20
1437.023804
  0
POINT
  8
3
  10
338.141846
  20
1434.550537
  0
POINT
  8
3
  10
343.227478
  20
1432.398560
  0
POINT
  8
3
  10
348.569244
  20
1431.108643
  0
POINT
  8
3
  10
350.202942
  20
1431.011719
  0
POINT
  8
3
  10
351.833893
  20
1431.085938
  0
POINT
  8
3
  10
357.178619
  20
1432.326904
  0
POINT
  8
3
  10
362.243042
  20
1434.512817
  0
POINT
  8
3
  10
367.168488
  20
1437.022949
  0
POINT
  8
3
  10
372.788635
  20
1439.671875
  0
POINT
  8
3
  10
378.545990
  20
1441.979980
  0
POINT
  8
3
  10
384.532410
  20
1443.505005
  0
POINT
  8
3
  10
386.786011
  20
1443.667969
  0
POINT
  8
3
  10
389.048096
  20
1443.551514
  0
POINT
  8
3
  10
395.070129
  20
1442.109253
  0
POINT
  8
3
  10
400.822601
  20
1439.741089
  0
POINT
  8
3
  10
406.437653
  20
1437.036499
  0
POINT
  8
3
  10
411.460205
  20
1434.672485
  0
POINT
  8
3
  10
416.586609
  20
1432.564087
  0
POINT
  8
3
  10
421.920929
  20
1431.145020
  0
POINT
  8
3
  10
423.511963
  20
1431.012939
  0
POINT
  8
3
  10
425.567139
  20
1431.101807
  0
POINT
  8
3
  10
427.560425
  20
1431.453857
  0
POINT
  8
3
  10
434.387939
  20
1433.981201
  0
POINT
  8
3
  10
440.958954
  20
1437.170898
  0
POINT
  8
3
  10
447.511108
  20
1440.397583
  0
POINT
  8
3
  10
451.225769
  20
1441.872925
  0
POINT
  8
3
  10
455.815918
  20
1443.124268
  0
POLYLINE
  8
8
  66
1
  70
0
  250
0
  0
VERTEX
  8
8
  10
240.047745
  20
1493.192871
  0
VERTEX
  8
8
  10
25.660492
  20
1493.192871
  0
SEQEND
  0
POINT
  8
2
  10
240.047745
  20
1493.192871
  0
POINT
  8
2
  10
25.660492
  20
1493.192871
  0
POLYLINE
  8
85
  66
1
  70
0
  250
1
  0
VERTEX
  8
85
  10
240.047745
  20
1493.192871
  0
VERTEX
  8
85
  10
25.660492
  20
1493.192871
  0
SEQEND
  0
POINT
  8
2
  10
240.047745
  20
1493.192871
  0
POINT
  8
2
  10
25.660492
  20
1493.192871
  0
POLYLINE
  8
8
  66
1
  70
0
  250
0
  0
VERTEX
  8
8
  10
20.934433
  20
1440.472290
  0
VERTEX
  8
8
  10
23.624771
  20
1439.993896
  0
VERTEX
  8
8
  10
23.624771
  20
1439.993896
  0
VERTEX
  8
8
  10
27.921661
  20
1438.822510
  0
VERTEX
  8
8
  10
27.921661
  20
1438.822510
  0
VERTEX
  8
8
  10
38.098145
  20
1434.135010
  0
VERTEX
  8
8
  10
38.098145
  20
1434.135010
  0
VERTEX
  8
8
  10
42.621170
  20
1431.937866
  0
VERTEX
  8
8
  10
47.144028
  20
1429.916504
  0
VERTEX
  8
8
  10
47.144028
  20
1429.916504
  0
VERTEX
  8
8
  10
48.585800
  20
1429.337158
  0
VERTEX
  8
8
  10
50.159454
  20
1428.796997
  0
VERTEX
  8
8
  10
51.808441
  20
1428.334961
  0
VERTEX
  8
8
  10
53.476303
  20
1427.989990
  0
VERTEX
  8
8
  10
55.106461
  20
1427.801147
  0
VERTEX
  8
8
  10
56.642471
  20
1427.807617
  0
VERTEX
  8
8
  10
56.642471
  20
1427.807617
  0
VERTEX
  8
8
  10
58.226120
  20
1427.949707
  0
VERTEX
  8
8
  10
59.881134
  20
1428.235474
  0
VERTEX
  8
8
  10
61.589188
  20
1428.645874
  0
VERTEX
  8
8
  10
63.331909
  20
1429.161987
  0
VERTEX
  8
8
  10
65.090973
  20
1429.764648
  0
VERTEX
  8
8
  10
66.847961
  20
1430.435059
  0
VERTEX
  8
8
  10
68.584595
  20
1431.153931
  0
VERTEX
  8
8
  10
70.282471
  20
1431.902344
  0
VERTEX
  8
8
  10
71.923248
  20
1432.661377
  0
VERTEX
  8
8
  10
73.488632
  20
1433.411987
  0
VERTEX
  8
8
  10
74.960175
  20
1434.135010
  0
VERTEX
  8
8
  10
74.960175
  20
1434.135010
  0
VERTEX
  8
8
  10
76.426697
  20
1434.863403
  0
VERTEX
  8
8
  10
77.978821
  20
1435.627686
  0
VERTEX
  8
8
  10
79.601303
  20
1436.405762
  0
VERTEX
  8
8
  10
81.278839
  20
1437.175415
  0
VERTEX
  8
8
  10
82.996140
  20
1437.914307
  0
VERTEX
  8
8
  10
84.737854
  20
1438.600464
  0
VERTEX
  8
8
  10
86.488739
  20
1439.211670
  0
VERTEX
  8
8
  10
88.233521
  20
1439.725586
  0
VERTEX
  8
8
  10
89.956848
  20
1440.120117
  0
VERTEX
  8
8
  10
91.643478
  20
1440.373169
  0
VERTEX
  8
8
  10
93.278107
  20
1440.462402
  0
VERTEX
  8
8
  10
93.278107
  20
1440.462402
  0
VERTEX
  8
8
  10
94.861816
  20
1440.320313
  0
VERTEX
  8
8
  10
96.516846
  20
1440.034668
  0
VERTEX
  8
8
  10
98.224930
  20
1439.624268
  0
VERTEX
  8
8
  10
99.967682
  20
1439.108154
  0
VERTEX
  8
8
  10
101.726746
  20
1438.505493
  0
VERTEX
  8
8
  10
103.483749
  20
1437.835205
  0
VERTEX
  8
8
  10
105.220398
  20
1437.116333
  0
VERTEX
  8
8
  10
106.918320
  20
1436.367798
  0
VERTEX
  8
8
  10
108.559174
  20
1435.608765
  0
VERTEX
  8
8
  10
110.124619
  20
1434.858154
  0
VERTEX
  8
8
  10
111.596283
  20
1434.135010
  0
VERTEX
  8
8
  10
111.596283
  20
1434.135010
  0
VERTEX
  8
8
  10
112.936996
  20
1433.415283
  0
VERTEX
  8
8
  10
114.350761
  20
1432.673706
  0
VERTEX
  8
8
  10
115.825768
  20
1431.927124
  0
VERTEX
  8
8
  10
117.350288
  20
1431.192749
  0
VERTEX
  8
8
  10
118.912453
  20
1430.487671
  0
VERTEX
  8
8
  10
120.500572
  20
1429.828979
  0
VERTEX
  8
8
  10
122.102814
  20
1429.233765
  0
VERTEX
  8
8
  10
123.707420
  20
1428.719116
  0
VERTEX
  8
8
  10
125.302582
  20
1428.302124
  0
VERTEX
  8
8
  10
126.876556
  20
1427.999756
  0
VERTEX
  8
8
  10
128.417542
  20
1427.829346
  0
VERTEX
  8
8
  10
129.913742
  20
1427.807739
  0
VERTEX
  8
8
  10
129.913742
  20
1427.807739
  0
VERTEX
  8
8
  10
131.410095
  20
1427.878540
  0
VERTEX
  8
8
  10
132.951202
  20
1428.081055
  0
VERTEX
  8
8
  10
134.525269
  20
1428.400879
  0
VERTEX
  8
8
  10
136.120529
  20
1428.823242
  0
VERTEX
  8
8
  10
137.725159
  20
1429.333374
  0
VERTEX
  8
8
  10
139.327469
  20
1429.916870
  0
VERTEX
  8
8
  10
140.915619
  20
1430.558838
  0
VERTEX
  8
8
  10
142.477859
  20
1431.244751
  0
VERTEX
  8
8
  10
144.002411
  20
1431.960083
  0
VERTEX
  8
8
  10
145.477478
  20
1432.689941
  0
VERTEX
  8
8
  10
146.891327
  20
1433.419800
  0
VERTEX
  8
8
  10
148.232147
  20
1434.135010
  0
VERTEX
  8
8
  10
148.232147
  20
1434.135010
  0
VERTEX
  8
8
  10
149.703644
  20
1434.863403
  0
VERTEX
  8
8
  10
151.268951
  20
1435.627686
  0
VERTEX
  8
8
  10
152.909698
  20
1436.405762
  0
VERTEX
  8
8
  10
154.607574
  20
1437.175415
  0
VERTEX
  8
8
  10
156.344193
  20
1437.914307
  0
VERTEX
  8
8
  10
158.101181
  20
1438.600464
  0
VERTEX
  8
8
  10
159.860245
  20
1439.211670
  0
VERTEX
  8
8
  10
161.602997
  20
1439.725586
  0
VERTEX
  8
8
  10
163.311066
  20
1440.120117
  0
VERTEX
  8
8
  10
164.966141
  20
1440.373169
  0
VERTEX
  8
8
  10
166.549835
  20
1440.462402
  0
VERTEX
  8
8
  10
166.549835
  20
1440.462402
  0
VERTEX
  8
8
  10
168.184753
  20
1440.373169
  0
VERTEX
  8
8
  10
169.872650
  20
1440.120117
  0
VERTEX
  8
8
  10
171.599258
  20
1439.725586
  0
VERTEX
  8
8
  10
173.350342
  20
1439.211670
  0
VERTEX
  8
8
  10
175.111633
  20
1438.600464
  0
VERTEX
  8
8
  10
176.868790
  20
1437.914307
  0
VERTEX
  8
8
  10
178.607605
  20
1437.175415
  0
VERTEX
  8
8
  10
180.313812
  20
1436.405762
  0
VERTEX
  8
8
  10
181.973114
  20
1435.627686
  0
VERTEX
  8
8
  10
183.571243
  20
1434.863403
  0
VERTEX
  8
8
  10
185.093933
  20
1434.135010
  0
VERTEX
  8
8
  10
185.093933
  20
1434.135010
  0
VERTEX
  8
8
  10
187.883148
  20
1432.624756
  0
VERTEX
  8
8
  10
190.973770
  20
1431.114502
  0
VERTEX
  8
8
  10
193.913895
  20
1429.916504
  0
VERTEX
  8
8
  10
193.913895
  20
1429.916504
  0
VERTEX
  8
8
  10
195.661530
  20
1429.247314
  0
VERTEX
  8
8
  10
197.582809
  20
1428.667969
  0
VERTEX
  8
8
  10
199.580063
  20
1428.212524
  0
VERTEX
  8
8
  10
201.555557
  20
1427.914429
  0
VERTEX
  8
8
  10
203.411636
  20
1427.807617
  0
VERTEX
  8
8
  10
203.411636
  20
1427.807617
  0
VERTEX
  8
8
  10
205.623779
  20
1428.005371
  0
VERTEX
  8
8
  10
208.047867
  20
1428.510620
  0
VERTEX
  8
8
  10
210.471924
  20
1429.191528
  0
VERTEX
  8
8
  10
212.683929
  20
1429.916504
  0
VERTEX
  8
8
  10
212.683929
  20
1429.916504
  0
VERTEX
  8
8
  10
217.206787
  20
1431.937866
  0
VERTEX
  8
8
  10
221.729813
  20
1434.135010
  0
VERTEX
  8
8
  10
221.729813
  20
1434.135010
  0
VERTEX
  8
8
  10
225.197372
  20
1435.775513
  0
VERTEX
  8
8
  10
228.966431
  20
1437.572388
  0
VERTEX
  8
8
  10
232.584778
  20
1439.056641
  0
VERTEX
  8
8
  10
232.584778
  20
1439.056641
  0
VERTEX
  8
8
  10
237.107605
  20
1440.228271
  0
VERTEX
  8
8
  10
237.107605
  20
1440.228271
  0
VERTEX
  8
8
  10
240.047974
  20
1440.462402
  0
VERTEX
  8
8
  10
240.047974
  20
1440.462402
  0
SEQEND
  0
POINT
  8
2
  10
20.934433
  20
1440.472290
  0
POINT
  8
2
  10
23.624771
  20
1439.993896
  0
POINT
  8
2
  10
27.921661
  20
1438.822510
  0
POINT
  8
2
  10
38.098145
  20
1434.135010
  0
POINT
  8
2
  10
47.144028
  20
1429.916504
  0
POINT
  8
2
  10
56.642471
  20
1427.807617
  0
POINT
  8
2
  10
74.960175
  20
1434.135010
  0
POINT
  8
2
  10
93.278107
  20
1440.462402
  0
POINT
  8
2
  10
111.596283
  20
1434.135010
  0
POINT
  8
2
  10
129.913742
  20
1427.807739
  0
POINT
  8
2
  10
148.232147
  20
1434.135010
  0
POINT
  8
2
  10
166.549835
  20
1440.462402
  0
POINT
  8
2
  10
185.093933
  20
1434.135010
  0
POINT
  8
2
  10
193.913895
  20
1429.916504
  0
POINT
  8
2
  10
203.411636
  20
1427.807617
  0
POINT
  8
2
  10
212.683929
  20
1429.916504
  0
POINT
  8
2
  10
221.729813
  20
1434.135010
  0
POINT
  8
2
  10
232.584778
  20
1439.056641
  0
POINT
  8
2
  10
237.107605
  20
1440.228271
  0
POINT
  8
2
  10
240.047974
  20
1440.462402
  0
POINT
  8
3
  10
42.621170
  20
1431.937866
  0
POINT
  8
3
  10
48.585800
  20
1429.337158
  0
POINT
  8
3
  10
50.159454
  20
1428.796997
  0
POINT
  8
3
  10
51.808441
  20
1428.334961
  0
POINT
  8
3
  10
53.476303
  20
1427.989990
  0
POINT
  8
3
  10
55.106461
  20
1427.801147
  0
POINT
  8
3
  10
58.226120
  20
1427.949707
  0
POINT
  8
3
  10
59.881134
  20
1428.235474
  0
POINT
  8
3
  10
61.589188
  20
1428.645874
  0
POINT
  8
3
  10
63.331909
  20
1429.161987
  0
POINT
  8
3
  10
65.090973
  20
1429.764648
  0
POINT
  8
3
  10
66.847961
  20
1430.435059
  0
POINT
  8
3
  10
68.584595
  20
1431.153931
  0
POINT
  8
3
  10
70.282471
  20
1431.902344
  0
POINT
  8
3
  10
71.923248
  20
1432.661377
  0
POINT
  8
3
  10
73.488632
  20
1433.411987
  0
POINT
  8
3
  10
76.426697
  20
1434.863403
  0
POINT
  8
3
  10
77.978821
  20
1435.627686
  0
POINT
  8
3
  10
79.601303
  20
1436.405762
  0
POINT
  8
3
  10
81.278839
  20
1437.175415
  0
POINT
  8
3
  10
82.996140
  20
1437.914307
  0
POINT
  8
3
  10
84.737854
  20
1438.600464
  0
POINT
  8
3
  10
86.488739
  20
1439.211670
  0
POINT
  8
3
  10
88.233521
  20
1439.725586
  0
POINT
  8
3
  10
89.956848
  20
1440.120117
  0
POINT
  8
3
  10
91.643478
  20
1440.373169
  0
POINT
  8
3
  10
94.861816
  20
1440.320313
  0
POINT
  8
3
  10
96.516846
  20
1440.034668
  0
POINT
  8
3
  10
98.224930
  20
1439.624268
  0
POINT
  8
3
  10
99.967682
  20
1439.108154
  0
POINT
  8
3
  10
101.726746
  20
1438.505493
  0
POINT
  8
3
  10
103.483749
  20
1437.835205
  0
POINT
  8
3
  10
105.220398
  20
1437.116333
  0
POINT
  8
3
  10
106.918320
  20
1436.367798
  0
POINT
  8
3
  10
108.559174
  20
1435.608765
  0
POINT
  8
3
  10
110.124619
  20
1434.858154
  0
POINT
  8
3
  10
112.936996
  20
1433.415283
  0
POINT
  8
3
  10
114.350761
  20
1432.673706
  0
POINT
  8
3
  10
115.825768
  20
1431.927124
  0
POINT
  8
3
  10
117.350288
  20
1431.192749
  0
POINT
  8
3
  10
118.912453
  20
1430.487671
  0
POINT
  8
3
  10
120.500572
  20
1429.828979
  0
POINT
  8
3
  10
122.102814
  20
1429.233765
  0
POINT
  8
3
  10
123.707420
  20
1428.719116
  0
POINT
  8
3
  10
125.302582
  20
1428.302124
  0
POINT
  8
3
  10
126.876556
  20
1427.999756
  0
POINT
  8
3
  10
128.417542
  20
1427.829346
  0
POINT
  8
3
  10
131.410095
  20
1427.878540
  0
POINT
  8
3
  10
132.951202
  20
1428.081055
  0
POINT
  8
3
  10
134.525269
  20
1428.400879
  0
POINT
  8
3
  10
136.120529
  20
1428.823242
  0
POINT
  8
3
  10
137.725159
  20
1429.333374
  0
POINT
  8
3
  10
139.327469
  20
1429.916870
  0
POINT
  8
3
  10
140.915619
  20
1430.558838
  0
POINT
  8
3
  10
142.477859
  20
1431.244751
  0
POINT
  8
3
  10
144.002411
  20
1431.960083
  0
POINT
  8
3
  10
145.477478
  20
1432.689941
  0
POINT
  8
3
  10
146.891327
  20
1433.419800
  0
POINT
  8
3
  10
149.703644
  20
1434.863403
  0
POINT
  8
3
  10
151.268951
  20
1435.627686
  0
POINT
  8
3
  10
152.909698
  20
1436.405762
  0
POINT
  8
3
  10
154.607574
  20
1437.175415
  0
POINT
  8
3
  10
156.344193
  20
1437.914307
  0
POINT
  8
3
  10
158.101181
  20
1438.600464
  0
POINT
  8
3
  10
159.860245
  20
1439.211670
  0
POINT
  8
3
  10
161.602997
  20
1439.725586
  0
POINT
  8
3
  10
163.311066
  20
1440.120117
  0
POINT
  8
3
  10
164.966141
  20
1440.373169
  0
POINT
  8
3
  10
168.184753
  20
1440.373169
  0
POINT
  8
3
  10
169.872650
  20
1440.120117
  0
POINT
  8
3
  10
171.599258
  20
1439.725586
  0
POINT
  8
3
  10
173.350342
  20
1439.211670
  0
POINT
  8
3
  10
175.111633
  20
1438.600464
  0
POINT
  8
3
  10
176.868790
  20
1437.914307
  0
POINT
  8
3
  10
178.607605
  20
1437.175415
  0
POINT
  8
3
  10
180.313812
  20
1436.405762
  0
POINT
  8
3
  10
181.973114
  20
1435.627686
  0
POINT
  8
3
  10
183.571243
  20
1434.863403
  0
POINT
  8
3
  10
187.883148
  20
1432.624756
  0
POINT
  8
3
  10
190.973770
  20
1431.114502
  0
POINT
  8
3
  10
195.661530
  20
1429.247314
  0
POINT
  8
3
  10
197.582809
  20
1428.667969
  0
POINT
  8
3
  10
199.580063
  20
1428.212524
  0
POINT
  8
3
  10
201.555557
  20
1427.914429
  0
POINT
  8
3
  10
205.623779
  20
1428.005371
  0
POINT
  8
3
  10
208.047867
  20
1428.510620
  0
POINT
  8
3
  10
210.471924
  20
1429.191528
  0
POINT
  8
3
  10
217.206787
  20
1431.937866
  0
POINT
  8
3
  10
225.197372
  20
1435.775513
  0
POINT
  8
3
  10
228.966431
  20
1437.572388
  0
POLYLINE
  8
85
  66
1
  70
0
  250
1
  0
VERTEX
  8
85
  10
20.934433
  20
1440.472290
  0
VERTEX
  8
85
  10
20.911026
  20
1440.462402
  0
VERTEX
  8
85
  10
22.719879
  20
1439.993896
  0
VERTEX
  8
85
  10
23.624771
  20
1439.993896
  0
VERTEX
  8
85
  10
24.981766
  20
1439.759766
  0
VERTEX
  8
85
  10
26.564682
  20
1439.056641
  0
VERTEX
  8
85
  10
27.921661
  20
1438.822510
  0
VERTEX
  8
85
  10
31.087738
  20
1437.415771
  0
VERTEX
  8
85
  10
35.158463
  20
1435.541260
  0
VERTEX
  8
85
  10
38.098145
  20
1434.135010
  0
VERTEX
  8
85
  10
40.811874
  20
1432.728760
  0
VERTEX
  8
85
  10
44.430511
  20
1431.088379
  0
VERTEX
  8
85
  10
47.144028
  20
1429.916504
  0
VERTEX
  8
85
  10
49.858002
  20
1428.744873
  0
VERTEX
  8
85
  10
53.702332
  20
1427.573486
  0
VERTEX
  8
85
  10
56.642471
  20
1427.807617
  0
VERTEX
  8
85
  10
62.295883
  20
1428.041992
  0
VERTEX
  8
85
  10
69.758850
  20
1431.557373
  0
VERTEX
  8
85
  10
74.960175
  20
1434.135010
  0
VERTEX
  8
85
  10
80.161728
  20
1436.712891
  0
VERTEX
  8
85
  10
87.398529
  20
1440.462402
  0
VERTEX
  8
85
  10
93.278107
  20
1440.462402
  0
VERTEX
  8
85
  10
98.931763
  20
1440.228271
  0
VERTEX
  8
85
  10
106.394485
  20
1436.712891
  0
VERTEX
  8
85
  10
111.596283
  20
1434.135010
  0
VERTEX
  8
85
  10
116.797363
  20
1431.322998
  0
VERTEX
  8
85
  10
124.034164
  20
1427.573486
  0
VERTEX
  8
85
  10
129.913742
  20
1427.807739
  0
VERTEX
  8
85
  10
135.794022
  20
1427.807617
  0
VERTEX
  8
85
  10
143.030594
  20
1431.322998
  0
VERTEX
  8
85
  10
148.232147
  20
1434.135010
  0
VERTEX
  8
85
  10
153.433228
  20
1436.712891
  0
VERTEX
  8
85
  10
160.896194
  20
1440.462402
  0
VERTEX
  8
85
  10
166.549835
  20
1440.462402
  0
VERTEX
  8
85
  10
172.429901
  20
1440.462402
  0
VERTEX
  8
85
  10
179.666458
  20
1436.712891
  0
VERTEX
  8
85
  10
185.093933
  20
1434.135010
  0
VERTEX
  8
85
  10
187.581757
  20
1432.728760
  0
VERTEX
  8
85
  10
191.199677
  20
1430.854248
  0
VERTEX
  8
85
  10
193.913895
  20
1429.916504
  0
VERTEX
  8
85
  10
196.627640
  20
1428.744873
  0
VERTEX
  8
85
  10
200.471970
  20
1427.807617
  0
VERTEX
  8
85
  10
203.411636
  20
1427.807617
  0
VERTEX
  8
85
  10
206.125610
  20
1427.807617
  0
VERTEX
  8
85
  10
209.970184
  20
1428.979248
  0
VERTEX
  8
85
  10
212.683929
  20
1429.916504
  0
VERTEX
  8
85
  10
215.397675
  20
1431.088379
  0
VERTEX
  8
85
  10
219.015839
  20
1432.728760
  0
VERTEX
  8
85
  10
221.729813
  20
1434.135010
  0
VERTEX
  8
85
  10
224.895874
  20
1435.541260
  0
VERTEX
  8
85
  10
229.192535
  20
1437.884766
  0
VERTEX
  8
85
  10
232.584778
  20
1439.056641
  0
VERTEX
  8
85
  10
233.941772
  20
1439.525146
  0
VERTEX
  8
85
  10
235.751083
  20
1439.993896
  0
VERTEX
  8
85
  10
237.107605
  20
1440.228271
  0
VERTEX
  8
85
  10
238.012497
  20
1440.228271
  0
VERTEX
  8
85
  10
240.047974
  20
1440.462402
  0
VERTEX
  8
85
  10
240.047974
  20
1440.462402
  0
SEQEND
  0
POINT
  8
2
  10
20.934433
  20
1440.472290
  0
POINT
  8
2
  10
23.624771
  20
1439.993896
  0
POINT
  8
2
  10
27.921661
  20
1438.822510
  0
POINT
  8
2
  10
38.098145
  20
1434.135010
  0
POINT
  8
2
  10
47.144028
  20
1429.916504
  0
POINT
  8
2
  10
56.642471
  20
1427.807617
  0
POINT
  8
2
  10
74.960175
  20
1434.135010
  0
POINT
  8
2
  10
93.278107
  20
1440.462402
  0
POINT
  8
2
  10
111.596283
  20
1434.135010
  0
POINT
  8
2
  10
129.913742
  20
1427.807739
  0
POINT
  8
2
  10
148.232147
  20
1434.135010
  0
POINT
  8
2
  10
166.549835
  20
1440.462402
  0
POINT
  8
2
  10
185.093933
  20
1434.135010
  0
POINT
  8
2
  10
193.913895
  20
1429.916504
  0
POINT
  8
2
  10
203.411636
  20
1427.807617
  0
POINT
  8
2
  10
212.683929
  20
1429.916504
  0
POINT
  8
2
  10
221.729813
  20
1434.135010
  0
POINT
  8
2
  10
232.584778
  20
1439.056641
  0
POINT
  8
2
  10
237.107605
  20
1440.228271
  0
POINT
  8
2
  10
240.047974
  20
1440.462402
  0
POINT
  8
3
  10
42.621170
  20
1431.937866
  0
POINT
  8
3
  10
48.585800
  20
1429.337158
  0
POINT
  8
3
  10
50.159454
  20
1428.796997
  0
POINT
  8
3
  10
51.808441
  20
1428.334961
  0
POINT
  8
3
  10
53.476303
  20
1427.989990
  0
POINT
  8
3
  10
55.106461
  20
1427.801147
  0
POINT
  8
3
  10
58.226120
  20
1427.949707
  0
POINT
  8
3
  10
59.881134
  20
1428.235474
  0
POINT
  8
3
  10
61.589188
  20
1428.645874
  0
POINT
  8
3
  10
63.331909
  20
1429.161987
  0
POINT
  8
3
  10
65.090973
  20
1429.764648
  0
POINT
  8
3
  10
66.847961
  20
1430.435059
  0
POINT
  8
3
  10
68.584595
  20
1431.153931
  0
POINT
  8
3
  10
70.282471
  20
1431.902344
  0
POINT
  8
3
  10
71.923248
  20
1432.661377
  0
POINT
  8
3
  10
73.488632
  20
1433.411987
  0
POINT
  8
3
  10
76.426697
  20
1434.863403
  0
POINT
  8
3
  10
77.978821
  20
1435.627686
  0
POINT
  8
3
  10
79.601303
  20
1436.405762
  0
POINT
  8
3
  10
81.278839
  20
1437.175415
  0
POINT
  8
3
  10
82.996140
  20
1437.914307
  0
POINT
  8
3
  10
84.737854
  20
1438.600464
  0
POINT
  8
3
  10
86.488739
  20
1439.211670
  0
POINT
  8
3
  10
88.233521
  20
1439.725586
  0
POINT
  8
3
  10
89.956848
  20
1440.120117
  0
POINT
  8
3
  10
91.643478
  20
1440.373169
  0
POINT
  8
3
  10
94.861816
  20
1440.320313
  0
POINT
  8
3
  10
96.516846
  20
1440.034668
  0
POINT
  8
3
  10
98.224930
  20
1439.624268
  0
POINT
  8
3
  10
99.967682
  20
1439.108154
  0
POINT
  8
3
  10
101.726746
  20
1438.505493
  0
POINT
  8
3
  10
103.483749
  20
1437.835205
  0
POINT
  8
3
  10
105.220398
  20
1437.116333
  0
POINT
  8
3
  10
106.918320
  20
1436.367798
  0
POINT
  8
3
  10
108.559174
  20
1435.608765
  0
POINT
  8
3
  10
110.124619
  20
1434.858154
  0
POINT
  8
3
  10
112.936996
  20
1433.415283
  0
POINT
  8
3
  10
114.350761
  20
1432.673706
  0
POINT
  8
3
  10
115.825768
  20
1431.927124
  0
POINT
  8
3
  10
117.350288
  20
1431.192749
  0
POINT
  8
3
  10
118.912453
  20
1430.487671
  0
POINT
  8
3
  10
120.500572
  20
1429.828979
  0
POINT
  8
3
  10
122.102814
  20
1429.233765
  0
POINT
  8
3
  10
123.707420
  20
1428.719116
  0
POINT
  8
3
  10
125.302582
  20
1428.302124
  0
POINT
  8
3
  10
126.876556
  20
1427.999756
  0
POINT
  8
3
  10
128.417542
  20
1427.829346
  0
POINT
  8
3
  10
131.410095
  20
1427.878540
  0
POINT
  8
3
  10
132.951202
  20
1428.081055
  0
POINT
  8
3
  10
134.525269
  20
1428.400879
  0
POINT
  8
3
  10
136.120529
  20
1428.823242
  0
POINT
  8
3
  10
137.725159
  20
1429.333374
  0
POINT
  8
3
  10
139.327469
  20
1429.916870
  0
POINT
  8
3
  10
140.915619
  20
1430.558838
  0
POINT
  8
3
  10
142.477859
  20
1431.244751
  0
POINT
  8
3
  10
144.002411
  20
1431.960083
  0
POINT
  8
3
  10
145.477478
  20
1432.689941
  0
POINT
  8
3
  10
146.891327
  20
1433.419800
  0
POINT
  8
3
  10
149.703644
  20
1434.863403
  0
POINT
  8
3
  10
151.268951
  20
1435.627686
  0
POINT
  8
3
  10
152.909698
  20
1436.405762
  0
POINT
  8
3
  10
154.607574
  20
1437.175415
  0
POINT
  8
3
  10
156.344193
  20
1437.914307
  0
POINT
  8
3
  10
158.101181
  20
1438.600464
  0
POINT
  8
3
  10
159.860245
  20
1439.211670
  0
POINT
  8
3
  10
161.602997
  20
1439.725586
  0
POINT
  8
3
  10
163.311066
  20
1440.120117
  0
POINT
  8
3
  10
164.966141
  20
1440.373169
  0
POINT
  8
3
  10
168.184753
  20
1440.373169
  0
POINT
  8
3
  10
169.872650
  20
1440.120117
  0
POINT
  8
3
  10
171.599258
  20
1439.725586
  0
POINT
  8
3
  10
173.350342
  20
1439.211670
  0
POINT
  8
3
  10
175.111633
  20
1438.600464
  0
POINT
  8
3
  10
176.868790
  20
1437.914307
  0
POINT
  8
3
  10
178.607605
  20
1437.175415
  0
POINT
  8
3
  10
180.313812
  20
1436.405762
  0
POINT
  8
3
  10
181.973114
  20
1435.627686
  0
POINT
  8
3
  10
183.571243
  20
1434.863403
  0
POINT
  8
3
  10
187.883148
  20
1432.624756
  0
POINT
  8
3
  10
190.973770
  20
1431.114502
  0
POINT
  8
3
  10
195.661530
  20
1429.247314
  0
POINT
  8
3
  10
197.582809
  20
1428.667969
  0
POINT
  8
3
  10
199.580063
  20
1428.212524
  0
POINT
  8
3
  10
201.555557
  20
1427.914429
  0
POINT
  8
3
  10
205.623779
  20
1428.005371
  0
POINT
  8
3
  10
208.047867
  20
1428.510620
  0
POINT
  8
3
  10
210.471924
  20
1429.191528
  0
POINT
  8
3
  10
217.206787
  20
1431.937866
  0
POINT
  8
3
  10
225.197372
  20
1435.775513
  0
POINT
  8
3
  10
228.966431
  20
1437.572388
  0
POLYLINE
  8
8
  66
1
  70
0
  250
0
  0
VERTEX
  8
8
  10
125.164986
  20
1501.161377
  0
VERTEX
  8
8
  10
123.808441
  20
1498.817383
  0
SEQEND
  0
POINT
  8
2
  10
125.164986
  20
1501.161377
  0
POINT
  8
2
  10
123.808441
  20
1498.817383
  0
POLYLINE
  8
85
  66
1
  70
0
  250
1
  0
VERTEX
  8
85
  10
125.164986
  20
1501.161377
  0
VERTEX
  8
85
  10
123.808441
  20
1498.817383
  0
SEQEND
  0
POINT
  8
2
  10
125.164986
  20
1501.161377
  0
POINT
  8
2
  10
123.808441
  20
1498.817383
  0
POLYLINE
  8
8
  66
1
  70
0
  250
0
  0
VERTEX
  8
8
  10
240.047745
  20
1493.192871
  0
VERTEX
  8
8
  10
454.434998
  20
1493.192871
  0
SEQEND
  0
POINT
  8
2
  10
240.047745
  20
1493.192871
  0
POINT
  8
2
  10
454.434998
  20
1493.192871
  0
POLYLINE
  8
85
  66
1
  70
0
  250
1
  0
VERTEX
  8
85
  10
240.047745
  20
1493.192871
  0
VERTEX
  8
85
  10
454.434998
  20
1493.192871
  0
SEQEND
  0
POINT
  8
2
  10
240.047745
  20
1493.192871
  0
POINT
  8
2
  10
454.434998
  20
1493.192871
  0
POLYLINE
  8
8
  66
1
  70
0
  250
0
  0
VERTEX
  8
8
  10
459.161072
  20
1440.472290
  0
VERTEX
  8
8
  10
456.470703
  20
1439.993896
  0
VERTEX
  8
8
  10
456.470703
  20
1439.993896
  0
VERTEX
  8
8
  10
452.173828
  20
1438.822510
  0
VERTEX
  8
8
  10
452.173828
  20
1438.822510
  0
VERTEX
  8
8
  10
441.997345
  20
1434.135010
  0
VERTEX
  8
8
  10
441.997345
  20
1434.135010
  0
VERTEX
  8
8
  10
437.474304
  20
1431.937866
  0
VERTEX
  8
8
  10
432.951477
  20
1429.916504
  0
VERTEX
  8
8
  10
432.951477
  20
1429.916504
  0
VERTEX
  8
8
  10
431.509705
  20
1429.337158
  0
VERTEX
  8
8
  10
429.936035
  20
1428.796997
  0
VERTEX
  8
8
  10
428.287048
  20
1428.334961
  0
VERTEX
  8
8
  10
426.619202
  20
1427.989990
  0
VERTEX
  8
8
  10
424.989014
  20
1427.801147
  0
VERTEX
  8
8
  10
423.453003
  20
1427.807617
  0
VERTEX
  8
8
  10
423.453003
  20
1427.807617
  0
VERTEX
  8
8
  10
421.869385
  20
1427.949707
  0
VERTEX
  8
8
  10
420.214355
  20
1428.235474
  0
VERTEX
  8
8
  10
418.506287
  20
1428.645874
  0
VERTEX
  8
8
  10
416.763580
  20
1429.161987
  0
VERTEX
  8
8
  10
415.004517
  20
1429.764648
  0
VERTEX
  8
8
  10
413.247528
  20
1430.435059
  0
VERTEX
  8
8
  10
411.510895
  20
1431.153931
  0
VERTEX
  8
8
  10
409.813019
  20
1431.902344
  0
VERTEX
  8
8
  10
408.172241
  20
1432.661377
  0
VERTEX
  8
8
  10
406.606873
  20
1433.411987
  0
VERTEX
  8
8
  10
405.135315
  20
1434.135010
  0
VERTEX
  8
8
  10
405.135315
  20
1434.135010
  0
VERTEX
  8
8
  10
403.668793
  20
1434.863403
  0
VERTEX
  8
8
  10
402.116669
  20
1435.627686
  0
VERTEX
  8
8
  10
400.494202
  20
1436.405762
  0
VERTEX
  8
8
  10
398.816650
  20
1437.175415
  0
VERTEX
  8
8
  10
397.099365
  20
1437.914307
  0
VERTEX
  8
8
  10
395.357635
  20
1438.600464
  0
VERTEX
  8
8
  10
393.606750
  20
1439.211670
  0
VERTEX
  8
8
  10
391.861969
  20
1439.725586
  0
VERTEX
  8
8
  10
390.138641
  20
1440.120117
  0
VERTEX
  8
8
  10
388.452026
  20
1440.373169
  0
VERTEX
  8
8
  10
386.817383
  20
1440.462402
  0
VERTEX
  8
8
  10
386.817383
  20
1440.462402
  0
VERTEX
  8
8
  10
385.233673
  20
1440.320313
  0
VERTEX
  8
8
  10
383.578644
  20
1440.034668
  0
VERTEX
  8
8
  10
381.870544
  20
1439.624268
  0
VERTEX
  8
8
  10
380.127808
  20
1439.108154
  0
VERTEX
  8
8
  10
378.368744
  20
1438.505493
  0
VERTEX
  8
8
  10
376.611755
  20
1437.835205
  0
VERTEX
  8
8
  10
374.875092
  20
1437.116333
  0
VERTEX
  8
8
  10
373.177185
  20
1436.367798
  0
VERTEX
  8
8
  10
371.536316
  20
1435.608765
  0
VERTEX
  8
8
  10
369.970886
  20
1434.858154
  0
VERTEX
  8
8
  10
368.499207
  20
1434.135010
  0
VERTEX
  8
8
  10
368.499207
  20
1434.135010
  0
VERTEX
  8
8
  10
367.158508
  20
1433.415283
  0
VERTEX
  8
8
  10
365.744720
  20
1432.673706
  0
VERTEX
  8
8
  10
364.269714
  20
1431.927124
  0
VERTEX
  8
8
  10
362.745209
  20
1431.192749
  0
VERTEX
  8
8
  10
361.183044
  20
1430.487671
  0
VERTEX
  8
8
  10
359.594910
  20
1429.828979
  0
VERTEX
  8
8
  10
357.992676
  20
1429.233765
  0
VERTEX
  8
8
  10
356.388062
  20
1428.719116
  0
VERTEX
  8
8
  10
354.792908
  20
1428.302124
  0
VERTEX
  8
8
  10
353.218933
  20
1427.999756
  0
VERTEX
  8
8
  10
351.677948
  20
1427.829346
  0
VERTEX
  8
8
  10
350.181763
  20
1427.807739
  0
VERTEX
  8
8
  10
350.181763
  20
1427.807739
  0
VERTEX
  8
8
  10
348.685394
  20
1427.878540
  0
VERTEX
  8
8
  10
347.144287
  20
1428.081055
  0
VERTEX
  8
8
  10
345.570221
  20
1428.400879
  0
VERTEX
  8
8
  10
343.974976
  20
1428.823242
  0
VERTEX
  8
8
  10
342.370331
  20
1429.333374
  0
VERTEX
  8
8
  10
340.768005
  20
1429.916870
  0
VERTEX
  8
8
  10
339.179871
  20
1430.558838
  0
VERTEX
  8
8
  10
337.617615
  20
1431.244751
  0
VERTEX
  8
8
  10
336.093079
  20
1431.960083
  0
VERTEX
  8
8
  10
334.618011
  20
1432.689941
  0
VERTEX
  8
8
  10
333.204163
  20
1433.419800
  0
VERTEX
  8
8
  10
331.863342
  20
1434.135010
  0
VERTEX
  8
8
  10
331.863342
  20
1434.135010
  0
VERTEX
  8
8
  10
330.391846
  20
1434.863403
  0
VERTEX
  8
8
  10
328.826538
  20
1435.627686
  0
VERTEX
  8
8
  10
327.185791
  20
1436.405762
  0
VERTEX
  8
8
  10
325.487915
  20
1437.175415
  0
VERTEX
  8
8
  10
323.751282
  20
1437.914307
  0
VERTEX
  8
8
  10
321.994324
  20
1438.600464
  0
VERTEX
  8
8
  10
320.235229
  20
1439.211670
  0
VERTEX
  8
8
  10
318.492493
  20
1439.725586
  0
VERTEX
  8
8
  10
316.784424
  20
1440.120117
  0
VERTEX
  8
8
  10
315.129333
  20
1440.373169
  0
VERTEX
  8
8
  10
313.545654
  20
1440.462402
  0
VERTEX
  8
8
  10
313.545654
  20
1440.462402
  0
VERTEX
  8
8
  10
311.910736
  20
1440.373169
  0
VERTEX
  8
8
  10
310.222839
  20
1440.120117
  0
VERTEX
  8
8
  10
308.496216
  20
1439.725586
  0
VERTEX
  8
8
  10
306.745148
  20
1439.211670
  0
VERTEX
  8
8
  10
304.983856
  20
1438.600464
  0
VERTEX
  8
8
  10
303.226685
  20
1437.914307
  0
VERTEX
  8
8
  10
301.487885
  20
1437.175415
  0
VERTEX
  8
8
  10
299.781677
  20
1436.405762
  0
VERTEX
  8
8
  10
298.122375
  20
1435.627686
  0
VERTEX
  8
8
  10
296.524231
  20
1434.863403
  0
VERTEX
  8
8
  10
295.001556
  20
1434.135010
  0
VERTEX
  8
8
  10
295.001556
  20
1434.135010
  0
VERTEX
  8
8
  10
292.212341
  20
1432.624756
  0
VERTEX
  8
8
  10
289.121704
  20
1431.114502
  0
VERTEX
  8
8
  10
286.181580
  20
1429.916504
  0
VERTEX
  8
8
  10
286.181580
  20
1429.916504
  0
VERTEX
  8
8
  10
284.433960
  20
1429.247314
  0
VERTEX
  8
8
  10
282.512665
  20
1428.667969
  0
VERTEX
  8
8
  10
280.515442
  20
1428.212524
  0
VERTEX
  8
8
  10
278.539917
  20
1427.914429
  0
VERTEX
  8
8
  10
276.683838
  20
1427.807617
  0
VERTEX
  8
8
  10
276.683838
  20
1427.807617
  0
VERTEX
  8
8
  10
274.471710
  20
1428.005371
  0
VERTEX
  8
8
  10
272.047607
  20
1428.510620
  0
VERTEX
  8
8
  10
269.623566
  20
1429.191528
  0
VERTEX
  8
8
  10
267.411560
  20
1429.916504
  0
VERTEX
  8
8
  10
267.411560
  20
1429.916504
  0
VERTEX
  8
8
  10
262.888702
  20
1431.937866
  0
VERTEX
  8
8
  10
258.365692
  20
1434.135010
  0
VERTEX
  8
8
  10
258.365692
  20
1434.135010
  0
VERTEX
  8
8
  10
254.898117
  20
1435.775513
  0
VERTEX
  8
8
  10
251.129059
  20
1437.572388
  0
VERTEX
  8
8
  10
247.510712
  20
1439.056641
  0
VERTEX
  8
8
  10
247.510712
  20
1439.056641
  0
VERTEX
  8
8
  10
242.987885
  20
1440.228271
  0
VERTEX
  8
8
  10
242.987885
  20
1440.228271
  0
VERTEX
  8
8
  10
240.047516
  20
1440.462402
  0
VERTEX
  8
8
  10
240.047516
  20
1440.462402
  0
SEQEND
  0
POINT
  8
2
  10
459.161072
  20
1440.472290
  0
POINT
  8
2
  10
456.470703
  20
1439.993896
  0
POINT
  8
2
  10
452.173828
  20
1438.822510
  0
POINT
  8
2
  10
441.997345
  20
1434.135010
  0
POINT
  8
2
  10
432.951477
  20
1429.916504
  0
POINT
  8
2
  10
423.453003
  20
1427.807617
  0
POINT
  8
2
  10
405.135315
  20
1434.135010
  0
POINT
  8
2
  10
386.817383
  20
1440.462402
  0
POINT
  8
2
  10
368.499207
  20
1434.135010
  0
POINT
  8
2
  10
350.181763
  20
1427.807739
  0
POINT
  8
2
  10
331.863342
  20
1434.135010
  0
POINT
  8
2
  10
313.545654
  20
1440.462402
  0
POINT
  8
2
  10
295.001556
  20
1434.135010
  0
POINT
  8
2
  10
286.181580
  20
1429.916504
  0
POINT
  8
2
  10
276.683838
  20
1427.807617
  0
POINT
  8
2
  10
267.411560
  20
1429.916504
  0
POINT
  8
2
  10
258.365692
  20
1434.135010
  0
POINT
  8
2
  10
247.510712
  20
1439.056641
  0
POINT
  8
2
  10
242.987885
  20
1440.228271
  0
POINT
  8
2
  10
240.047516
  20
1440.462402
  0
POINT
  8
3
  10
437.474304
  20
1431.937866
  0
POINT
  8
3
  10
431.509705
  20
1429.337158
  0
POINT
  8
3
  10
429.936035
  20
1428.796997
  0
POINT
  8
3
  10
428.287048
  20
1428.334961
  0
POINT
  8
3
  10
426.619202
  20
1427.989990
  0
POINT
  8
3
  10
424.989014
  20
1427.801147
  0
POINT
  8
3
  10
421.869385
  20
1427.949707
  0
POINT
  8
3
  10
420.214355
  20
1428.235474
  0
POINT
  8
3
  10
418.506287
  20
1428.645874
  0
POINT
  8
3
  10
416.763580
  20
1429.161987
  0
POINT
  8
3
  10
415.004517
  20
1429.764648
  0
POINT
  8
3
  10
413.247528
  20
1430.435059
  0
POINT
  8
3
  10
411.510895
  20
1431.153931
  0
POINT
  8
3
  10
409.813019
  20
1431.902344
  0
POINT
  8
3
  10
408.172241
  20
1432.661377
  0
POINT
  8
3
  10
406.606873
  20
1433.411987
  0
POINT
  8
3
  10
403.668793
  20
1434.863403
  0
POINT
  8
3
  10
402.116669
  20
1435.627686
  0
POINT
  8
3
  10
400.494202
  20
1436.405762
  0
POINT
  8
3
  10
398.816650
  20
1437.175415
  0
POINT
  8
3
  10
397.099365
  20
1437.914307
  0
POINT
  8
3
  10
395.357635
  20
1438.600464
  0
POINT
  8
3
  10
393.606750
  20
1439.211670
  0
POINT
  8
3
  10
391.861969
  20
1439.725586
  0
POINT
  8
3
  10
390.138641
  20
1440.120117
  0
POINT
  8
3
  10
388.452026
  20
1440.373169
  0
POINT
  8
3
  10
385.233673
  20
1440.320313
  0
POINT
  8
3
  10
383.578644
  20
1440.034668
  0
POINT
  8
3
  10
381.870544
  20
1439.624268
  0
POINT
  8
3
  10
380.127808
  20
1439.108154
  0
POINT
  8
3
  10
378.368744
  20
1438.505493
  0
POINT
  8
3
  10
376.611755
  20
1437.835205
  0
POINT
  8
3
  10
374.875092
  20
1437.116333
  0
POINT
  8
3
  10
373.177185
  20
1436.367798
  0
POINT
  8
3
  10
371.536316
  20
1435.608765
  0
POINT
  8
3
  10
369.970886
  20
1434.858154
  0
POINT
  8
3
  10
367.158508
  20
1433.415283
  0
POINT
  8
3
  10
365.744720
  20
1432.673706
  0
POINT
  8
3
  10
364.269714
  20
1431.927124
  0
POINT
  8
3
  10
362.745209
  20
1431.192749
  0
POINT
  8
3
  10
361.183044
  20
1430.487671
  0
POINT
  8
3
  10
359.594910
  20
1429.828979
  0
POINT
  8
3
  10
357.992676
  20
1429.233765
  0
POINT
  8
3
  10
356.388062
  20
1428.719116
  0
POINT
  8
3
  10
354.792908
  20
1428.302124
  0
POINT
  8
3
  10
353.218933
  20
1427.999756
  0
POINT
  8
3
  10
351.677948
  20
1427.829346
  0
POINT
  8
3
  10
348.685394
  20
1427.878540
  0
POINT
  8
3
  10
347.144287
  20
1428.081055
  0
POINT
  8
3
  10
345.570221
  20
1428.400879
  0
POINT
  8
3
  10
343.974976
  20
1428.823242
  0
POINT
  8
3
  10
342.370331
  20
1429.333374
  0
POINT
  8
3
  10
340.768005
  20
1429.916870
  0
POINT
  8
3
  10
339.179871
  20
1430.558838
  0
POINT
  8
3
  10
337.617615
  20
1431.244751
  0
POINT
  8
3
  10
336.093079
  20
1431.960083
  0
POINT
  8
3
  10
334.618011
  20
1432.689941
  0
POINT
  8
3
  10
333.204163
  20
1433.419800
  0
POINT
  8
3
  10
330.391846
  20
1434.863403
  0
POINT
  8
3
  10
328.826538
  20
1435.627686
  0
POINT
  8
3
  10
327.185791
  20
1436.405762
  0
POINT
  8
3
  10
325.487915
  20
1437.175415
  0
POINT
  8
3
  10
323.751282
  20
1437.914307
  0
POINT
  8
3
  10
321.994324
  20
1438.600464
  0
POINT
  8
3
  10
320.235229
  20
1439.211670
  0
POINT
  8
3
  10
318.492493
  20
1439.725586
  0
POINT
  8
3
  10
316.784424
  20
1440.120117
  0
POINT
  8
3
  10
315.129333
  20
1440.373169
  0
POINT
  8
3
  10
311.910736
  20
1440.373169
  0
POINT
  8
3
  10
310.222839
  20
1440.120117
  0
POINT
  8
3
  10
308.496216
  20
1439.725586
  0
POINT
  8
3
  10
306.745148
  20
1439.211670
  0
POINT
  8
3
  10
304.983856
  20
1438.600464
  0
POINT
  8
3
  10
303.226685
  20
1437.914307
  0
POINT
  8
3
  10
301.487885
  20
1437.175415
  0
POINT
  8
3
  10
299.781677
  20
1436.405762
  0
POINT
  8
3
  10
298.122375
  20
1435.627686
  0
POINT
  8
3
  10
296.524231
  20
1434.863403
  0
POINT
  8
3
  10
292.212341
  20
1432.624756
  0
POINT
  8
3
  10
289.121704
  20
1431.114502
  0
POINT
  8
3
  10
284.433960
  20
1429.247314
  0
POINT
  8
3
  10
282.512665
  20
1428.667969
  0
POINT
  8
3
  10
280.515442
  20
1428.212524
  0
POINT
  8
3
  10
278.539917
  20
1427.914429
  0
POINT
  8
3
  10
274.471710
  20
1428.005371
  0
POINT
  8
3
  10
272.047607
  20
1428.510620
  0
POINT
  8
3
  10
269.623566
  20
1429.191528
  0
POINT
  8
3
  10
262.888702
  20
1431.937866
  0
POINT
  8
3
  10
254.898117
  20
1435.775513
  0
POINT
  8
3
  10
251.129059
  20
1437.572388
  0
POLYLINE
  8
85
  66
1
  70
0
  250
1
  0
VERTEX
  8
85
  10
459.161072
  20
1440.472290
  0
VERTEX
  8
85
  10
459.184448
  20
1440.462402
  0
VERTEX
  8
85
  10
457.375610
  20
1439.993896
  0
VERTEX
  8
85
  10
456.470703
  20
1439.993896
  0
VERTEX
  8
85
  10
455.113708
  20
1439.759766
  0
VERTEX
  8
85
  10
453.530823
  20
1439.056641
  0
VERTEX
  8
85
  10
452.173828
  20
1438.822510
  0
VERTEX
  8
85
  10
449.007751
  20
1437.415771
  0
VERTEX
  8
85
  10
444.937012
  20
1435.541260
  0
VERTEX
  8
85
  10
441.997345
  20
1434.135010
  0
VERTEX
  8
85
  10
439.283630
  20
1432.728760
  0
VERTEX
  8
85
  10
435.664978
  20
1431.088379
  0
VERTEX
  8
85
  10
432.951477
  20
1429.916504
  0
VERTEX
  8
85
  10
430.237488
  20
1428.744873
  0
VERTEX
  8
85
  10
426.393158
  20
1427.573486
  0
VERTEX
  8
85
  10
423.453003
  20
1427.807617
  0
VERTEX
  8
85
  10
417.799622
  20
1428.041992
  0
VERTEX
  8
85
  10
410.336639
  20
1431.557373
  0
VERTEX
  8
85
  10
405.135315
  20
1434.135010
  0
VERTEX
  8
85
  10
399.933777
  20
1436.712891
  0
VERTEX
  8
85
  10
392.696960
  20
1440.462402
  0
VERTEX
  8
85
  10
386.817383
  20
1440.462402
  0
VERTEX
  8
85
  10
381.163727
  20
1440.228271
  0
VERTEX
  8
85
  10
373.700989
  20
1436.712891
  0
VERTEX
  8
85
  10
368.499207
  20
1434.135010
  0
VERTEX
  8
85
  10
363.298126
  20
1431.322998
  0
VERTEX
  8
85
  10
356.061340
  20
1427.573486
  0
VERTEX
  8
85
  10
350.181763
  20
1427.807739
  0
VERTEX
  8
85
  10
344.301453
  20
1427.807617
  0
VERTEX
  8
85
  10
337.064880
  20
1431.322998
  0
VERTEX
  8
85
  10
331.863342
  20
1434.135010
  0
VERTEX
  8
85
  10
326.662262
  20
1436.712891
  0
VERTEX
  8
85
  10
319.199280
  20
1440.462402
  0
VERTEX
  8
85
  10
313.545654
  20
1440.462402
  0
VERTEX
  8
85
  10
307.665588
  20
1440.462402
  0
VERTEX
  8
85
  10
300.429016
  20
1436.712891
  0
VERTEX
  8
85
  10
295.001556
  20
1434.135010
  0
VERTEX
  8
85
  10
292.513733
  20
1432.728760
  0
VERTEX
  8
85
  10
288.895813
  20
1430.854248
  0
VERTEX
  8
85
  10
286.181580
  20
1429.916504
  0
VERTEX
  8
85
  10
283.467834
  20
1428.744873
  0
VERTEX
  8
85
  10
279.623535
  20
1427.807617
  0
VERTEX
  8
85
  10
276.683838
  20
1427.807617
  0
VERTEX
  8
85
  10
273.969879
  20
1427.807617
  0
VERTEX
  8
85
  10
270.125305
  20
1428.979248
  0
VERTEX
  8
85
  10
267.411560
  20
1429.916504
  0
VERTEX
  8
85
  10
264.697815
  20
1431.088379
  0
VERTEX
  8
85
  10
261.079651
  20
1432.728760
  0
VERTEX
  8
85
  10
258.365692
  20
1434.135010
  0
VERTEX
  8
85
  10
255.199615
  20
1435.541260
  0
VERTEX
  8
85
  10
250.902954
  20
1437.884766
  0
VERTEX
  8
85
  10
247.510712
  20
1439.056641
  0
VERTEX
  8
85
  10
246.153717
  20
1439.525146
  0
VERTEX
  8
85
  10
244.344406
  20
1439.993896
  0
VERTEX
  8
85
  10
242.987885
  20
1440.228271
  0
VERTEX
  8
85
  10
242.082993
  20
1440.228271
  0
VERTEX
  8
85
  10
240.047516
  20
1440.462402
  0
VERTEX
  8
85
  10
240.047516
  20
1440.462402
  0
SEQEND
  0
POINT
  8
2
  10
459.161072
  20
1440.472290
  0
POINT
  8
2
  10
456.470703
  20
1439.993896
  0
POINT
  8
2
  10
452.173828
  20
1438.822510
  0
POINT
  8
2
  10
441.997345
  20
1434.135010
  0
POINT
  8
2
  10
432.951477
  20
1429.916504
  0
POINT
  8
2
  10
423.453003
  20
1427.807617
  0
POINT
  8
2
  10
405.135315
  20
1434.135010
  0
POINT
  8
2
  10
386.817383
  20
1440.462402
  0
POINT
  8
2
  10
368.499207
  20
1434.135010
  0
POINT
  8
2
  10
350.181763
  20
1427.807739
  0
POINT
  8
2
  10
331.863342
  20
1434.135010
  0
POINT
  8
2
  10
313.545654
  20
1440.462402
  0
POINT
  8
2
  10
295.001556
  20
1434.135010
  0
POINT
  8
2
  10
286.181580
  20
1429.916504
  0
POINT
  8
2
  10
276.683838
  20
1427.807617
  0
POINT
  8
2
  10
267.411560
  20
1429.916504
  0
POINT
  8
2
  10
258.365692
  20
1434.135010
  0
POINT
  8
2
  10
247.510712
  20
1439.056641
  0
POINT
  8
2
  10
242.987885
  20
1440.228271
  0
POINT
  8
2
  10
240.047516
  20
1440.462402
  0
POINT
  8
3
  10
437.474304
  20
1431.937866
  0
POINT
  8
3
  10
431.509705
  20
1429.337158
  0
POINT
  8
3
  10
429.936035
  20
1428.796997
  0
POINT
  8
3
  10
428.287048
  20
1428.334961
  0
POINT
  8
3
  10
426.619202
  20
1427.989990
  0
POINT
  8
3
  10
424.989014
  20
1427.801147
  0
POINT
  8
3
  10
421.869385
  20
1427.949707
  0
POINT
  8
3
  10
420.214355
  20
1428.235474
  0
POINT
  8
3
  10
418.506287
  20
1428.645874
  0
POINT
  8
3
  10
416.763580
  20
1429.161987
  0
POINT
  8
3
  10
415.004517
  20
1429.764648
  0
POINT
  8
3
  10
413.247528
  20
1430.435059
  0
POINT
  8
3
  10
411.510895
  20
1431.153931
  0
POINT
  8
3
  10
409.813019
  20
1431.902344
  0
POINT
  8
3
  10
408.172241
  20
1432.661377
  0
POINT
  8
3
  10
406.606873
  20
1433.411987
  0
POINT
  8
3
  10
403.668793
  20
1434.863403
  0
POINT
  8
3
  10
402.116669
  20
1435.627686
  0
POINT
  8
3
  10
400.494202
  20
1436.405762
  0
POINT
  8
3
  10
398.816650
  20
1437.175415
  0
POINT
  8
3
  10
397.099365
  20
1437.914307
  0
POINT
  8
3
  10
395.357635
  20
1438.600464
  0
POINT
  8
3
  10
393.606750
  20
1439.211670
  0
POINT
  8
3
  10
391.861969
  20
1439.725586
  0
POINT
  8
3
  10
390.138641
  20
1440.120117
  0
POINT
  8
3
  10
388.452026
  20
1440.373169
  0
POINT
  8
3
  10
385.233673
  20
1440.320313
  0
POINT
  8
3
  10
383.578644
  20
1440.034668
  0
POINT
  8
3
  10
381.870544
  20
1439.624268
  0
POINT
  8
3
  10
380.127808
  20
1439.108154
  0
POINT
  8
3
  10
378.368744
  20
1438.505493
  0
POINT
  8
3
  10
376.611755
  20
1437.835205
  0
POINT
  8
3
  10
374.875092
  20
1437.116333
  0
POINT
  8
3
  10
373.177185
  20
1436.367798
  0
POINT
  8
3
  10
371.536316
  20
1435.608765
  0
POINT
  8
3
  10
369.970886
  20
1434.858154
  0
POINT
  8
3
  10
367.158508
  20
1433.415283
  0
POINT
  8
3
  10
365.744720
  20
1432.673706
  0
POINT
  8
3
  10
364.269714
  20
1431.927124
  0
POINT
  8
3
  10
362.745209
  20
1431.192749
  0
POINT
  8
3
  10
361.183044
  20
1430.487671
  0
POINT
  8
3
  10
359.594910
  20
1429.828979
  0
POINT
  8
3
  10
357.992676
  20
1429.233765
  0
POINT
  8
3
  10
356.388062
  20
1428.719116
  0
POINT
  8
3
  10
354.792908
  20
1428.302124
  0
POINT
  8
3
  10
353.218933
  20
1427.999756
  0
POINT
  8
3
  10
351.677948
  20
1427.829346
  0
POINT
  8
3
  10
348.685394
  20
1427.878540
  0
POINT
  8
3
  10
347.144287
  20
1428.081055
  0
POINT
  8
3
  10
345.570221
  20
1428.400879
  0
POINT
  8
3
  10
343.974976
  20
1428.823242
  0
POINT
  8
3
  10
342.370331
  20
1429.333374
  0
POINT
  8
3
  10
340.768005
  20
1429.916870
  0
POINT
  8
3
  10
339.179871
  20
1430.558838
  0
POINT
  8
3
  10
337.617615
  20
1431.244751
  0
POINT
  8
3
  10
336.093079
  20
1431.960083
  0
POINT
  8
3
  10
334.618011
  20
1432.689941
  0
POINT
  8
3
  10
333.204163
  20
1433.419800
  0
POINT
  8
3
  10
330.391846
  20
1434.863403
  0
POINT
  8
3
  10
328.826538
  20
1435.627686
  0
POINT
  8
3
  10
327.185791
  20
1436.405762
  0
POINT
  8
3
  10
325.487915
  20
1437.175415
  0
POINT
  8
3
  10
323.751282
  20
1437.914307
  0
POINT
  8
3
  10
321.994324
  20
1438.600464
  0
POINT
  8
3
  10
320.235229
  20
1439.211670
  0
POINT
  8
3
  10
318.492493
  20
1439.725586
  0
POINT
  8
3
  10
316.784424
  20
1440.120117
  0
POINT
  8
3
  10
315.129333
  20
1440.373169
  0
POINT
  8
3
  10
311.910736
  20
1440.373169
  0
POINT
  8
3
  10
310.222839
  20
1440.120117
  0
POINT
  8
3
  10
308.496216
  20
1439.725586
  0
POINT
  8
3
  10
306.745148
  20
1439.211670
  0
POINT
  8
3
  10
304.983856
  20
1438.600464
  0
POINT
  8
3
  10
303.226685
  20
1437.914307
  0
POINT
  8
3
  10
301.487885
  20
1437.175415
  0
POINT
  8
3
  10
299.781677
  20
1436.405762
  0
POINT
  8
3
  10
298.122375
  20
1435.627686
  0
POINT
  8
3
  10
296.524231
  20
1434.863403
  0
POINT
  8
3
  10
292.212341
  20
1432.624756
  0
POINT
  8
3
  10
289.121704
  20
1431.114502
  0
POINT
  8
3
  10
284.433960
  20
1429.247314
  0
POINT
  8
3
  10
282.512665
  20
1428.667969
  0
POINT
  8
3
  10
280.515442
  20
1428.212524
  0
POINT
  8
3
  10
278.539917
  20
1427.914429
  0
POINT
  8
3
  10
274.471710
  20
1428.005371
  0
POINT
  8
3
  10
272.047607
  20
1428.510620
  0
POINT
  8
3
  10
269.623566
  20
1429.191528
  0
POINT
  8
3
  10
262.888702
  20
1431.937866
  0
POINT
  8
3
  10
254.898117
  20
1435.775513
  0
POINT
  8
3
  10
251.129059
  20
1437.572388
  0
POLYLINE
  8
8
  66
1
  70
0
  250
0
  0
VERTEX
  8
8
  10
354.930511
  20
1501.161377
  0
VERTEX
  8
8
  10
356.287048
  20
1498.817383
  0
SEQEND
  0
POINT
  8
2
  10
354.930511
  20
1501.161377
  0
POINT
  8
2
  10
356.287048
  20
1498.817383
  0
POLYLINE
  8
85
  66
1
  70
0
  250
1
  0
VERTEX
  8
85
  10
354.930511
  20
1501.161377
  0
VERTEX
  8
85
  10
356.287048
  20
1498.817383
  0
SEQEND
  0
POINT
  8
2
  10
354.930511
  20
1501.161377
  0
POINT
  8
2
  10
356.287048
  20
1498.817383
  0
POLYLINE
  8
8
  66
1
  70
0
  250
0
  0
VERTEX
  8
8
  10
125.164986
  20
1428.338135
  0
VERTEX
  8
8
  10
125.164986
  20
1501.161377
  0
SEQEND
  0
POINT
  8
2
  10
125.164986
  20
1428.338135
  0
POINT
  8
2
  10
125.164986
  20
1501.161377
  0
POLYLINE
  8
85
  66
1
  70
0
  250
1
  0
VERTEX
  8
85
  10
125.164986
  20
1428.338135
  0
VERTEX
  8
85
  10
125.164986
  20
1501.161377
  0
SEQEND
  0
POINT
  8
2
  10
125.164986
  20
1428.338135
  0
POINT
  8
2
  10
125.164986
  20
1501.161377
  0
POLYLINE
  8
8
  66
1
  70
0
  250
0
  0
VERTEX
  8
8
  10
354.930511
  20
1428.338135
  0
VERTEX
  8
8
  10
354.930511
  20
1501.161377
  0
SEQEND
  0
POINT
  8
2
  10
354.930511
  20
1428.338135
  0
POINT
  8
2
  10
354.930511
  20
1501.161377
  0
POLYLINE
  8
85
  66
1
  70
0
  250
1
  0
VERTEX
  8
85
  10
354.930511
  20
1428.338135
  0
VERTEX
  8
85
  10
354.930511
  20
1501.161377
  0
SEQEND
  0
POINT
  8
2
  10
354.930511
  20
1428.338135
  0
POINT
  8
2
  10
354.930511
  20
1501.161377
  0
POLYLINE
  8
8
  66
1
  70
0
  250
0
  0
VERTEX
  8
8
  10
240.047745
  20
1574.514893
  0
VERTEX
  8
8
  10
240.047745
  20
1440.462402
  0
SEQEND
  0
POINT
  8
2
  10
240.047745
  20
1574.514893
  0
POINT
  8
2
  10
240.047745
  20
1440.462402
  0
POLYLINE
  8
85
  66
1
  70
0
  250
1
  0
VERTEX
  8
85
  10
240.047745
  20
1574.514893
  0
VERTEX
  8
85
  10
240.047745
  20
1440.462402
  0
SEQEND
  0
POINT
  8
2
  10
240.047745
  20
1574.514893
  0
POINT
  8
2
  10
240.047745
  20
1440.462402
  0
ENDBLK
  0
BLOCK
  8
0
  2
Pattern2D_1545467_M
  70
64
  10
0
  20
0
  0
TEXT
  8
1
  10
-273.209015
  20
1505.409302
  50
0.000000
  51
0.000000
  71
0.000000
  1
PIECE NAME: Pattern2D_1545467
  7
STANDARD
  0
TEXT
  8
1
  10
-273.209015
  20
1500.409302
  50
0.000000
  51
0.000000
  71
0.000000
  1
SIZE: M
  7
STANDARD
  0
TEXT
  8
1
  10
-273.209015
  20
1490.409302
  50
0.000000
  51
0.000000
  71
0.000000
  1
QUANTITY: 1
  7
STANDARD
  0
TEXT
  8
1
  10
-273.209015
  20
1490.409302
  40
0.250000
  50
0.000000
  1
ROTATION: 0
  7
STANDARD
  0
POLYLINE
  8
1
  66
1
  70
1
  250
2
  0
VERTEX
  8
1
  10
-53.920898
  20
1444.276123
  0
VERTEX
  8
1
  10
-58.595596
  20
1497.202271
  0
VERTEX
  8
1
  10
-68.373337
  20
1497.436646
  0
VERTEX
  8
1
  10
-83.570114
  20
1501.186157
  0
VERTEX
  8
1
  10
-100.656601
  20
1511.029175
  0
VERTEX
  8
1
  10
-115.275848
  20
1524.621704
  0
VERTEX
  8
1
  10
-121.378815
  20
1532.029419
  0
VERTEX
  8
1
  10
-126.899750
  20
1539.854858
  0
VERTEX
  8
1
  10
-136.029846
  20
1556.494019
  0
VERTEX
  8
1
  10
-141.693253
  20
1570.321167
  0
VERTEX
  8
1
  10
-144.230530
  20
1579.461304
  0
VERTEX
  8
1
  10
-152.397049
  20
1575.407349
  0
VERTEX
  8
1
  10
-156.166183
  20
1573.602417
  0
VERTEX
  8
1
  10
-173.792953
  20
1566.571655
  0
VERTEX
  8
1
  10
-191.875488
  20
1561.181030
  0
VERTEX
  8
1
  10
-216.512650
  20
1556.494019
  0
VERTEX
  8
1
  10
-241.378677
  20
1553.916382
  0
VERTEX
  8
1
  10
-250.353989
  20
1553.572144
  0
VERTEX
  8
1
  10
-260.851013
  20
1553.271973
  0
VERTEX
  8
1
  10
-273.209015
  20
1552.979126
  0
VERTEX
  8
1
  10
-285.567017
  20
1553.272827
  0
VERTEX
  8
1
  10
-296.064056
  20
1553.573730
  0
VERTEX
  8
1
  10
-305.039337
  20
1553.918579
  0
VERTEX
  8
1
  10
-329.905396
  20
1556.498047
  0
VERTEX
  8
1
  10
-354.542542
  20
1561.186768
  0
VERTEX
  8
1
  10
-372.625092
  20
1566.578735
  0
VERTEX
  8
1
  10
-390.251831
  20
1573.610840
  0
VERTEX
  8
1
  10
-394.020996
  20
1575.416016
  0
VERTEX
  8
1
  10
-402.187500
  20
1579.470581
  0
VERTEX
  8
1
  10
-404.724792
  20
1570.329712
  0
VERTEX
  8
1
  10
-410.388184
  20
1556.501465
  0
VERTEX
  8
1
  10
-419.518280
  20
1539.860962
  0
VERTEX
  8
1
  10
-425.039215
  20
1532.034790
  0
VERTEX
  8
1
  10
-431.142181
  20
1524.626465
  0
VERTEX
  8
1
  10
-445.761414
  20
1511.032471
  0
VERTEX
  8
1
  10
-462.847900
  20
1501.187988
  0
VERTEX
  8
1
  10
-478.044678
  20
1497.437378
  0
VERTEX
  8
1
  10
-487.822449
  20
1497.202271
  0
VERTEX
  8
1
  10
-492.497131
  20
1444.276123
  0
VERTEX
  8
1
  10
-489.631775
  20
1443.768433
  0
VERTEX
  8
1
  10
-485.561279
  20
1442.597046
  0
VERTEX
  8
1
  10
-475.158386
  20
1437.909546
  0
VERTEX
  8
1
  10
-466.112488
  20
1433.691040
  0
VERTEX
  8
1
  10
-461.566376
  20
1432.177734
  0
VERTEX
  8
1
  10
-456.840454
  20
1431.582153
  0
VERTEX
  8
1
  10
-447.438293
  20
1433.950806
  0
VERTEX
  8
1
  10
-438.522766
  20
1437.909546
  0
VERTEX
  8
1
  10
-429.655518
  20
1442.078979
  0
VERTEX
  8
1
  10
-420.204834
  20
1444.237427
  0
VERTEX
  8
1
  10
-410.625244
  20
1442.108032
  0
VERTEX
  8
1
  10
-401.660706
  20
1437.909668
  0
VERTEX
  8
1
  10
-392.784332
  20
1433.790405
  0
VERTEX
  8
1
  10
-383.342773
  20
1431.582153
  0
VERTEX
  8
1
  10
-373.928955
  20
1433.899658
  0
VERTEX
  8
1
  10
-365.024597
  20
1437.909546
  0
VERTEX
  8
1
  10
-356.194061
  20
1442.186768
  0
VERTEX
  8
1
  10
-346.706909
  20
1444.237427
  0
VERTEX
  8
1
  10
-337.237854
  20
1442.106689
  0
VERTEX
  8
1
  10
-328.388977
  20
1437.909546
  0
VERTEX
  8
1
  10
-319.343109
  20
1433.691040
  0
VERTEX
  8
1
  10
-310.071045
  20
1431.582153
  0
VERTEX
  8
1
  10
-305.225128
  20
1432.319214
  0
VERTEX
  8
1
  10
-300.572601
  20
1433.926025
  0
VERTEX
  8
1
  10
-291.752869
  20
1437.909424
  0
VERTEX
  8
1
  10
-280.671997
  20
1442.831177
  0
VERTEX
  8
1
  10
-276.148926
  20
1444.002930
  0
VERTEX
  8
1
  10
-273.209015
  20
1444.237427
  0
VERTEX
  8
1
  10
-270.269104
  20
1444.002930
  0
VERTEX
  8
1
  10
-265.746033
  20
1442.831177
  0
VERTEX
  8
1
  10
-254.665146
  20
1437.909424
  0
VERTEX
  8
1
  10
-245.845428
  20
1433.926025
  0
VERTEX
  8
1
  10
-241.192917
  20
1432.319214
  0
VERTEX
  8
1
  10
-236.346985
  20
1431.582153
  0
VERTEX
  8
1
  10
-227.074936
  20
1433.691040
  0
VERTEX
  8
1
  10
-218.029068
  20
1437.909546
  0
VERTEX
  8
1
  10
-209.180191
  20
1442.106689
  0
VERTEX
  8
1
  10
-199.711121
  20
1444.237427
  0
VERTEX
  8
1
  10
-190.223969
  20
1442.186768
  0
VERTEX
  8
1
  10
-181.393417
  20
1437.909546
  0
VERTEX
  8
1
  10
-172.489059
  20
1433.899658
  0
VERTEX
  8
1
  10
-163.075256
  20
1431.582153
  0
VERTEX
  8
1
  10
-153.633698
  20
1433.790405
  0
VERTEX
  8
1
  10
-144.757309
  20
1437.909668
  0
VERTEX
  8
1
  10
-135.792770
  20
1442.108032
  0
VERTEX
  8
1
  10
-126.213211
  20
1444.237427
  0
VERTEX
  8
1
  10
-116.762497
  20
1442.078979
  0
VERTEX
  8
1
  10
-107.895279
  20
1437.909546
  0
VERTEX
  8
1
  10
-98.979752
  20
1433.950806
  0
VERTEX
  8
1
  10
-89.577576
  20
1431.582153
  0
VERTEX
  8
1
  10
-84.851654
  20
1432.177734
  0
VERTEX
  8
1
  10
-80.305527
  20
1433.691040
  0
VERTEX
  8
1
  10
-71.259644
  20
1437.909546
  0
VERTEX
  8
1
  10
-60.856766
  20
1442.597046
  0
VERTEX
  8
1
  10
-56.786270
  20
1443.768433
  0
SEQEND
  0
POINT
  8
2
  10
-53.920898
  20
1444.276123
  0
POINT
  8
2
  10
-58.595596
  20
1497.202271
  0
POINT
  8
2
  10
-144.230530
  20
1579.461304
  0
POINT
  8
2
  10
-402.187500
  20
1579.470581
  0
POINT
  8
2
  10
-487.822449
  20
1497.202271
  0
POINT
  8
2
  10
-492.497131
  20
1444.276123
  0
POINT
  8
3
  10
-68.373337
  20
1497.436646
  0
POINT
  8
3
  10
-83.570114
  20
1501.186157
  0
POINT
  8
3
  10
-100.656601
  20
1511.029175
  0
POINT
  8
3
  10
-115.275848
  20
1524.621704
  0
POINT
  8
3
  10
-121.378815
  20
1532.029419
  0
POINT
  8
3
  10
-126.899750
  20
1539.854858
  0
POINT
  8
3
  10
-136.029846
  20
1556.494019
  0
POINT
  8
3
  10
-141.693253
  20
1570.321167
  0
POINT
  8
3
  10
-152.397049
  20
1575.407349
  0
POINT
  8
3
  10
-156.166183
  20
1573.602417
  0
POINT
  8
3
  10
-173.792953
  20
1566.571655
  0
POINT
  8
3
  10
-191.875488
  20
1561.181030
  0
POINT
  8
3
  10
-216.512650
  20
1556.494019
  0
POINT
  8
3
  10
-241.378677
  20
1553.916382
  0
POINT
  8
3
  10
-250.353989
  20
1553.572144
  0
POINT
  8
3
  10
-260.851013
  20
1553.271973
  0
POINT
  8
3
  10
-273.209015
  20
1552.979126
  0
POINT
  8
3
  10
-285.567017
  20
1553.272827
  0
POINT
  8
3
  10
-296.064056
  20
1553.573730
  0
POINT
  8
3
  10
-305.039337
  20
1553.918579
  0
POINT
  8
3
  10
-329.905396
  20
1556.498047
  0
POINT
  8
3
  10
-354.542542
  20
1561.186768
  0
POINT
  8
3
  10
-372.625092
  20
1566.578735
  0
POINT
  8
3
  10
-390.251831
  20
1573.610840
  0
POINT
  8
3
  10
-394.020996
  20
1575.416016
  0
POINT
  8
3
  10
-404.724792
  20
1570.329712
  0
POINT
  8
3
  10
-410.388184
  20
1556.501465
  0
POINT
  8
3
  10
-419.518280
  20
1539.860962
  0
POINT
  8
3
  10
-425.039215
  20
1532.034790
  0
POINT
  8
3
  10
-431.142181
  20
1524.626465
  0
POINT
  8
3
  10
-445.761414
  20
1511.032471
  0
POINT
  8
3
  10
-462.847900
  20
1501.187988
  0
POINT
  8
3
  10
-478.044678
  20
1497.437378
  0
POINT
  8
3
  10
-489.631775
  20
1443.768433
  0
POINT
  8
3
  10
-485.561279
  20
1442.597046
  0
POINT
  8
3
  10
-475.158386
  20
1437.909546
  0
POINT
  8
3
  10
-466.112488
  20
1433.691040
  0
POINT
  8
3
  10
-461.566376
  20
1432.177734
  0
POINT
  8
3
  10
-456.840454
  20
1431.582153
  0
POINT
  8
3
  10
-447.438293
  20
1433.950806
  0
POINT
  8
3
  10
-438.522766
  20
1437.909546
  0
POINT
  8
3
  10
-429.655518
  20
1442.078979
  0
POINT
  8
3
  10
-420.204834
  20
1444.237427
  0
POINT
  8
3
  10
-410.625244
  20
1442.108032
  0
POINT
  8
3
  10
-401.660706
  20
1437.909668
  0
POINT
  8
3
  10
-392.784332
  20
1433.790405
  0
POINT
  8
3
  10
-383.342773
  20
1431.582153
  0
POINT
  8
3
  10
-373.928955
  20
1433.899658
  0
POINT
  8
3
  10
-365.024597
  20
1437.909546
  0
POINT
  8
3
  10
-356.194061
  20
1442.186768
  0
POINT
  8
3
  10
-346.706909
  20
1444.237427
  0
POINT
  8
3
  10
-337.237854
  20
1442.106689
  0
POINT
  8
3
  10
-328.388977
  20
1437.909546
  0
POINT
  8
3
  10
-319.343109
  20
1433.691040
  0
POINT
  8
3
  10
-310.071045
  20
1431.582153
  0
POINT
  8
3
  10
-305.225128
  20
1432.319214
  0
POINT
  8
3
  10
-300.572601
  20
1433.926025
  0
POINT
  8
3
  10
-291.752869
  20
1437.909424
  0
POINT
  8
3
  10
-280.671997
  20
1442.831177
  0
POINT
  8
3
  10
-276.148926
  20
1444.002930
  0
POINT
  8
3
  10
-273.209015
  20
1444.237427
  0
POINT
  8
3
  10
-270.269104
  20
1444.002930
  0
POINT
  8
3
  10
-265.746033
  20
1442.831177
  0
POINT
  8
3
  10
-254.665146
  20
1437.909424
  0
POINT
  8
3
  10
-245.845428
  20
1433.926025
  0
POINT
  8
3
  10
-241.192917
  20
1432.319214
  0
POINT
  8
3
  10
-236.346985
  20
1431.582153
  0
POINT
  8
3
  10
-227.074936
  20
1433.691040
  0
POINT
  8
3
  10
-218.029068
  20
1437.909546
  0
POINT
  8
3
  10
-209.180191
  20
1442.106689
  0
POINT
  8
3
  10
-199.711121
  20
1444.237427
  0
POINT
  8
3
  10
-190.223969
  20
1442.186768
  0
POINT
  8
3
  10
-181.393417
  20
1437.909546
  0
POINT
  8
3
  10
-172.489059
  20
1433.899658
  0
POINT
  8
3
  10
-163.075256
  20
1431.582153
  0
POINT
  8
3
  10
-153.633698
  20
1433.790405
  0
POINT
  8
3
  10
-144.757309
  20
1437.909668
  0
POINT
  8
3
  10
-135.792770
  20
1442.108032
  0
POINT
  8
3
  10
-126.213211
  20
1444.237427
  0
POINT
  8
3
  10
-116.762497
  20
1442.078979
  0
POINT
  8
3
  10
-107.895279
  20
1437.909546
  0
POINT
  8
3
  10
-98.979752
  20
1433.950806
  0
POINT
  8
3
  10
-89.577576
  20
1431.582153
  0
POINT
  8
3
  10
-84.851654
  20
1432.177734
  0
POINT
  8
3
  10
-80.305527
  20
1433.691040
  0
POINT
  8
3
  10
-71.259644
  20
1437.909546
  0
POINT
  8
3
  10
-60.856766
  20
1442.597046
  0
POINT
  8
3
  10
-56.786270
  20
1443.768433
  0
POLYLINE
  8
84
  66
1
  70
1
  250
2
  0
VERTEX
  8
84
  10
-53.920898
  20
1444.276123
  0
VERTEX
  8
84
  10
-58.595596
  20
1497.202271
  0
VERTEX
  8
84
  10
-68.373337
  20
1497.436646
  0
VERTEX
  8
84
  10
-83.570114
  20
1501.186157
  0
VERTEX
  8
84
  10
-100.656601
  20
1511.029175
  0
VERTEX
  8
84
  10
-115.275848
  20
1524.621704
  0
VERTEX
  8
84
  10
-121.378815
  20
1532.029419
  0
VERTEX
  8
84
  10
-126.899750
  20
1539.854858
  0
VERTEX
  8
84
  10
-136.029846
  20
1556.494019
  0
VERTEX
  8
84
  10
-141.693253
  20
1570.321167
  0
VERTEX
  8
84
  10
-144.230530
  20
1579.461304
  0
VERTEX
  8
84
  10
-152.397049
  20
1575.407349
  0
VERTEX
  8
84
  10
-156.166183
  20
1573.602417
  0
VERTEX
  8
84
  10
-173.792953
  20
1566.571655
  0
VERTEX
  8
84
  10
-191.875488
  20
1561.181030
  0
VERTEX
  8
84
  10
-216.512650
  20
1556.494019
  0
VERTEX
  8
84
  10
-241.378677
  20
1553.916382
  0
VERTEX
  8
84
  10
-250.353989
  20
1553.572144
  0
VERTEX
  8
84
  10
-260.851013
  20
1553.271973
  0
VERTEX
  8
84
  10
-273.209015
  20
1552.979126
  0
VERTEX
  8
84
  10
-285.567017
  20
1553.272827
  0
VERTEX
  8
84
  10
-296.064056
  20
1553.573730
  0
VERTEX
  8
84
  10
-305.039337
  20
1553.918579
  0
VERTEX
  8
84
  10
-329.905396
  20
1556.498047
  0
VERTEX
  8
84
  10
-354.542542
  20
1561.186768
  0
VERTEX
  8
84
  10
-372.625092
  20
1566.578735
  0
VERTEX
  8
84
  10
-390.251831
  20
1573.610840
  0
VERTEX
  8
84
  10
-394.020996
  20
1575.416016
  0
VERTEX
  8
84
  10
-402.187500
  20
1579.470581
  0
VERTEX
  8
84
  10
-404.724792
  20
1570.329712
  0
VERTEX
  8
84
  10
-410.388184
  20
1556.501465
  0
VERTEX
  8
84
  10
-419.518280
  20
1539.860962
  0
VERTEX
  8
84
  10
-425.039215
  20
1532.034790
  0
VERTEX
  8
84
  10
-431.142181
  20
1524.626465
  0
VERTEX
  8
84
  10
-445.761414
  20
1511.032471
  0
VERTEX
  8
84
  10
-462.847900
  20
1501.187988
  0
VERTEX
  8
84
  10
-478.044678
  20
1497.437378
  0
VERTEX
  8
84
  10
-487.822449
  20
1497.202271
  0
VERTEX
  8
84
  10
-492.497131
  20
1444.276123
  0
VERTEX
  8
84
  10
-489.631775
  20
1443.768433
  0
VERTEX
  8
84
  10
-485.561279
  20
1442.597046
  0
VERTEX
  8
84
  10
-475.158386
  20
1437.909546
  0
VERTEX
  8
84
  10
-466.112488
  20
1433.691040
  0
VERTEX
  8
84
  10
-461.566376
  20
1432.177734
  0
VERTEX
  8
84
  10
-456.840454
  20
1431.582153
  0
VERTEX
  8
84
  10
-447.438293
  20
1433.950806
  0
VERTEX
  8
84
  10
-438.522766
  20
1437.909546
  0
VERTEX
  8
84
  10
-429.655518
  20
1442.078979
  0
VERTEX
  8
84
  10
-420.204834
  20
1444.237427
  0
VERTEX
  8
84
  10
-410.625244
  20
1442.108032
  0
VERTEX
  8
84
  10
-401.660706
  20
1437.909668
  0
VERTEX
  8
84
  10
-392.784332
  20
1433.790405
  0
VERTEX
  8
84
  10
-383.342773
  20
1431.582153
  0
VERTEX
  8
84
  10
-373.928955
  20
1433.899658
  0
VERTEX
  8
84
  10
-365.024597
  20
1437.909546
  0
VERTEX
  8
84
  10
-356.194061
  20
1442.186768
  0
VERTEX
  8
84
  10
-346.706909
  20
1444.237427
  0
VERTEX
  8
84
  10
-337.237854
  20
1442.106689
  0
VERTEX
  8
84
  10
-328.388977
  20
1437.909546
  0
VERTEX
  8
84
  10
-319.343109
  20
1433.691040
  0
VERTEX
  8
84
  10
-310.071045
  20
1431.582153
  0
VERTEX
  8
84
  10
-305.225128
  20
1432.319214
  0
VERTEX
  8
84
  10
-300.572601
  20
1433.926025
  0
VERTEX
  8
84
  10
-291.752869
  20
1437.909424
  0
VERTEX
  8
84
  10
-280.671997
  20
1442.831177
  0
VERTEX
  8
84
  10
-276.148926
  20
1444.002930
  0
VERTEX
  8
84
  10
-273.209015
  20
1444.237427
  0
VERTEX
  8
84
  10
-270.269104
  20
1444.002930
  0
VERTEX
  8
84
  10
-265.746033
  20
1442.831177
  0
VERTEX
  8
84
  10
-254.665146
  20
1437.909424
  0
VERTEX
  8
84
  10
-245.845428
  20
1433.926025
  0
VERTEX
  8
84
  10
-241.192917
  20
1432.319214
  0
VERTEX
  8
84
  10
-236.346985
  20
1431.582153
  0
VERTEX
  8
84
  10
-227.074936
  20
1433.691040
  0
VERTEX
  8
84
  10
-218.029068
  20
1437.909546
  0
VERTEX
  8
84
  10
-209.180191
  20
1442.106689
  0
VERTEX
  8
84
  10
-199.711121
  20
1444.237427
  0
VERTEX
  8
84
  10
-190.223969
  20
1442.186768
  0
VERTEX
  8
84
  10
-181.393417
  20
1437.909546
  0
VERTEX
  8
84
  10
-172.489059
  20
1433.899658
  0
VERTEX
  8
84
  10
-163.075256
  20
1431.582153
  0
VERTEX
  8
84
  10
-153.633698
  20
1433.790405
  0
VERTEX
  8
84
  10
-144.757309
  20
1437.909668
  0
VERTEX
  8
84
  10
-135.792770
  20
1442.108032
  0
VERTEX
  8
84
  10
-126.213211
  20
1444.237427
  0
VERTEX
  8
84
  10
-116.762497
  20
1442.078979
  0
VERTEX
  8
84
  10
-107.895279
  20
1437.909546
  0
VERTEX
  8
84
  10
-98.979752
  20
1433.950806
  0
VERTEX
  8
84
  10
-89.577576
  20
1431.582153
  0
VERTEX
  8
84
  10
-84.851654
  20
1432.177734
  0
VERTEX
  8
84
  10
-80.305527
  20
1433.691040
  0
VERTEX
  8
84
  10
-71.259644
  20
1437.909546
  0
VERTEX
  8
84
  10
-60.856766
  20
1442.597046
  0
VERTEX
  8
84
  10
-56.786270
  20
1443.768433
  0
SEQEND
  0
POINT
  8
2
  10
-53.920898
  20
1444.276123
  0
POINT
  8
2
  10
-58.595596
  20
1497.202271
  0
POINT
  8
2
  10
-144.230530
  20
1579.461304
  0
POINT
  8
2
  10
-402.187500
  20
1579.470581
  0
POINT
  8
2
  10
-487.822449
  20
1497.202271
  0
POINT
  8
2
  10
-492.497131
  20
1444.276123
  0
POINT
  8
3
  10
-68.373337
  20
1497.436646
  0
POINT
  8
3
  10
-83.570114
  20
1501.186157
  0
POINT
  8
3
  10
-100.656601
  20
1511.029175
  0
POINT
  8
3
  10
-115.275848
  20
1524.621704
  0
POINT
  8
3
  10
-121.378815
  20
1532.029419
  0
POINT
  8
3
  10
-126.899750
  20
1539.854858
  0
POINT
  8
3
  10
-136.029846
  20
1556.494019
  0
POINT
  8
3
  10
-141.693253
  20
1570.321167
  0
POINT
  8
3
  10
-152.397049
  20
1575.407349
  0
POINT
  8
3
  10
-156.166183
  20
1573.602417
  0
POINT
  8
3
  10
-173.792953
  20
1566.571655
  0
POINT
  8
3
  10
-191.875488
  20
1561.181030
  0
POINT
  8
3
  10
-216.512650
  20
1556.494019
  0
POINT
  8
3
  10
-241.378677
  20
1553.916382
  0
POINT
  8
3
  10
-250.353989
  20
1553.572144
  0
POINT
  8
3
  10
-260.851013
  20
1553.271973
  0
POINT
  8
3
  10
-273.209015
  20
1552.979126
  0
POINT
  8
3
  10
-285.567017
  20
1553.272827
  0
POINT
  8
3
  10
-296.064056
  20
1553.573730
  0
POINT
  8
3
  10
-305.039337
  20
1553.918579
  0
POINT
  8
3
  10
-329.905396
  20
1556.498047
  0
POINT
  8
3
  10
-354.542542
  20
1561.186768
  0
POINT
  8
3
  10
-372.625092
  20
1566.578735
  0
POINT
  8
3
  10
-390.251831
  20
1573.610840
  0
POINT
  8
3
  10
-394.020996
  20
1575.416016
  0
POINT
  8
3
  10
-404.724792
  20
1570.329712
  0
POINT
  8
3
  10
-410.388184
  20
1556.501465
  0
POINT
  8
3
  10
-419.518280
  20
1539.860962
  0
POINT
  8
3
  10
-425.039215
  20
1532.034790
  0
POINT
  8
3
  10
-431.142181
  20
1524.626465
  0
POINT
  8
3
  10
-445.761414
  20
1511.032471
  0
POINT
  8
3
  10
-462.847900
  20
1501.187988
  0
POINT
  8
3
  10
-478.044678
  20
1497.437378
  0
POINT
  8
3
  10
-489.631775
  20
1443.768433
  0
POINT
  8
3
  10
-485.561279
  20
1442.597046
  0
POINT
  8
3
  10
-475.158386
  20
1437.909546
  0
POINT
  8
3
  10
-466.112488
  20
1433.691040
  0
POINT
  8
3
  10
-461.566376
  20
1432.177734
  0
POINT
  8
3
  10
-456.840454
  20
1431.582153
  0
POINT
  8
3
  10
-447.438293
  20
1433.950806
  0
POINT
  8
3
  10
-438.522766
  20
1437.909546
  0
POINT
  8
3
  10
-429.655518
  20
1442.078979
  0
POINT
  8
3
  10
-420.204834
  20
1444.237427
  0
POINT
  8
3
  10
-410.625244
  20
1442.108032
  0
POINT
  8
3
  10
-401.660706
  20
1437.909668
  0
POINT
  8
3
  10
-392.784332
  20
1433.790405
  0
POINT
  8
3
  10
-383.342773
  20
1431.582153
  0
POINT
  8
3
  10
-373.928955
  20
1433.899658
  0
POINT
  8
3
  10
-365.024597
  20
1437.909546
  0
POINT
  8
3
  10
-356.194061
  20
1442.186768
  0
POINT
  8
3
  10
-346.706909
  20
1444.237427
  0
POINT
  8
3
  10
-337.237854
  20
1442.106689
  0
POINT
  8
3
  10
-328.388977
  20
1437.909546
  0
POINT
  8
3
  10
-319.343109
  20
1433.691040
  0
POINT
  8
3
  10
-310.071045
  20
1431.582153
  0
POINT
  8
3
  10
-305.225128
  20
1432.319214
  0
POINT
  8
3
  10
-300.572601
  20
1433.926025
  0
POINT
  8
3
  10
-291.752869
  20
1437.909424
  0
POINT
  8
3
  10
-280.671997
  20
1442.831177
  0
POINT
  8
3
  10
-276.148926
  20
1444.002930
  0
POINT
  8
3
  10
-273.209015
  20
1444.237427
  0
POINT
  8
3
  10
-270.269104
  20
1444.002930
  0
POINT
  8
3
  10
-265.746033
  20
1442.831177
  0
POINT
  8
3
  10
-254.665146
  20
1437.909424
  0
POINT
  8
3
  10
-245.845428
  20
1433.926025
  0
POINT
  8
3
  10
-241.192917
  20
1432.319214
  0
POINT
  8
3
  10
-236.346985
  20
1431.582153
  0
POINT
  8
3
  10
-227.074936
  20
1433.691040
  0
POINT
  8
3
  10
-218.029068
  20
1437.909546
  0
POINT
  8
3
  10
-209.180191
  20
1442.106689
  0
POINT
  8
3
  10
-199.711121
  20
1444.237427
  0
POINT
  8
3
  10
-190.223969
  20
1442.186768
  0
POINT
  8
3
  10
-181.393417
  20
1437.909546
  0
POINT
  8
3
  10
-172.489059
  20
1433.899658
  0
POINT
  8
3
  10
-163.075256
  20
1431.582153
  0
POINT
  8
3
  10
-153.633698
  20
1433.790405
  0
POINT
  8
3
  10
-144.757309
  20
1437.909668
  0
POINT
  8
3
  10
-135.792770
  20
1442.108032
  0
POINT
  8
3
  10
-126.213211
  20
1444.237427
  0
POINT
  8
3
  10
-116.762497
  20
1442.078979
  0
POINT
  8
3
  10
-107.895279
  20
1437.909546
  0
POINT
  8
3
  10
-98.979752
  20
1433.950806
  0
POINT
  8
3
  10
-89.577576
  20
1431.582153
  0
POINT
  8
3
  10
-84.851654
  20
1432.177734
  0
POINT
  8
3
  10
-80.305527
  20
1433.691040
  0
POINT
  8
3
  10
-71.259644
  20
1437.909546
  0
POINT
  8
3
  10
-60.856766
  20
1442.597046
  0
POINT
  8
3
  10
-56.786270
  20
1443.768433
  0
LINE
  8
7
  10
-273.209015
  20
1415.526367
  11
-273.209015
  21
1595.526367
  0
POLYLINE
  8
8
  66
1
  70
0
  250
1
  0
VERTEX
  8
8
  10
-142.570007
  20
1573.300049
  0
VERTEX
  8
8
  10
-145.325195
  20
1571.932007
  0
VERTEX
  8
8
  10
-148.084900
  20
1570.573730
  0
VERTEX
  8
8
  10
-153.740051
  20
1567.868408
  0
VERTEX
  8
8
  10
-159.455475
  20
1565.303101
  0
VERTEX
  8
8
  10
-165.262878
  20
1562.970337
  0
VERTEX
  8
8
  10
-176.961472
  20
1558.900879
  0
VERTEX
  8
8
  10
-194.912994
  20
1554.002441
  0
VERTEX
  8
8
  10
-213.189957
  20
1550.623169
  0
VERTEX
  8
8
  10
-231.623337
  20
1548.323975
  0
VERTEX
  8
8
  10
-250.161774
  20
1547.275269
  0
VERTEX
  8
8
  10
-260.674438
  20
1546.974609
  0
VERTEX
  8
8
  10
-273.209229
  20
1546.678345
  0
VERTEX
  8
8
  10
-285.743958
  20
1546.975464
  0
VERTEX
  8
8
  10
-296.257355
  20
1547.276855
  0
VERTEX
  8
8
  10
-314.795471
  20
1548.326904
  0
VERTEX
  8
8
  10
-333.229034
  20
1550.627563
  0
VERTEX
  8
8
  10
-351.505890
  20
1554.008057
  0
VERTEX
  8
8
  10
-369.457153
  20
1558.907837
  0
VERTEX
  8
8
  10
-386.962830
  20
1565.311157
  0
VERTEX
  8
8
  10
-403.847900
  20
1573.309204
  0
SEQEND
  0
POINT
  8
2
  10
-142.570007
  20
1573.300049
  0
POINT
  8
2
  10
-148.084900
  20
1570.573730
  0
POINT
  8
2
  10
-403.847900
  20
1573.309204
  0
POINT
  8
3
  10
-145.325195
  20
1571.932007
  0
POINT
  8
3
  10
-153.740051
  20
1567.868408
  0
POINT
  8
3
  10
-159.455475
  20
1565.303101
  0
POINT
  8
3
  10
-165.262878
  20
1562.970337
  0
POINT
  8
3
  10
-176.961472
  20
1558.900879
  0
POINT
  8
3
  10
-194.912994
  20
1554.002441
  0
POINT
  8
3
  10
-213.189957
  20
1550.623169
  0
POINT
  8
3
  10
-231.623337
  20
1548.323975
  0
POINT
  8
3
  10
-250.161774
  20
1547.275269
  0
POINT
  8
3
  10
-260.674438
  20
1546.974609
  0
POINT
  8
3
  10
-273.209229
  20
1546.678345
  0
POINT
  8
3
  10
-285.743958
  20
1546.975464
  0
POINT
  8
3
  10
-296.257355
  20
1547.276855
  0
POINT
  8
3
  10
-314.795471
  20
1548.326904
  0
POINT
  8
3
  10
-333.229034
  20
1550.627563
  0
POINT
  8
3
  10
-351.505890
  20
1554.008057
  0
POINT
  8
3
  10
-369.457153
  20
1558.907837
  0
POINT
  8
3
  10
-386.962830
  20
1565.311157
  0
POLYLINE
  8
85
  66
1
  70
0
  250
1
  0
VERTEX
  8
85
  10
-142.570007
  20
1573.300049
  0
VERTEX
  8
85
  10
-145.325195
  20
1571.932007
  0
VERTEX
  8
85
  10
-148.084900
  20
1570.573730
  0
VERTEX
  8
85
  10
-153.740051
  20
1567.868408
  0
VERTEX
  8
85
  10
-159.455475
  20
1565.303101
  0
VERTEX
  8
85
  10
-165.262878
  20
1562.970337
  0
VERTEX
  8
85
  10
-176.961472
  20
1558.900879
  0
VERTEX
  8
85
  10
-194.912994
  20
1554.002441
  0
VERTEX
  8
85
  10
-213.189957
  20
1550.623169
  0
VERTEX
  8
85
  10
-231.623337
  20
1548.323975
  0
VERTEX
  8
85
  10
-250.161774
  20
1547.275269
  0
VERTEX
  8
85
  10
-260.674438
  20
1546.974609
  0
VERTEX
  8
85
  10
-273.209229
  20
1546.678345
  0
VERTEX
  8
85
  10
-285.743958
  20
1546.975464
  0
VERTEX
  8
85
  10
-296.257355
  20
1547.276855
  0
VERTEX
  8
85
  10
-314.795471
  20
1548.326904
  0
VERTEX
  8
85
  10
-333.229034
  20
1550.627563
  0
VERTEX
  8
85
  10
-351.505890
  20
1554.008057
  0
VERTEX
  8
85
  10
-369.457153
  20
1558.907837
  0
VERTEX
  8
85
  10
-386.962830
  20
1565.311157
  0
VERTEX
  8
85
  10
-403.847900
  20
1573.309204
  0
SEQEND
  0
POINT
  8
2
  10
-142.570007
  20
1573.300049
  0
POINT
  8
2
  10
-148.084900
  20
1570.573730
  0
POINT
  8
2
  10
-403.847900
  20
1573.309204
  0
POINT
  8
3
  10
-145.325195
  20
1571.932007
  0
POINT
  8
3
  10
-153.740051
  20
1567.868408
  0
POINT
  8
3
  10
-159.455475
  20
1565.303101
  0
POINT
  8
3
  10
-165.262878
  20
1562.970337
  0
POINT
  8
3
  10
-176.961472
  20
1558.900879
  0
POINT
  8
3
  10
-194.912994
  20
1554.002441
  0
POINT
  8
3
  10
-213.189957
  20
1550.623169
  0
POINT
  8
3
  10
-231.623337
  20
1548.323975
  0
POINT
  8
3
  10
-250.161774
  20
1547.275269
  0
POINT
  8
3
  10
-260.674438
  20
1546.974609
  0
POINT
  8
3
  10
-273.209229
  20
1546.678345
  0
POINT
  8
3
  10
-285.743958
  20
1546.975464
  0
POINT
  8
3
  10
-296.257355
  20
1547.276855
  0
POINT
  8
3
  10
-314.795471
  20
1548.326904
  0
POINT
  8
3
  10
-333.229034
  20
1550.627563
  0
POINT
  8
3
  10
-351.505890
  20
1554.008057
  0
POINT
  8
3
  10
-369.457153
  20
1558.907837
  0
POINT
  8
3
  10
-386.962830
  20
1565.311157
  0
POLYLINE
  8
8
  66
1
  70
0
  250
1
  0
VERTEX
  8
8
  10
-58.039230
  20
1490.903076
  0
VERTEX
  8
8
  10
-72.997421
  20
1491.692139
  0
VERTEX
  8
8
  10
-87.378845
  20
1495.978882
  0
VERTEX
  8
8
  10
-100.580383
  20
1503.305420
  0
VERTEX
  8
8
  10
-112.412735
  20
1512.831543
  0
VERTEX
  8
8
  10
-122.854691
  20
1523.972900
  0
VERTEX
  8
8
  10
-131.939133
  20
1536.329224
  0
VERTEX
  8
8
  10
-136.471161
  20
1543.913818
  0
VERTEX
  8
8
  10
-140.549118
  20
1551.771362
  0
VERTEX
  8
8
  10
-144.254135
  20
1559.824707
  0
VERTEX
  8
8
  10
-146.552994
  20
1565.736572
  0
VERTEX
  8
8
  10
-146.975098
  20
1566.932495
  0
VERTEX
  8
8
  10
-147.397217
  20
1568.128540
  0
VERTEX
  8
8
  10
-147.741028
  20
1569.351074
  0
VERTEX
  8
8
  10
-148.084869
  20
1570.573730
  0
SEQEND
  0
POINT
  8
2
  10
-58.039230
  20
1490.903076
  0
POINT
  8
2
  10
-148.084869
  20
1570.573730
  0
POINT
  8
3
  10
-72.997421
  20
1491.692139
  0
POINT
  8
3
  10
-87.378845
  20
1495.978882
  0
POINT
  8
3
  10
-100.580383
  20
1503.305420
  0
POINT
  8
3
  10
-112.412735
  20
1512.831543
  0
POINT
  8
3
  10
-122.854691
  20
1523.972900
  0
POINT
  8
3
  10
-131.939133
  20
1536.329224
  0
POINT
  8
3
  10
-136.471161
  20
1543.913818
  0
POINT
  8
3
  10
-140.549118
  20
1551.771362
  0
POINT
  8
3
  10
-144.254135
  20
1559.824707
  0
POINT
  8
3
  10
-146.552994
  20
1565.736572
  0
POINT
  8
3
  10
-146.975098
  20
1566.932495
  0
POINT
  8
3
  10
-147.397217
  20
1568.128540
  0
POINT
  8
3
  10
-147.741028
  20
1569.351074
  0
POLYLINE
  8
85
  66
1
  70
0
  250
1
  0
VERTEX
  8
85
  10
-58.039230
  20
1490.903076
  0
VERTEX
  8
85
  10
-72.997421
  20
1491.692139
  0
VERTEX
  8
85
  10
-87.378845
  20
1495.978882
  0
VERTEX
  8
85
  10
-100.580383
  20
1503.305420
  0
VERTEX
  8
85
  10
-112.412735
  20
1512.831543
  0
VERTEX
  8
85
  10
-122.854691
  20
1523.972900
  0
VERTEX
  8
85
  10
-131.939133
  20
1536.329224
  0
VERTEX
  8
85
  10
-136.471161
  20
1543.913818
  0
VERTEX
  8
85
  10
-140.549118
  20
1551.771362
  0
VERTEX
  8
85
  10
-144.254135
  20
1559.824707
  0
VERTEX
  8
85
  10
-146.552994
  20
1565.736572
  0
VERTEX
  8
85
  10
-146.975098
  20
1566.932495
  0
VERTEX
  8
85
  10
-147.397217
  20
1568.128540
  0
VERTEX
  8
85
  10
-147.741028
  20
1569.351074
  0
VERTEX
  8
85
  10
-148.084869
  20
1570.573730
  0
SEQEND
  0
POINT
  8
2
  10
-58.039230
  20
1490.903076
  0
POINT
  8
2
  10
-148.084869
  20
1570.573730
  0
POINT
  8
3
  10
-72.997421
  20
1491.692139
  0
POINT
  8
3
  10
-87.378845
  20
1495.978882
  0
POINT
  8
3
  10
-100.580383
  20
1503.305420
  0
POINT
  8
3
  10
-112.412735
  20
1512.831543
  0
POINT
  8
3
  10
-122.854691
  20
1523.972900
  0
POINT
  8
3
  10
-131.939133
  20
1536.329224
  0
POINT
  8
3
  10
-136.471161
  20
1543.913818
  0
POINT
  8
3
  10
-140.549118
  20
1551.771362
  0
POINT
  8
3
  10
-144.254135
  20
1559.824707
  0
POINT
  8
3
  10
-146.552994
  20
1565.736572
  0
POINT
  8
3
  10
-146.975098
  20
1566.932495
  0
POINT
  8
3
  10
-147.397217
  20
1568.128540
  0
POINT
  8
3
  10
-147.741028
  20
1569.351074
  0
POLYLINE
  8
8
  66
1
  70
0
  250
1
  0
VERTEX
  8
8
  10
-398.320618
  20
1570.576538
  0
VERTEX
  8
8
  10
-398.874115
  20
1568.591797
  0
VERTEX
  8
8
  10
-401.793457
  20
1560.711304
  0
VERTEX
  8
8
  10
-405.246613
  20
1553.064331
  0
VERTEX
  8
8
  10
-409.035522
  20
1545.590332
  0
VERTEX
  8
8
  10
-413.210907
  20
1538.340698
  0
VERTEX
  8
8
  10
-417.846558
  20
1531.398193
  0
VERTEX
  8
8
  10
-422.905243
  20
1524.780762
  0
VERTEX
  8
8
  10
-428.356049
  20
1518.506226
  0
VERTEX
  8
8
  10
-434.214539
  20
1512.640259
  0
VERTEX
  8
8
  10
-440.485535
  20
1507.252319
  0
VERTEX
  8
8
  10
-447.163696
  20
1502.419678
  0
VERTEX
  8
8
  10
-454.247559
  20
1498.254272
  0
VERTEX
  8
8
  10
-461.718994
  20
1494.896484
  0
VERTEX
  8
8
  10
-469.522400
  20
1492.485474
  0
VERTEX
  8
8
  10
-477.562500
  20
1491.154053
  0
VERTEX
  8
8
  10
-482.785278
  20
1490.895142
  0
VERTEX
  8
8
  10
-488.378784
  20
1490.902954
  0
SEQEND
  0
POINT
  8
2
  10
-398.320618
  20
1570.576538
  0
POINT
  8
2
  10
-488.378784
  20
1490.902954
  0
POINT
  8
3
  10
-398.874115
  20
1568.591797
  0
POINT
  8
3
  10
-401.793457
  20
1560.711304
  0
POINT
  8
3
  10
-405.246613
  20
1553.064331
  0
POINT
  8
3
  10
-409.035522
  20
1545.590332
  0
POINT
  8
3
  10
-413.210907
  20
1538.340698
  0
POINT
  8
3
  10
-417.846558
  20
1531.398193
  0
POINT
  8
3
  10
-422.905243
  20
1524.780762
  0
POINT
  8
3
  10
-428.356049
  20
1518.506226
  0
POINT
  8
3
  10
-434.214539
  20
1512.640259
  0
POINT
  8
3
  10
-440.485535
  20
1507.252319
  0
POINT
  8
3
  10
-447.163696
  20
1502.419678
  0
POINT
  8
3
  10
-454.247559
  20
1498.254272
  0
POINT
  8
3
  10
-461.718994
  20
1494.896484
  0
POINT
  8
3
  10
-469.522400
  20
1492.485474
  0
POINT
  8
3
  10
-477.562500
  20
1491.154053
  0
POINT
  8
3
  10
-482.785278
  20
1490.895142
  0
POLYLINE
  8
85
  66
1
  70
0
  250
1
  0
VERTEX
  8
85
  10
-398.320618
  20
1570.576538
  0
VERTEX
  8
85
  10
-398.874115
  20
1568.591797
  0
VERTEX
  8
85
  10
-401.793457
  20
1560.711304
  0
VERTEX
  8
85
  10
-405.246613
  20
1553.064331
  0
VERTEX
  8
85
  10
-409.035522
  20
1545.590332
  0
VERTEX
  8
85
  10
-413.210907
  20
1538.340698
  0
VERTEX
  8
85
  10
-417.846558
  20
1531.398193
  0
VERTEX
  8
85
  10
-422.905243
  20
1524.780762
  0
VERTEX
  8
85
  10
-428.356049
  20
1518.506226
  0
VERTEX
  8
85
  10
-434.214539
  20
1512.640259
  0
VERTEX
  8
85
  10
-440.485535
  20
1507.252319
  0
VERTEX
  8
85
  10
-447.163696
  20
1502.419678
  0
VERTEX
  8
85
  10
-454.247559
  20
1498.254272
  0
VERTEX
  8
85
  10
-461.718994
  20
1494.896484
  0
VERTEX
  8
85
  10
-469.522400
  20
1492.485474
  0
VERTEX
  8
85
  10
-477.562500
  20
1491.154053
  0
VERTEX
  8
85
  10
-482.785278
  20
1490.895142
  0
VERTEX
  8
85
  10
-488.378784
  20
1490.902954
  0
SEQEND
  0
POINT
  8
2
  10
-398.320618
  20
1570.576538
  0
POINT
  8
2
  10
-488.378784
  20
1490.902954
  0
POINT
  8
3
  10
-398.874115
  20
1568.591797
  0
POINT
  8
3
  10
-401.793457
  20
1560.711304
  0
POINT
  8
3
  10
-405.246613
  20
1553.064331
  0
POINT
  8
3
  10
-409.035522
  20
1545.590332
  0
POINT
  8
3
  10
-413.210907
  20
1538.340698
  0
POINT
  8
3
  10
-417.846558
  20
1531.398193
  0
POINT
  8
3
  10
-422.905243
  20
1524.780762
  0
POINT
  8
3
  10
-428.356049
  20
1518.506226
  0
POINT
  8
3
  10
-434.214539
  20
1512.640259
  0
POINT
  8
3
  10
-440.485535
  20
1507.252319
  0
POINT
  8
3
  10
-447.163696
  20
1502.419678
  0
POINT
  8
3
  10
-454.247559
  20
1498.254272
  0
POINT
  8
3
  10
-461.718994
  20
1494.896484
  0
POINT
  8
3
  10
-469.522400
  20
1492.485474
  0
POINT
  8
3
  10
-477.562500
  20
1491.154053
  0
POINT
  8
3
  10
-482.785278
  20
1490.895142
  0
POLYLINE
  8
8
  66
1
  70
0
  250
1
  0
VERTEX
  8
8
  10
-492.214783
  20
1447.472534
  0
VERTEX
  8
8
  10
-488.955627
  20
1446.895020
  0
VERTEX
  8
8
  10
-484.596802
  20
1445.640625
  0
VERTEX
  8
8
  10
-474.772766
  20
1441.271118
  0
VERTEX
  8
8
  10
-465.033447
  20
1436.692871
  0
VERTEX
  8
8
  10
-460.810669
  20
1435.287109
  0
VERTEX
  8
8
  10
-458.842590
  20
1434.910522
  0
VERTEX
  8
8
  10
-456.863403
  20
1434.789185
  0
VERTEX
  8
8
  10
-455.310730
  20
1434.908447
  0
VERTEX
  8
8
  10
-449.987823
  20
1436.378418
  0
VERTEX
  8
8
  10
-444.857056
  20
1438.482178
  0
VERTEX
  8
8
  10
-439.818420
  20
1440.814453
  0
VERTEX
  8
8
  10
-434.223389
  20
1443.551270
  0
VERTEX
  8
8
  10
-428.475403
  20
1445.914917
  0
VERTEX
  8
8
  10
-422.447815
  20
1447.311890
  0
VERTEX
  8
8
  10
-420.214172
  20
1447.441895
  0
VERTEX
  8
8
  10
-417.955872
  20
1447.325195
  0
VERTEX
  8
8
  10
-411.839600
  20
1445.941406
  0
VERTEX
  8
8
  10
-405.999390
  20
1443.582642
  0
VERTEX
  8
8
  10
-400.333069
  20
1440.798706
  0
VERTEX
  8
8
  10
-395.357788
  20
1438.374634
  0
VERTEX
  8
8
  10
-390.263794
  20
1436.234985
  0
VERTEX
  8
8
  10
-384.937744
  20
1434.869995
  0
VERTEX
  8
8
  10
-383.371490
  20
1434.787842
  0
VERTEX
  8
8
  10
-381.805298
  20
1434.900146
  0
VERTEX
  8
8
  10
-376.484497
  20
1436.332275
  0
VERTEX
  8
8
  10
-371.362488
  20
1438.426514
  0
VERTEX
  8
8
  10
-366.353668
  20
1440.798340
  0
VERTEX
  8
8
  10
-360.767212
  20
1443.632446
  0
VERTEX
  8
8
  10
-354.993347
  20
1446.017456
  0
VERTEX
  8
8
  10
-348.917328
  20
1447.340454
  0
VERTEX
  8
8
  10
-346.684906
  20
1447.441406
  0
VERTEX
  8
8
  10
-344.458801
  20
1447.308594
  0
VERTEX
  8
8
  10
-338.409698
  20
1445.927246
  0
VERTEX
  8
8
  10
-332.637695
  20
1443.577881
  0
VERTEX
  8
8
  10
-327.046509
  20
1440.791260
  0
VERTEX
  8
8
  10
-322.081451
  20
1438.345581
  0
VERTEX
  8
8
  10
-316.988586
  20
1436.204102
  0
VERTEX
  8
8
  10
-311.658081
  20
1434.861450
  0
VERTEX
  8
8
  10
-310.131134
  20
1434.788452
  0
VERTEX
  8
8
  10
-308.082001
  20
1434.969971
  0
VERTEX
  8
8
  10
-306.031616
  20
1435.413696
  0
VERTEX
  8
8
  10
-299.072845
  20
1437.999023
  0
VERTEX
  8
8
  10
-292.334717
  20
1441.161133
  0
VERTEX
  8
8
  10
-285.602112
  20
1444.332642
  0
VERTEX
  8
8
  10
-281.591583
  20
1445.891479
  0
VERTEX
  8
8
  10
-276.645660
  20
1447.172729
  0
VERTEX
  8
8
  10
-273.209015
  20
1447.446899
  0
VERTEX
  8
8
  10
-269.772369
  20
1447.172729
  0
VERTEX
  8
8
  10
-264.826447
  20
1445.891479
  0
VERTEX
  8
8
  10
-254.762512
  20
1441.492676
  0
VERTEX
  8
8
  10
-244.764130
  20
1436.925659
  0
VERTEX
  8
8
  10
-240.386414
  20
1435.413696
  0
VERTEX
  8
8
  10
-238.336090
  20
1434.969971
  0
VERTEX
  8
8
  10
-236.286850
  20
1434.788452
  0
VERTEX
  8
8
  10
-234.759964
  20
1434.861450
  0
VERTEX
  8
8
  10
-229.429291
  20
1436.204102
  0
VERTEX
  8
8
  10
-224.336288
  20
1438.345825
  0
VERTEX
  8
8
  10
-219.371078
  20
1440.791504
  0
VERTEX
  8
8
  10
-213.780029
  20
1443.578003
  0
VERTEX
  8
8
  10
-208.008148
  20
1445.927246
  0
VERTEX
  8
8
  10
-201.959274
  20
1447.308594
  0
VERTEX
  8
8
  10
-199.733124
  20
1447.441406
  0
VERTEX
  8
8
  10
-197.500671
  20
1447.340454
  0
VERTEX
  8
8
  10
-191.424667
  20
1446.017456
  0
VERTEX
  8
8
  10
-185.650803
  20
1443.632446
  0
VERTEX
  8
8
  10
-180.064362
  20
1440.798340
  0
VERTEX
  8
8
  10
-175.055511
  20
1438.426514
  0
VERTEX
  8
8
  10
-169.933487
  20
1436.332275
  0
VERTEX
  8
8
  10
-164.612656
  20
1434.900146
  0
VERTEX
  8
8
  10
-163.046539
  20
1434.787842
  0
VERTEX
  8
8
  10
-161.480209
  20
1434.869995
  0
VERTEX
  8
8
  10
-156.154190
  20
1436.234985
  0
VERTEX
  8
8
  10
-151.060226
  20
1438.374634
  0
VERTEX
  8
8
  10
-146.084991
  20
1440.798706
  0
VERTEX
  8
8
  10
-140.418701
  20
1443.582642
  0
VERTEX
  8
8
  10
-134.578445
  20
1445.941406
  0
VERTEX
  8
8
  10
-128.462189
  20
1447.325195
  0
VERTEX
  8
8
  10
-126.203842
  20
1447.441895
  0
VERTEX
  8
8
  10
-123.970398
  20
1447.311890
  0
VERTEX
  8
8
  10
-117.942719
  20
1445.914917
  0
VERTEX
  8
8
  10
-112.194702
  20
1443.551392
  0
VERTEX
  8
8
  10
-106.599625
  20
1440.814453
  0
VERTEX
  8
8
  10
-101.560989
  20
1438.482178
  0
VERTEX
  8
8
  10
-96.430206
  20
1436.378418
  0
VERTEX
  8
8
  10
-91.107300
  20
1434.908447
  0
VERTEX
  8
8
  10
-89.554581
  20
1434.789185
  0
VERTEX
  8
8
  10
-87.575485
  20
1434.910522
  0
VERTEX
  8
8
  10
-85.607361
  20
1435.287109
  0
VERTEX
  8
8
  10
-81.384491
  20
1436.692871
  0
VERTEX
  8
8
  10
-71.645233
  20
1441.271118
  0
VERTEX
  8
8
  10
-61.821274
  20
1445.640625
  0
VERTEX
  8
8
  10
-57.462387
  20
1446.895020
  0
VERTEX
  8
8
  10
-54.203232
  20
1447.472534
  0
SEQEND
  0
POINT
  8
2
  10
-492.214783
  20
1447.472534
  0
POINT
  8
2
  10
-54.203232
  20
1447.472534
  0
POINT
  8
3
  10
-488.955627
  20
1446.895020
  0
POINT
  8
3
  10
-484.596802
  20
1445.640625
  0
POINT
  8
3
  10
-474.772766
  20
1441.271118
  0
POINT
  8
3
  10
-465.033447
  20
1436.692871
  0
POINT
  8
3
  10
-460.810669
  20
1435.287109
  0
POINT
  8
3
  10
-458.842590
  20
1434.910522
  0
POINT
  8
3
  10
-456.863403
  20
1434.789185
  0
POINT
  8
3
  10
-455.310730
  20
1434.908447
  0
POINT
  8
3
  10
-449.987823
  20
1436.378418
  0
POINT
  8
3
  10
-444.857056
  20
1438.482178
  0
POINT
  8
3
  10
-439.818420
  20
1440.814453
  0
POINT
  8
3
  10
-434.223389
  20
1443.551270
  0
POINT
  8
3
  10
-428.475403
  20
1445.914917
  0
POINT
  8
3
  10
-422.447815
  20
1447.311890
  0
POINT
  8
3
  10
-420.214172
  20
1447.441895
  0
POINT
  8
3
  10
-417.955872
  20
1447.325195
  0
POINT
  8
3
  10
-411.839600
  20
1445.941406
  0
POINT
  8
3
  10
-405.999390
  20
1443.582642
  0
POINT
  8
3
  10
-400.333069
  20
1440.798706
  0
POINT
  8
3
  10
-395.357788
  20
1438.374634
  0
POINT
  8
3
  10
-390.263794
  20
1436.234985
  0
POINT
  8
3
  10
-384.937744
  20
1434.869995
  0
POINT
  8
3
  10
-383.371490
  20
1434.787842
  0
POINT
  8
3
  10
-381.805298
  20
1434.900146
  0
POINT
  8
3
  10
-376.484497
  20
1436.332275
  0
POINT
  8
3
  10
-371.362488
  20
1438.426514
  0
POINT
  8
3
  10
-366.353668
  20
1440.798340
  0
POINT
  8
3
  10
-360.767212
  20
1443.632446
  0
POINT
  8
3
  10
-354.993347
  20
1446.017456
  0
POINT
  8
3
  10
-348.917328
  20
1447.340454
  0
POINT
  8
3
  10
-346.684906
  20
1447.441406
  0
POINT
  8
3
  10
-344.458801
  20
1447.308594
  0
POINT
  8
3
  10
-338.409698
  20
1445.927246
  0
POINT
  8
3
  10
-332.637695
  20
1443.577881
  0
POINT
  8
3
  10
-327.046509
  20
1440.791260
  0
POINT
  8
3
  10
-322.081451
  20
1438.345581
  0
POINT
  8
3
  10
-316.988586
  20
1436.204102
  0
POINT
  8
3
  10
-311.658081
  20
1434.861450
  0
POINT
  8
3
  10
-310.131134
  20
1434.788452
  0
POINT
  8
3
  10
-308.082001
  20
1434.969971
  0
POINT
  8
3
  10
-306.031616
  20
1435.413696
  0
POINT
  8
3
  10
-299.072845
  20
1437.999023
  0
POINT
  8
3
  10
-292.334717
  20
1441.161133
  0
POINT
  8
3
  10
-285.602112
  20
1444.332642
  0
POINT
  8
3
  10
-281.591583
  20
1445.891479
  0
POINT
  8
3
  10
-276.645660
  20
1447.172729
  0
POINT
  8
3
  10
-273.209015
  20
1447.446899
  0
POINT
  8
3
  10
-269.772369
  20
1447.172729
  0
POINT
  8
3
  10
-264.826447
  20
1445.891479
  0
POINT
  8
3
  10
-254.762512
  20
1441.492676
  0
POINT
  8
3
  10
-244.764130
  20
1436.925659
  0
POINT
  8
3
  10
-240.386414
  20
1435.413696
  0
POINT
  8
3
  10
-238.336090
  20
1434.969971
  0
POINT
  8
3
  10
-236.286850
  20
1434.788452
  0
POINT
  8
3
  10
-234.759964
  20
1434.861450
  0
POINT
  8
3
  10
-229.429291
  20
1436.204102
  0
POINT
  8
3
  10
-224.336288
  20
1438.345825
  0
POINT
  8
3
  10
-219.371078
  20
1440.791504
  0
POINT
  8
3
  10
-213.780029
  20
1443.578003
  0
POINT
  8
3
  10
-208.008148
  20
1445.927246
  0
POINT
  8
3
  10
-201.959274
  20
1447.308594
  0
POINT
  8
3
  10
-199.733124
  20
1447.441406
  0
POINT
  8
3
  10
-197.500671
  20
1447.340454
  0
POINT
  8
3
  10
-191.424667
  20
1446.017456
  0
POINT
  8
3
  10
-185.650803
  20
1443.632446
  0
POINT
  8
3
  10
-180.064362
  20
1440.798340
  0
POINT
  8
3
  10
-175.055511
  20
1438.426514
  0
POINT
  8
3
  10
-169.933487
  20
1436.332275
  0
POINT
  8
3
  10
-164.612656
  20
1434.900146
  0
POINT
  8
3
  10
-163.046539
  20
1434.787842
  0
POINT
  8
3
  10
-161.480209
  20
1434.869995
  0
POINT
  8
3
  10
-156.154190
  20
1436.234985
  0
POINT
  8
3
  10
-151.060226
  20
1438.374634
  0
POINT
  8
3
  10
-146.084991
  20
1440.798706
  0
POINT
  8
3
  10
-140.418701
  20
1443.582642
  0
POINT
  8
3
  10
-134.578445
  20
1445.941406
  0
POINT
  8
3
  10
-128.462189
  20
1447.325195
  0
POINT
  8
3
  10
-126.203842
  20
1447.441895
  0
POINT
  8
3
  10
-123.970398
  20
1447.311890
  0
POINT
  8
3
  10
-117.942719
  20
1445.914917
  0
POINT
  8
3
  10
-112.194702
  20
1443.551392
  0
POINT
  8
3
  10
-106.599625
  20
1440.814453
  0
POINT
  8
3
  10
-101.560989
  20
1438.482178
  0
POINT
  8
3
  10
-96.430206
  20
1436.378418
  0
POINT
  8
3
  10
-91.107300
  20
1434.908447
  0
POINT
  8
3
  10
-89.554581
  20
1434.789185
  0
POINT
  8
3
  10
-87.575485
  20
1434.910522
  0
POINT
  8
3
  10
-85.607361
  20
1435.287109
  0
POINT
  8
3
  10
-81.384491
  20
1436.692871
  0
POINT
  8
3
  10
-71.645233
  20
1441.271118
  0
POINT
  8
3
  10
-61.821274
  20
1445.640625
  0
POINT
  8
3
  10
-57.462387
  20
1446.895020
  0
POLYLINE
  8
85
  66
1
  70
0
  250
1
  0
VERTEX
  8
85
  10
-492.214783
  20
1447.472534
  0
VERTEX
  8
85
  10
-488.955627
  20
1446.895020
  0
VERTEX
  8
85
  10
-484.596802
  20
1445.640625
  0
VERTEX
  8
85
  10
-474.772766
  20
1441.271118
  0
VERTEX
  8
85
  10
-465.033447
  20
1436.692871
  0
VERTEX
  8
85
  10
-460.810669
  20
1435.287109
  0
VERTEX
  8
85
  10
-458.842590
  20
1434.910522
  0
VERTEX
  8
85
  10
-456.863403
  20
1434.789185
  0
VERTEX
  8
85
  10
-455.310730
  20
1434.908447
  0
VERTEX
  8
85
  10
-449.987823
  20
1436.378418
  0
VERTEX
  8
85
  10
-444.857056
  20
1438.482178
  0
VERTEX
  8
85
  10
-439.818420
  20
1440.814453
  0
VERTEX
  8
85
  10
-434.223389
  20
1443.551270
  0
VERTEX
  8
85
  10
-428.475403
  20
1445.914917
  0
VERTEX
  8
85
  10
-422.447815
  20
1447.311890
  0
VERTEX
  8
85
  10
-420.214172
  20
1447.441895
  0
VERTEX
  8
85
  10
-417.955872
  20
1447.325195
  0
VERTEX
  8
85
  10
-411.839600
  20
1445.941406
  0
VERTEX
  8
85
  10
-405.999390
  20
1443.582642
  0
VERTEX
  8
85
  10
-400.333069
  20
1440.798706
  0
VERTEX
  8
85
  10
-395.357788
  20
1438.374634
  0
VERTEX
  8
85
  10
-390.263794
  20
1436.234985
  0
VERTEX
  8
85
  10
-384.937744
  20
1434.869995
  0
VERTEX
  8
85
  10
-383.371490
  20
1434.787842
  0
VERTEX
  8
85
  10
-381.805298
  20
1434.900146
  0
VERTEX
  8
85
  10
-376.484497
  20
1436.332275
  0
VERTEX
  8
85
  10
-371.362488
  20
1438.426514
  0
VERTEX
  8
85
  10
-366.353668
  20
1440.798340
  0
VERTEX
  8
85
  10
-360.767212
  20
1443.632446
  0
VERTEX
  8
85
  10
-354.993347
  20
1446.017456
  0
VERTEX
  8
85
  10
-348.917328
  20
1447.340454
  0
VERTEX
  8
85
  10
-346.684906
  20
1447.441406
  0
VERTEX
  8
85
  10
-344.458801
  20
1447.308594
  0
VERTEX
  8
85
  10
-338.409698
  20
1445.927246
  0
VERTEX
  8
85
  10
-332.637695
  20
1443.577881
  0
VERTEX
  8
85
  10
-327.046509
  20
1440.791260
  0
VERTEX
  8
85
  10
-322.081451
  20
1438.345581
  0
VERTEX
  8
85
  10
-316.988586
  20
1436.204102
  0
VERTEX
  8
85
  10
-311.658081
  20
1434.861450
  0
VERTEX
  8
85
  10
-310.131134
  20
1434.788452
  0
VERTEX
  8
85
  10
-308.082001
  20
1434.969971
  0
VERTEX
  8
85
  10
-306.031616
  20
1435.413696
  0
VERTEX
  8
85
  10
-299.072845
  20
1437.999023
  0
VERTEX
  8
85
  10
-292.334717
  20
1441.161133
  0
VERTEX
  8
85
  10
-285.602112
  20
1444.332642
  0
VERTEX
  8
85
  10
-281.591583
  20
1445.891479
  0
VERTEX
  8
85
  10
-276.645660
  20
1447.172729
  0
VERTEX
  8
85
  10
-273.209015
  20
1447.446899
  0
VERTEX
  8
85
  10
-269.772369
  20
1447.172729
  0
VERTEX
  8
85
  10
-264.826447
  20
1445.891479
  0
VERTEX
  8
85
  10
-254.762512
  20
1441.492676
  0
VERTEX
  8
85
  10
-244.764130
  20
1436.925659
  0
VERTEX
  8
85
  10
-240.386414
  20
1435.413696
  0
VERTEX
  8
85
  10
-238.336090
  20
1434.969971
  0
VERTEX
  8
85
  10
-236.286850
  20
1434.788452
  0
VERTEX
  8
85
  10
-234.759964
  20
1434.861450
  0
VERTEX
  8
85
  10
-229.429291
  20
1436.204102
  0
VERTEX
  8
85
  10
-224.336288
  20
1438.345825
  0
VERTEX
  8
85
  10
-219.371078
  20
1440.791504
  0
VERTEX
  8
85
  10
-213.780029
  20
1443.578003
  0
VERTEX
  8
85
  10
-208.008148
  20
1445.927246
  0
VERTEX
  8
85
  10
-201.959274
  20
1447.308594
  0
VERTEX
  8
85
  10
-199.733124
  20
1447.441406
  0
VERTEX
  8
85
  10
-197.500671
  20
1447.340454
  0
VERTEX
  8
85
  10
-191.424667
  20
1446.017456
  0
VERTEX
  8
85
  10
-185.650803
  20
1443.632446
  0
VERTEX
  8
85
  10
-180.064362
  20
1440.798340
  0
VERTEX
  8
85
  10
-175.055511
  20
1438.426514
  0
VERTEX
  8
85
  10
-169.933487
  20
1436.332275
  0
VERTEX
  8
85
  10
-164.612656
  20
1434.900146
  0
VERTEX
  8
85
  10
-163.046539
  20
1434.787842
  0
VERTEX
  8
85
  10
-161.480209
  20
1434.869995
  0
VERTEX
  8
85
  10
-156.154190
  20
1436.234985
  0
VERTEX
  8
85
  10
-151.060226
  20
1438.374634
  0
VERTEX
  8
85
  10
-146.084991
  20
1440.798706
  0
VERTEX
  8
85
  10
-140.418701
  20
1443.582642
  0
VERTEX
  8
85
  10
-134.578445
  20
1445.941406
  0
VERTEX
  8
85
  10
-128.462189
  20
1447.325195
  0
VERTEX
  8
85
  10
-126.203842
  20
1447.441895
  0
VERTEX
  8
85
  10
-123.970398
  20
1447.311890
  0
VERTEX
  8
85
  10
-117.942719
  20
1445.914917
  0
VERTEX
  8
85
  10
-112.194702
  20
1443.551392
  0
VERTEX
  8
85
  10
-106.599625
  20
1440.814453
  0
VERTEX
  8
85
  10
-101.560989
  20
1438.482178
  0
VERTEX
  8
85
  10
-96.430206
  20
1436.378418
  0
VERTEX
  8
85
  10
-91.107300
  20
1434.908447
  0
VERTEX
  8
85
  10
-89.554581
  20
1434.789185
  0
VERTEX
  8
85
  10
-87.575485
  20
1434.910522
  0
VERTEX
  8
85
  10
-85.607361
  20
1435.287109
  0
VERTEX
  8
85
  10
-81.384491
  20
1436.692871
  0
VERTEX
  8
85
  10
-71.645233
  20
1441.271118
  0
VERTEX
  8
85
  10
-61.821274
  20
1445.640625
  0
VERTEX
  8
85
  10
-57.462387
  20
1446.895020
  0
VERTEX
  8
85
  10
-54.203232
  20
1447.472534
  0
SEQEND
  0
POINT
  8
2
  10
-492.214783
  20
1447.472534
  0
POINT
  8
2
  10
-54.203232
  20
1447.472534
  0
POINT
  8
3
  10
-488.955627
  20
1446.895020
  0
POINT
  8
3
  10
-484.596802
  20
1445.640625
  0
POINT
  8
3
  10
-474.772766
  20
1441.271118
  0
POINT
  8
3
  10
-465.033447
  20
1436.692871
  0
POINT
  8
3
  10
-460.810669
  20
1435.287109
  0
POINT
  8
3
  10
-458.842590
  20
1434.910522
  0
POINT
  8
3
  10
-456.863403
  20
1434.789185
  0
POINT
  8
3
  10
-455.310730
  20
1434.908447
  0
POINT
  8
3
  10
-449.987823
  20
1436.378418
  0
POINT
  8
3
  10
-444.857056
  20
1438.482178
  0
POINT
  8
3
  10
-439.818420
  20
1440.814453
  0
POINT
  8
3
  10
-434.223389
  20
1443.551270
  0
POINT
  8
3
  10
-428.475403
  20
1445.914917
  0
POINT
  8
3
  10
-422.447815
  20
1447.311890
  0
POINT
  8
3
  10
-420.214172
  20
1447.441895
  0
POINT
  8
3
  10
-417.955872
  20
1447.325195
  0
POINT
  8
3
  10
-411.839600
  20
1445.941406
  0
POINT
  8
3
  10
-405.999390
  20
1443.582642
  0
POINT
  8
3
  10
-400.333069
  20
1440.798706
  0
POINT
  8
3
  10
-395.357788
  20
1438.374634
  0
POINT
  8
3
  10
-390.263794
  20
1436.234985
  0
POINT
  8
3
  10
-384.937744
  20
1434.869995
  0
POINT
  8
3
  10
-383.371490
  20
1434.787842
  0
POINT
  8
3
  10
-381.805298
  20
1434.900146
  0
POINT
  8
3
  10
-376.484497
  20
1436.332275
  0
POINT
  8
3
  10
-371.362488
  20
1438.426514
  0
POINT
  8
3
  10
-366.353668
  20
1440.798340
  0
POINT
  8
3
  10
-360.767212
  20
1443.632446
  0
POINT
  8
3
  10
-354.993347
  20
1446.017456
  0
POINT
  8
3
  10
-348.917328
  20
1447.340454
  0
POINT
  8
3
  10
-346.684906
  20
1447.441406
  0
POINT
  8
3
  10
-344.458801
  20
1447.308594
  0
POINT
  8
3
  10
-338.409698
  20
1445.927246
  0
POINT
  8
3
  10
-332.637695
  20
1443.577881
  0
POINT
  8
3
  10
-327.046509
  20
1440.791260
  0
POINT
  8
3
  10
-322.081451
  20
1438.345581
  0
POINT
  8
3
  10
-316.988586
  20
1436.204102
  0
POINT
  8
3
  10
-311.658081
  20
1434.861450
  0
POINT
  8
3
  10
-310.131134
  20
1434.788452
  0
POINT
  8
3
  10
-308.082001
  20
1434.969971
  0
POINT
  8
3
  10
-306.031616
  20
1435.413696
  0
POINT
  8
3
  10
-299.072845
  20
1437.999023
  0
POINT
  8
3
  10
-292.334717
  20
1441.161133
  0
POINT
  8
3
  10
-285.602112
  20
1444.332642
  0
POINT
  8
3
  10
-281.591583
  20
1445.891479
  0
POINT
  8
3
  10
-276.645660
  20
1447.172729
  0
POINT
  8
3
  10
-273.209015
  20
1447.446899
  0
POINT
  8
3
  10
-269.772369
  20
1447.172729
  0
POINT
  8
3
  10
-264.826447
  20
1445.891479
  0
POINT
  8
3
  10
-254.762512
  20
1441.492676
  0
POINT
  8
3
  10
-244.764130
  20
1436.925659
  0
POINT
  8
3
  10
-240.386414
  20
1435.413696
  0
POINT
  8
3
  10
-238.336090
  20
1434.969971
  0
POINT
  8
3
  10
-236.286850
  20
1434.788452
  0
POINT
  8
3
  10
-234.759964
  20
1434.861450
  0
POINT
  8
3
  10
-229.429291
  20
1436.204102
  0
POINT
  8
3
  10
-224.336288
  20
1438.345825
  0
POINT
  8
3
  10
-219.371078
  20
1440.791504
  0
POINT
  8
3
  10
-213.780029
  20
1443.578003
  0
POINT
  8
3
  10
-208.008148
  20
1445.927246
  0
POINT
  8
3
  10
-201.959274
  20
1447.308594
  0
POINT
  8
3
  10
-199.733124
  20
1447.441406
  0
POINT
  8
3
  10
-197.500671
  20
1447.340454
  0
POINT
  8
3
  10
-191.424667
  20
1446.017456
  0
POINT
  8
3
  10
-185.650803
  20
1443.632446
  0
POINT
  8
3
  10
-180.064362
  20
1440.798340
  0
POINT
  8
3
  10
-175.055511
  20
1438.426514
  0
POINT
  8
3
  10
-169.933487
  20
1436.332275
  0
POINT
  8
3
  10
-164.612656
  20
1434.900146
  0
POINT
  8
3
  10
-163.046539
  20
1434.787842
  0
POINT
  8
3
  10
-161.480209
  20
1434.869995
  0
POINT
  8
3
  10
-156.154190
  20
1436.234985
  0
POINT
  8
3
  10
-151.060226
  20
1438.374634
  0
POINT
  8
3
  10
-146.084991
  20
1440.798706
  0
POINT
  8
3
  10
-140.418701
  20
1443.582642
  0
POINT
  8
3
  10
-134.578445
  20
1445.941406
  0
POINT
  8
3
  10
-128.462189
  20
1447.325195
  0
POINT
  8
3
  10
-126.203842
  20
1447.441895
  0
POINT
  8
3
  10
-123.970398
  20
1447.311890
  0
POINT
  8
3
  10
-117.942719
  20
1445.914917
  0
POINT
  8
3
  10
-112.194702
  20
1443.551392
  0
POINT
  8
3
  10
-106.599625
  20
1440.814453
  0
POINT
  8
3
  10
-101.560989
  20
1438.482178
  0
POINT
  8
3
  10
-96.430206
  20
1436.378418
  0
POINT
  8
3
  10
-91.107300
  20
1434.908447
  0
POINT
  8
3
  10
-89.554581
  20
1434.789185
  0
POINT
  8
3
  10
-87.575485
  20
1434.910522
  0
POINT
  8
3
  10
-85.607361
  20
1435.287109
  0
POINT
  8
3
  10
-81.384491
  20
1436.692871
  0
POINT
  8
3
  10
-71.645233
  20
1441.271118
  0
POINT
  8
3
  10
-61.821274
  20
1445.640625
  0
POINT
  8
3
  10
-57.462387
  20
1446.895020
  0
POLYLINE
  8
8
  66
1
  70
0
  250
0
  0
VERTEX
  8
8
  10
-492.497131
  20
1444.276123
  0
VERTEX
  8
8
  10
-489.631775
  20
1443.768433
  0
VERTEX
  8
8
  10
-489.631775
  20
1443.768433
  0
VERTEX
  8
8
  10
-485.561279
  20
1442.597046
  0
VERTEX
  8
8
  10
-485.561279
  20
1442.597046
  0
VERTEX
  8
8
  10
-482.110229
  20
1441.225464
  0
VERTEX
  8
8
  10
-478.458435
  20
1439.593628
  0
VERTEX
  8
8
  10
-475.158386
  20
1437.909546
  0
VERTEX
  8
8
  10
-475.158386
  20
1437.909546
  0
VERTEX
  8
8
  10
-470.720154
  20
1435.800537
  0
VERTEX
  8
8
  10
-466.112488
  20
1433.691040
  0
VERTEX
  8
8
  10
-466.112488
  20
1433.691040
  0
VERTEX
  8
8
  10
-464.475220
  20
1433.089355
  0
VERTEX
  8
8
  10
-462.620880
  20
1432.476440
  0
VERTEX
  8
8
  10
-460.657928
  20
1431.953369
  0
VERTEX
  8
8
  10
-458.694946
  20
1431.621582
  0
VERTEX
  8
8
  10
-456.840454
  20
1431.582153
  0
VERTEX
  8
8
  10
-456.840454
  20
1431.582153
  0
VERTEX
  8
8
  10
-455.039185
  20
1431.803589
  0
VERTEX
  8
8
  10
-453.176880
  20
1432.172729
  0
VERTEX
  8
8
  10
-451.273865
  20
1432.668457
  0
VERTEX
  8
8
  10
-449.350525
  20
1433.269531
  0
VERTEX
  8
8
  10
-447.427185
  20
1433.955078
  0
VERTEX
  8
8
  10
-445.524170
  20
1434.703735
  0
VERTEX
  8
8
  10
-443.661865
  20
1435.494629
  0
VERTEX
  8
8
  10
-441.860657
  20
1436.306641
  0
VERTEX
  8
8
  10
-440.140808
  20
1437.118652
  0
VERTEX
  8
8
  10
-438.522766
  20
1437.909546
  0
VERTEX
  8
8
  10
-438.522766
  20
1437.909546
  0
VERTEX
  8
8
  10
-437.177612
  20
1438.580078
  0
VERTEX
  8
8
  10
-435.752380
  20
1439.289673
  0
VERTEX
  8
8
  10
-434.261230
  20
1440.018799
  0
VERTEX
  8
8
  10
-432.718201
  20
1440.747925
  0
VERTEX
  8
8
  10
-431.137573
  20
1441.457520
  0
VERTEX
  8
8
  10
-429.533325
  20
1442.128052
  0
VERTEX
  8
8
  10
-427.919678
  20
1442.739990
  0
VERTEX
  8
8
  10
-426.310730
  20
1443.273804
  0
VERTEX
  8
8
  10
-424.720642
  20
1443.709961
  0
VERTEX
  8
8
  10
-423.163544
  20
1444.029053
  0
VERTEX
  8
8
  10
-421.653564
  20
1444.211304
  0
VERTEX
  8
8
  10
-420.204834
  20
1444.237427
  0
VERTEX
  8
8
  10
-420.204834
  20
1444.237427
  0
VERTEX
  8
8
  10
-418.704102
  20
1444.166626
  0
VERTEX
  8
8
  10
-417.150757
  20
1443.963989
  0
VERTEX
  8
8
  10
-415.558197
  20
1443.644165
  0
VERTEX
  8
8
  10
-413.939667
  20
1443.221924
  0
VERTEX
  8
8
  10
-412.308655
  20
1442.711670
  0
VERTEX
  8
8
  10
-410.678345
  20
1442.128174
  0
VERTEX
  8
8
  10
-409.062195
  20
1441.486084
  0
VERTEX
  8
8
  10
-407.473511
  20
1440.800171
  0
VERTEX
  8
8
  10
-405.925690
  20
1440.084839
  0
VERTEX
  8
8
  10
-404.432068
  20
1439.354858
  0
VERTEX
  8
8
  10
-403.005920
  20
1438.625000
  0
VERTEX
  8
8
  10
-401.660706
  20
1437.909668
  0
VERTEX
  8
8
  10
-401.660706
  20
1437.909668
  0
VERTEX
  8
8
  10
-400.194244
  20
1437.181274
  0
VERTEX
  8
8
  10
-398.642151
  20
1436.416992
  0
VERTEX
  8
8
  10
-397.019684
  20
1435.638916
  0
VERTEX
  8
8
  10
-395.342163
  20
1434.869263
  0
VERTEX
  8
8
  10
-393.624878
  20
1434.130371
  0
VERTEX
  8
8
  10
-391.883118
  20
1433.444214
  0
VERTEX
  8
8
  10
-390.132202
  20
1432.833008
  0
VERTEX
  8
8
  10
-388.387421
  20
1432.319092
  0
VERTEX
  8
8
  10
-386.664063
  20
1431.924438
  0
VERTEX
  8
8
  10
-384.977417
  20
1431.671387
  0
VERTEX
  8
8
  10
-383.342773
  20
1431.582153
  0
VERTEX
  8
8
  10
-383.342773
  20
1431.582153
  0
VERTEX
  8
8
  10
-381.759033
  20
1431.724243
  0
VERTEX
  8
8
  10
-380.103912
  20
1432.010010
  0
VERTEX
  8
8
  10
-378.395813
  20
1432.420410
  0
VERTEX
  8
8
  10
-376.653046
  20
1432.936523
  0
VERTEX
  8
8
  10
-374.893982
  20
1433.539185
  0
VERTEX
  8
8
  10
-373.136963
  20
1434.209595
  0
VERTEX
  8
8
  10
-371.400330
  20
1434.928467
  0
VERTEX
  8
8
  10
-369.702423
  20
1435.676880
  0
VERTEX
  8
8
  10
-368.061615
  20
1436.435913
  0
VERTEX
  8
8
  10
-366.496216
  20
1437.186523
  0
VERTEX
  8
8
  10
-365.024597
  20
1437.909546
  0
VERTEX
  8
8
  10
-365.024597
  20
1437.909546
  0
VERTEX
  8
8
  10
-363.683838
  20
1438.629395
  0
VERTEX
  8
8
  10
-362.270050
  20
1439.371094
  0
VERTEX
  8
8
  10
-360.795013
  20
1440.117676
  0
VERTEX
  8
8
  10
-359.270508
  20
1440.852173
  0
VERTEX
  8
8
  10
-357.708313
  20
1441.557251
  0
VERTEX
  8
8
  10
-356.120209
  20
1442.215942
  0
VERTEX
  8
8
  10
-354.517944
  20
1442.811279
  0
VERTEX
  8
8
  10
-352.913361
  20
1443.325928
  0
VERTEX
  8
8
  10
-351.318176
  20
1443.742920
  0
VERTEX
  8
8
  10
-349.744171
  20
1444.045288
  0
VERTEX
  8
8
  10
-348.203186
  20
1444.215820
  0
VERTEX
  8
8
  10
-346.706909
  20
1444.237427
  0
VERTEX
  8
8
  10
-346.706909
  20
1444.237427
  0
VERTEX
  8
8
  10
-345.210602
  20
1444.166626
  0
VERTEX
  8
8
  10
-343.669556
  20
1443.963989
  0
VERTEX
  8
8
  10
-342.095520
  20
1443.644165
  0
VERTEX
  8
8
  10
-340.500305
  20
1443.221924
  0
VERTEX
  8
8
  10
-338.895691
  20
1442.711670
  0
VERTEX
  8
8
  10
-337.293427
  20
1442.128174
  0
VERTEX
  8
8
  10
-335.705292
  20
1441.486084
  0
VERTEX
  8
8
  10
-334.143097
  20
1440.800049
  0
VERTEX
  8
8
  10
-332.618591
  20
1440.084839
  0
VERTEX
  8
8
  10
-331.143524
  20
1439.354858
  0
VERTEX
  8
8
  10
-329.729736
  20
1438.624878
  0
VERTEX
  8
8
  10
-328.388977
  20
1437.909546
  0
VERTEX
  8
8
  10
-328.388977
  20
1437.909546
  0
VERTEX
  8
8
  10
-323.950775
  20
1435.800537
  0
VERTEX
  8
8
  10
-319.343109
  20
1433.691040
  0
VERTEX
  8
8
  10
-319.343109
  20
1433.691040
  0
VERTEX
  8
8
  10
-317.131012
  20
1432.966064
  0
VERTEX
  8
8
  10
-314.706970
  20
1432.285156
  0
VERTEX
  8
8
  10
-312.283020
  20
1431.779907
  0
VERTEX
  8
8
  10
-310.071045
  20
1431.582153
  0
VERTEX
  8
8
  10
-310.071045
  20
1431.582153
  0
VERTEX
  8
8
  10
-308.214813
  20
1431.713379
  0
VERTEX
  8
8
  10
-306.239105
  20
1432.069580
  0
VERTEX
  8
8
  10
-304.241699
  20
1432.594604
  0
VERTEX
  8
8
  10
-302.320282
  20
1433.232178
  0
VERTEX
  8
8
  10
-300.572601
  20
1433.926025
  0
VERTEX
  8
8
  10
-300.572601
  20
1433.926025
  0
VERTEX
  8
8
  10
-296.078094
  20
1435.829956
  0
VERTEX
  8
8
  10
-291.752869
  20
1437.909424
  0
VERTEX
  8
8
  10
-291.752869
  20
1437.909424
  0
VERTEX
  8
8
  10
-288.126221
  20
1439.654297
  0
VERTEX
  8
8
  10
-284.298645
  20
1441.399048
  0
VERTEX
  8
8
  10
-280.671997
  20
1442.831177
  0
VERTEX
  8
8
  10
-280.671997
  20
1442.831177
  0
VERTEX
  8
8
  10
-278.410278
  20
1443.592773
  0
VERTEX
  8
8
  10
-276.148926
  20
1444.002930
  0
VERTEX
  8
8
  10
-276.148926
  20
1444.002930
  0
VERTEX
  8
8
  10
-273.209015
  20
1444.237427
  0
VERTEX
  8
8
  10
-273.209015
  20
1444.237427
  0
SEQEND
  0
POINT
  8
2
  10
-492.497131
  20
1444.276123
  0
POINT
  8
2
  10
-489.631775
  20
1443.768433
  0
POINT
  8
2
  10
-485.561279
  20
1442.597046
  0
POINT
  8
2
  10
-475.158386
  20
1437.909546
  0
POINT
  8
2
  10
-466.112488
  20
1433.691040
  0
POINT
  8
2
  10
-456.840454
  20
1431.582153
  0
POINT
  8
2
  10
-438.522766
  20
1437.909546
  0
POINT
  8
2
  10
-420.204834
  20
1444.237427
  0
POINT
  8
2
  10
-401.660706
  20
1437.909668
  0
POINT
  8
2
  10
-383.342773
  20
1431.582153
  0
POINT
  8
2
  10
-365.024597
  20
1437.909546
  0
POINT
  8
2
  10
-346.706909
  20
1444.237427
  0
POINT
  8
2
  10
-328.388977
  20
1437.909546
  0
POINT
  8
2
  10
-319.343109
  20
1433.691040
  0
POINT
  8
2
  10
-310.071045
  20
1431.582153
  0
POINT
  8
2
  10
-300.572601
  20
1433.926025
  0
POINT
  8
2
  10
-291.752869
  20
1437.909424
  0
POINT
  8
2
  10
-280.671997
  20
1442.831177
  0
POINT
  8
2
  10
-276.148926
  20
1444.002930
  0
POINT
  8
2
  10
-273.209015
  20
1444.237427
  0
POINT
  8
3
  10
-482.110229
  20
1441.225464
  0
POINT
  8
3
  10
-478.458435
  20
1439.593628
  0
POINT
  8
3
  10
-470.720154
  20
1435.800537
  0
POINT
  8
3
  10
-464.475220
  20
1433.089355
  0
POINT
  8
3
  10
-462.620880
  20
1432.476440
  0
POINT
  8
3
  10
-460.657928
  20
1431.953369
  0
POINT
  8
3
  10
-458.694946
  20
1431.621582
  0
POINT
  8
3
  10
-455.039185
  20
1431.803589
  0
POINT
  8
3
  10
-453.176880
  20
1432.172729
  0
POINT
  8
3
  10
-451.273865
  20
1432.668457
  0
POINT
  8
3
  10
-449.350525
  20
1433.269531
  0
POINT
  8
3
  10
-447.427185
  20
1433.955078
  0
POINT
  8
3
  10
-445.524170
  20
1434.703735
  0
POINT
  8
3
  10
-443.661865
  20
1435.494629
  0
POINT
  8
3
  10
-441.860657
  20
1436.306641
  0
POINT
  8
3
  10
-440.140808
  20
1437.118652
  0
POINT
  8
3
  10
-437.177612
  20
1438.580078
  0
POINT
  8
3
  10
-435.752380
  20
1439.289673
  0
POINT
  8
3
  10
-434.261230
  20
1440.018799
  0
POINT
  8
3
  10
-432.718201
  20
1440.747925
  0
POINT
  8
3
  10
-431.137573
  20
1441.457520
  0
POINT
  8
3
  10
-429.533325
  20
1442.128052
  0
POINT
  8
3
  10
-427.919678
  20
1442.739990
  0
POINT
  8
3
  10
-426.310730
  20
1443.273804
  0
POINT
  8
3
  10
-424.720642
  20
1443.709961
  0
POINT
  8
3
  10
-423.163544
  20
1444.029053
  0
POINT
  8
3
  10
-421.653564
  20
1444.211304
  0
POINT
  8
3
  10
-418.704102
  20
1444.166626
  0
POINT
  8
3
  10
-417.150757
  20
1443.963989
  0
POINT
  8
3
  10
-415.558197
  20
1443.644165
  0
POINT
  8
3
  10
-413.939667
  20
1443.221924
  0
POINT
  8
3
  10
-412.308655
  20
1442.711670
  0
POINT
  8
3
  10
-410.678345
  20
1442.128174
  0
POINT
  8
3
  10
-409.062195
  20
1441.486084
  0
POINT
  8
3
  10
-407.473511
  20
1440.800171
  0
POINT
  8
3
  10
-405.925690
  20
1440.084839
  0
POINT
  8
3
  10
-404.432068
  20
1439.354858
  0
POINT
  8
3
  10
-403.005920
  20
1438.625000
  0
POINT
  8
3
  10
-400.194244
  20
1437.181274
  0
POINT
  8
3
  10
-398.642151
  20
1436.416992
  0
POINT
  8
3
  10
-397.019684
  20
1435.638916
  0
POINT
  8
3
  10
-395.342163
  20
1434.869263
  0
POINT
  8
3
  10
-393.624878
  20
1434.130371
  0
POINT
  8
3
  10
-391.883118
  20
1433.444214
  0
POINT
  8
3
  10
-390.132202
  20
1432.833008
  0
POINT
  8
3
  10
-388.387421
  20
1432.319092
  0
POINT
  8
3
  10
-386.664063
  20
1431.924438
  0
POINT
  8
3
  10
-384.977417
  20
1431.671387
  0
POINT
  8
3
  10
-381.759033
  20
1431.724243
  0
POINT
  8
3
  10
-380.103912
  20
1432.010010
  0
POINT
  8
3
  10
-378.395813
  20
1432.420410
  0
POINT
  8
3
  10
-376.653046
  20
1432.936523
  0
POINT
  8
3
  10
-374.893982
  20
1433.539185
  0
POINT
  8
3
  10
-373.136963
  20
1434.209595
  0
POINT
  8
3
  10
-371.400330
  20
1434.928467
  0
POINT
  8
3
  10
-369.702423
  20
1435.676880
  0
POINT
  8
3
  10
-368.061615
  20
1436.435913
  0
POINT
  8
3
  10
-366.496216
  20
1437.186523
  0
POINT
  8
3
  10
-363.683838
  20
1438.629395
  0
POINT
  8
3
  10
-362.270050
  20
1439.371094
  0
POINT
  8
3
  10
-360.795013
  20
1440.117676
  0
POINT
  8
3
  10
-359.270508
  20
1440.852173
  0
POINT
  8
3
  10
-357.708313
  20
1441.557251
  0
POINT
  8
3
  10
-356.120209
  20
1442.215942
  0
POINT
  8
3
  10
-354.517944
  20
1442.811279
  0
POINT
  8
3
  10
-352.913361
  20
1443.325928
  0
POINT
  8
3
  10
-351.318176
  20
1443.742920
  0
POINT
  8
3
  10
-349.744171
  20
1444.045288
  0
POINT
  8
3
  10
-348.203186
  20
1444.215820
  0
POINT
  8
3
  10
-345.210602
  20
1444.166626
  0
POINT
  8
3
  10
-343.669556
  20
1443.963989
  0
POINT
  8
3
  10
-342.095520
  20
1443.644165
  0
POINT
  8
3
  10
-340.500305
  20
1443.221924
  0
POINT
  8
3
  10
-338.895691
  20
1442.711670
  0
POINT
  8
3
  10
-337.293427
  20
1442.128174
  0
POINT
  8
3
  10
-335.705292
  20
1441.486084
  0
POINT
  8
3
  10
-334.143097
  20
1440.800049
  0
POINT
  8
3
  10
-332.618591
  20
1440.084839
  0
POINT
  8
3
  10
-331.143524
  20
1439.354858
  0
POINT
  8
3
  10
-329.729736
  20
1438.624878
  0
POINT
  8
3
  10
-323.950775
  20
1435.800537
  0
POINT
  8
3
  10
-317.131012
  20
1432.966064
  0
POINT
  8
3
  10
-314.706970
  20
1432.285156
  0
POINT
  8
3
  10
-312.283020
  20
1431.779907
  0
POINT
  8
3
  10
-308.214813
  20
1431.713379
  0
POINT
  8
3
  10
-306.239105
  20
1432.069580
  0
POINT
  8
3
  10
-304.241699
  20
1432.594604
  0
POINT
  8
3
  10
-302.320282
  20
1433.232178
  0
POINT
  8
3
  10
-296.078094
  20
1435.829956
  0
POINT
  8
3
  10
-288.126221
  20
1439.654297
  0
POINT
  8
3
  10
-284.298645
  20
1441.399048
  0
POINT
  8
3
  10
-278.410278
  20
1443.592773
  0
POLYLINE
  8
85
  66
1
  70
0
  250
1
  0
VERTEX
  8
85
  10
-492.497131
  20
1444.276123
  0
VERTEX
  8
85
  10
-492.571899
  20
1444.237427
  0
VERTEX
  8
85
  10
-490.536652
  20
1444.002808
  0
VERTEX
  8
85
  10
-489.631775
  20
1443.768433
  0
VERTEX
  8
85
  10
-488.501160
  20
1443.534302
  0
VERTEX
  8
85
  10
-486.692078
  20
1443.065552
  0
VERTEX
  8
85
  10
-485.561279
  20
1442.597046
  0
VERTEX
  8
85
  10
-482.394958
  20
1441.424927
  0
VERTEX
  8
85
  10
-478.098297
  20
1439.550415
  0
VERTEX
  8
85
  10
-475.158386
  20
1437.909546
  0
VERTEX
  8
85
  10
-472.444641
  20
1436.737915
  0
VERTEX
  8
85
  10
-469.052185
  20
1434.863403
  0
VERTEX
  8
85
  10
-466.112488
  20
1433.691040
  0
VERTEX
  8
85
  10
-463.624939
  20
1432.753784
  0
VERTEX
  8
85
  10
-459.780579
  20
1431.348022
  0
VERTEX
  8
85
  10
-456.840454
  20
1431.582153
  0
VERTEX
  8
85
  10
-450.960632
  20
1432.050903
  0
VERTEX
  8
85
  10
-443.724060
  20
1435.331909
  0
VERTEX
  8
85
  10
-438.522766
  20
1437.909546
  0
VERTEX
  8
85
  10
-433.321198
  20
1440.487671
  0
VERTEX
  8
85
  10
-425.858459
  20
1444.471558
  0
VERTEX
  8
85
  10
-420.204834
  20
1444.237427
  0
VERTEX
  8
85
  10
-414.325012
  20
1444.237427
  0
VERTEX
  8
85
  10
-406.862030
  20
1440.722046
  0
VERTEX
  8
85
  10
-401.660706
  20
1437.909668
  0
VERTEX
  8
85
  10
-396.459412
  20
1435.331909
  0
VERTEX
  8
85
  10
-389.222351
  20
1431.582153
  0
VERTEX
  8
85
  10
-383.342773
  20
1431.582153
  0
VERTEX
  8
85
  10
-377.688904
  20
1431.816528
  0
VERTEX
  8
85
  10
-370.226166
  20
1435.331909
  0
VERTEX
  8
85
  10
-365.024597
  20
1437.909546
  0
VERTEX
  8
85
  10
-359.823303
  20
1440.722046
  0
VERTEX
  8
85
  10
-352.586731
  20
1444.471558
  0
VERTEX
  8
85
  10
-346.706909
  20
1444.237427
  0
VERTEX
  8
85
  10
-340.826874
  20
1444.237427
  0
VERTEX
  8
85
  10
-333.590302
  20
1440.722046
  0
VERTEX
  8
85
  10
-328.388977
  20
1437.909546
  0
VERTEX
  8
85
  10
-325.675232
  20
1436.737915
  0
VERTEX
  8
85
  10
-322.282776
  20
1434.863403
  0
VERTEX
  8
85
  10
-319.343109
  20
1433.691040
  0
VERTEX
  8
85
  10
-316.629120
  20
1432.753784
  0
VERTEX
  8
85
  10
-312.784790
  20
1431.582153
  0
VERTEX
  8
85
  10
-310.071045
  20
1431.582153
  0
VERTEX
  8
85
  10
-307.131134
  20
1431.582153
  0
VERTEX
  8
85
  10
-303.286346
  20
1432.753784
  0
VERTEX
  8
85
  10
-300.572601
  20
1433.926025
  0
VERTEX
  8
85
  10
-297.859100
  20
1434.863403
  0
VERTEX
  8
85
  10
-294.240692
  20
1436.737915
  0
VERTEX
  8
85
  10
-291.752869
  20
1437.909424
  0
VERTEX
  8
85
  10
-288.360657
  20
1439.550415
  0
VERTEX
  8
85
  10
-284.064209
  20
1441.659302
  0
VERTEX
  8
85
  10
-280.671997
  20
1442.831177
  0
VERTEX
  8
85
  10
-279.314758
  20
1443.299927
  0
VERTEX
  8
85
  10
-277.505676
  20
1444.002808
  0
VERTEX
  8
85
  10
-276.148926
  20
1444.002930
  0
VERTEX
  8
85
  10
-275.244263
  20
1444.237427
  0
VERTEX
  8
85
  10
-273.209015
  20
1444.237427
  0
VERTEX
  8
85
  10
-273.209015
  20
1444.237427
  0
SEQEND
  0
POINT
  8
2
  10
-492.497131
  20
1444.276123
  0
POINT
  8
2
  10
-489.631775
  20
1443.768433
  0
POINT
  8
2
  10
-485.561279
  20
1442.597046
  0
POINT
  8
2
  10
-475.158386
  20
1437.909546
  0
POINT
  8
2
  10
-466.112488
  20
1433.691040
  0
POINT
  8
2
  10
-456.840454
  20
1431.582153
  0
POINT
  8
2
  10
-438.522766
  20
1437.909546
  0
POINT
  8
2
  10
-420.204834
  20
1444.237427
  0
POINT
  8
2
  10
-401.660706
  20
1437.909668
  0
POINT
  8
2
  10
-383.342773
  20
1431.582153
  0
POINT
  8
2
  10
-365.024597
  20
1437.909546
  0
POINT
  8
2
  10
-346.706909
  20
1444.237427
  0
POINT
  8
2
  10
-328.388977
  20
1437.909546
  0
POINT
  8
2
  10
-319.343109
  20
1433.691040
  0
POINT
  8
2
  10
-310.071045
  20
1431.582153
  0
POINT
  8
2
  10
-300.572601
  20
1433.926025
  0
POINT
  8
2
  10
-291.752869
  20
1437.909424
  0
POINT
  8
2
  10
-280.671997
  20
1442.831177
  0
POINT
  8
2
  10
-276.148926
  20
1444.002930
  0
POINT
  8
2
  10
-273.209015
  20
1444.237427
  0
POINT
  8
3
  10
-482.110229
  20
1441.225464
  0
POINT
  8
3
  10
-478.458435
  20
1439.593628
  0
POINT
  8
3
  10
-470.720154
  20
1435.800537
  0
POINT
  8
3
  10
-464.475220
  20
1433.089355
  0
POINT
  8
3
  10
-462.620880
  20
1432.476440
  0
POINT
  8
3
  10
-460.657928
  20
1431.953369
  0
POINT
  8
3
  10
-458.694946
  20
1431.621582
  0
POINT
  8
3
  10
-455.039185
  20
1431.803589
  0
POINT
  8
3
  10
-453.176880
  20
1432.172729
  0
POINT
  8
3
  10
-451.273865
  20
1432.668457
  0
POINT
  8
3
  10
-449.350525
  20
1433.269531
  0
POINT
  8
3
  10
-447.427185
  20
1433.955078
  0
POINT
  8
3
  10
-445.524170
  20
1434.703735
  0
POINT
  8
3
  10
-443.661865
  20
1435.494629
  0
POINT
  8
3
  10
-441.860657
  20
1436.306641
  0
POINT
  8
3
  10
-440.140808
  20
1437.118652
  0
POINT
  8
3
  10
-437.177612
  20
1438.580078
  0
POINT
  8
3
  10
-435.752380
  20
1439.289673
  0
POINT
  8
3
  10
-434.261230
  20
1440.018799
  0
POINT
  8
3
  10
-432.718201
  20
1440.747925
  0
POINT
  8
3
  10
-431.137573
  20
1441.457520
  0
POINT
  8
3
  10
-429.533325
  20
1442.128052
  0
POINT
  8
3
  10
-427.919678
  20
1442.739990
  0
POINT
  8
3
  10
-426.310730
  20
1443.273804
  0
POINT
  8
3
  10
-424.720642
  20
1443.709961
  0
POINT
  8
3
  10
-423.163544
  20
1444.029053
  0
POINT
  8
3
  10
-421.653564
  20
1444.211304
  0
POINT
  8
3
  10
-418.704102
  20
1444.166626
  0
POINT
  8
3
  10
-417.150757
  20
1443.963989
  0
POINT
  8
3
  10
-415.558197
  20
1443.644165
  0
POINT
  8
3
  10
-413.939667
  20
1443.221924
  0
POINT
  8
3
  10
-412.308655
  20
1442.711670
  0
POINT
  8
3
  10
-410.678345
  20
1442.128174
  0
POINT
  8
3
  10
-409.062195
  20
1441.486084
  0
POINT
  8
3
  10
-407.473511
  20
1440.800171
  0
POINT
  8
3
  10
-405.925690
  20
1440.084839
  0
POINT
  8
3
  10
-404.432068
  20
1439.354858
  0
POINT
  8
3
  10
-403.005920
  20
1438.625000
  0
POINT
  8
3
  10
-400.194244
  20
1437.181274
  0
POINT
  8
3
  10
-398.642151
  20
1436.416992
  0
POINT
  8
3
  10
-397.019684
  20
1435.638916
  0
POINT
  8
3
  10
-395.342163
  20
1434.869263
  0
POINT
  8
3
  10
-393.624878
  20
1434.130371
  0
POINT
  8
3
  10
-391.883118
  20
1433.444214
  0
POINT
  8
3
  10
-390.132202
  20
1432.833008
  0
POINT
  8
3
  10
-388.387421
  20
1432.319092
  0
POINT
  8
3
  10
-386.664063
  20
1431.924438
  0
POINT
  8
3
  10
-384.977417
  20
1431.671387
  0
POINT
  8
3
  10
-381.759033
  20
1431.724243
  0
POINT
  8
3
  10
-380.103912
  20
1432.010010
  0
POINT
  8
3
  10
-378.395813
  20
1432.420410
  0
POINT
  8
3
  10
-376.653046
  20
1432.936523
  0
POINT
  8
3
  10
-374.893982
  20
1433.539185
  0
POINT
  8
3
  10
-373.136963
  20
1434.209595
  0
POINT
  8
3
  10
-371.400330
  20
1434.928467
  0
POINT
  8
3
  10
-369.702423
  20
1435.676880
  0
POINT
  8
3
  10
-368.061615
  20
1436.435913
  0
POINT
  8
3
  10
-366.496216
  20
1437.186523
  0
POINT
  8
3
  10
-363.683838
  20
1438.629395
  0
POINT
  8
3
  10
-362.270050
  20
1439.371094
  0
POINT
  8
3
  10
-360.795013
  20
1440.117676
  0
POINT
  8
3
  10
-359.270508
  20
1440.852173
  0
POINT
  8
3
  10
-357.708313
  20
1441.557251
  0
POINT
  8
3
  10
-356.120209
  20
1442.215942
  0
POINT
  8
3
  10
-354.517944
  20
1442.811279
  0
POINT
  8
3
  10
-352.913361
  20
1443.325928
  0
POINT
  8
3
  10
-351.318176
  20
1443.742920
  0
POINT
  8
3
  10
-349.744171
  20
1444.045288
  0
POINT
  8
3
  10
-348.203186
  20
1444.215820
  0
POINT
  8
3
  10
-345.210602
  20
1444.166626
  0
POINT
  8
3
  10
-343.669556
  20
1443.963989
  0
POINT
  8
3
  10
-342.095520
  20
1443.644165
  0
POINT
  8
3
  10
-340.500305
  20
1443.221924
  0
POINT
  8
3
  10
-338.895691
  20
1442.711670
  0
POINT
  8
3
  10
-337.293427
  20
1442.128174
  0
POINT
  8
3
  10
-335.705292
  20
1441.486084
  0
POINT
  8
3
  10
-334.143097
  20
1440.800049
  0
POINT
  8
3
  10
-332.618591
  20
1440.084839
  0
POINT
  8
3
  10
-331.143524
  20
1439.354858
  0
POINT
  8
3
  10
-329.729736
  20
1438.624878
  0
POINT
  8
3
  10
-323.950775
  20
1435.800537
  0
POINT
  8
3
  10
-317.131012
  20
1432.966064
  0
POINT
  8
3
  10
-314.706970
  20
1432.285156
  0
POINT
  8
3
  10
-312.283020
  20
1431.779907
  0
POINT
  8
3
  10
-308.214813
  20
1431.713379
  0
POINT
  8
3
  10
-306.239105
  20
1432.069580
  0
POINT
  8
3
  10
-304.241699
  20
1432.594604
  0
POINT
  8
3
  10
-302.320282
  20
1433.232178
  0
POINT
  8
3
  10
-296.078094
  20
1435.829956
  0
POINT
  8
3
  10
-288.126221
  20
1439.654297
  0
POINT
  8
3
  10
-284.298645
  20
1441.399048
  0
POINT
  8
3
  10
-278.410278
  20
1443.592773
  0
POLYLINE
  8
8
  66
1
  70
0
  250
0
  0
VERTEX
  8
8
  10
-388.091736
  20
1497.670654
  0
VERTEX
  8
8
  10
-389.448517
  20
1495.327393
  0
SEQEND
  0
POINT
  8
2
  10
-388.091736
  20
1497.670654
  0
POINT
  8
2
  10
-389.448517
  20
1495.327393
  0
POLYLINE
  8
85
  66
1
  70
0
  250
1
  0
VERTEX
  8
85
  10
-388.091736
  20
1497.670654
  0
VERTEX
  8
85
  10
-389.448517
  20
1495.327393
  0
SEQEND
  0
POINT
  8
2
  10
-388.091736
  20
1497.670654
  0
POINT
  8
2
  10
-389.448517
  20
1495.327393
  0
POLYLINE
  8
8
  66
1
  70
0
  250
0
  0
VERTEX
  8
8
  10
-53.920898
  20
1444.276123
  0
VERTEX
  8
8
  10
-56.786270
  20
1443.768433
  0
VERTEX
  8
8
  10
-56.786270
  20
1443.768433
  0
VERTEX
  8
8
  10
-60.856766
  20
1442.597046
  0
VERTEX
  8
8
  10
-60.856766
  20
1442.597046
  0
VERTEX
  8
8
  10
-64.307785
  20
1441.225464
  0
VERTEX
  8
8
  10
-67.959610
  20
1439.593628
  0
VERTEX
  8
8
  10
-71.259644
  20
1437.909546
  0
VERTEX
  8
8
  10
-71.259644
  20
1437.909546
  0
VERTEX
  8
8
  10
-75.697861
  20
1435.800537
  0
VERTEX
  8
8
  10
-80.305527
  20
1433.691040
  0
VERTEX
  8
8
  10
-80.305527
  20
1433.691040
  0
VERTEX
  8
8
  10
-81.942795
  20
1433.089355
  0
VERTEX
  8
8
  10
-83.797150
  20
1432.476440
  0
VERTEX
  8
8
  10
-85.760101
  20
1431.953369
  0
VERTEX
  8
8
  10
-87.723068
  20
1431.621582
  0
VERTEX
  8
8
  10
-89.577576
  20
1431.582153
  0
VERTEX
  8
8
  10
-89.577576
  20
1431.582153
  0
VERTEX
  8
8
  10
-91.378845
  20
1431.803589
  0
VERTEX
  8
8
  10
-93.241135
  20
1432.172729
  0
VERTEX
  8
8
  10
-95.144150
  20
1432.668457
  0
VERTEX
  8
8
  10
-97.067490
  20
1433.269531
  0
VERTEX
  8
8
  10
-98.990860
  20
1433.955078
  0
VERTEX
  8
8
  10
-100.893875
  20
1434.703735
  0
VERTEX
  8
8
  10
-102.756149
  20
1435.494629
  0
VERTEX
  8
8
  10
-104.557388
  20
1436.306641
  0
VERTEX
  8
8
  10
-106.277206
  20
1437.118652
  0
VERTEX
  8
8
  10
-107.895279
  20
1437.909546
  0
VERTEX
  8
8
  10
-107.895279
  20
1437.909546
  0
VERTEX
  8
8
  10
-109.240417
  20
1438.580078
  0
VERTEX
  8
8
  10
-110.665665
  20
1439.289673
  0
VERTEX
  8
8
  10
-112.156799
  20
1440.018799
  0
VERTEX
  8
8
  10
-113.699829
  20
1440.747925
  0
VERTEX
  8
8
  10
-115.280457
  20
1441.457520
  0
VERTEX
  8
8
  10
-116.884705
  20
1442.128052
  0
VERTEX
  8
8
  10
-118.498352
  20
1442.739990
  0
VERTEX
  8
8
  10
-120.107300
  20
1443.273804
  0
VERTEX
  8
8
  10
-121.697372
  20
1443.709961
  0
VERTEX
  8
8
  10
-123.254486
  20
1444.029053
  0
VERTEX
  8
8
  10
-124.764465
  20
1444.211304
  0
VERTEX
  8
8
  10
-126.213211
  20
1444.237427
  0
VERTEX
  8
8
  10
-126.213211
  20
1444.237427
  0
VERTEX
  8
8
  10
-127.713913
  20
1444.166626
  0
VERTEX
  8
8
  10
-129.267258
  20
1443.963989
  0
VERTEX
  8
8
  10
-130.859833
  20
1443.644165
  0
VERTEX
  8
8
  10
-132.478363
  20
1443.221924
  0
VERTEX
  8
8
  10
-134.109390
  20
1442.711670
  0
VERTEX
  8
8
  10
-135.739700
  20
1442.128174
  0
VERTEX
  8
8
  10
-137.355850
  20
1441.486084
  0
VERTEX
  8
8
  10
-138.944519
  20
1440.800171
  0
VERTEX
  8
8
  10
-140.492340
  20
1440.084839
  0
VERTEX
  8
8
  10
-141.985977
  20
1439.354858
  0
VERTEX
  8
8
  10
-143.412094
  20
1438.625000
  0
VERTEX
  8
8
  10
-144.757309
  20
1437.909668
  0
VERTEX
  8
8
  10
-144.757309
  20
1437.909668
  0
VERTEX
  8
8
  10
-146.223785
  20
1437.181274
  0
VERTEX
  8
8
  10
-147.775879
  20
1436.416992
  0
VERTEX
  8
8
  10
-149.398346
  20
1435.638916
  0
VERTEX
  8
8
  10
-151.075867
  20
1434.869263
  0
VERTEX
  8
8
  10
-152.793167
  20
1434.130371
  0
VERTEX
  8
8
  10
-154.534912
  20
1433.444214
  0
VERTEX
  8
8
  10
-156.285828
  20
1432.833008
  0
VERTEX
  8
8
  10
-158.030609
  20
1432.319092
  0
VERTEX
  8
8
  10
-159.753967
  20
1431.924438
  0
VERTEX
  8
8
  10
-161.440613
  20
1431.671387
  0
VERTEX
  8
8
  10
-163.075256
  20
1431.582153
  0
VERTEX
  8
8
  10
-163.075256
  20
1431.582153
  0
VERTEX
  8
8
  10
-164.658997
  20
1431.724243
  0
VERTEX
  8
8
  10
-166.314117
  20
1432.010010
  0
VERTEX
  8
8
  10
-168.022217
  20
1432.420410
  0
VERTEX
  8
8
  10
-169.764984
  20
1432.936523
  0
VERTEX
  8
8
  10
-171.524048
  20
1433.539185
  0
VERTEX
  8
8
  10
-173.281067
  20
1434.209595
  0
VERTEX
  8
8
  10
-175.017700
  20
1434.928467
  0
VERTEX
  8
8
  10
-176.715607
  20
1435.676880
  0
VERTEX
  8
8
  10
-178.356415
  20
1436.435913
  0
VERTEX
  8
8
  10
-179.921814
  20
1437.186523
  0
VERTEX
  8
8
  10
-181.393417
  20
1437.909546
  0
VERTEX
  8
8
  10
-181.393417
  20
1437.909546
  0
VERTEX
  8
8
  10
-182.734177
  20
1438.629395
  0
VERTEX
  8
8
  10
-184.147980
  20
1439.371094
  0
VERTEX
  8
8
  10
-185.623016
  20
1440.117676
  0
VERTEX
  8
8
  10
-187.147537
  20
1440.852173
  0
VERTEX
  8
8
  10
-188.709717
  20
1441.557251
  0
VERTEX
  8
8
  10
-190.297821
  20
1442.215942
  0
VERTEX
  8
8
  10
-191.900070
  20
1442.811279
  0
VERTEX
  8
8
  10
-193.504669
  20
1443.325928
  0
VERTEX
  8
8
  10
-195.099854
  20
1443.742920
  0
VERTEX
  8
8
  10
-196.673859
  20
1444.045288
  0
VERTEX
  8
8
  10
-198.214859
  20
1444.215820
  0
VERTEX
  8
8
  10
-199.711121
  20
1444.237427
  0
VERTEX
  8
8
  10
-199.711121
  20
1444.237427
  0
VERTEX
  8
8
  10
-201.207428
  20
1444.166626
  0
VERTEX
  8
8
  10
-202.748474
  20
1443.963989
  0
VERTEX
  8
8
  10
-204.322495
  20
1443.644165
  0
VERTEX
  8
8
  10
-205.917725
  20
1443.221924
  0
VERTEX
  8
8
  10
-207.522339
  20
1442.711670
  0
VERTEX
  8
8
  10
-209.124603
  20
1442.128174
  0
VERTEX
  8
8
  10
-210.712723
  20
1441.486084
  0
VERTEX
  8
8
  10
-212.274948
  20
1440.800049
  0
VERTEX
  8
8
  10
-213.799454
  20
1440.084839
  0
VERTEX
  8
8
  10
-215.274490
  20
1439.354858
  0
VERTEX
  8
8
  10
-216.688293
  20
1438.624878
  0
VERTEX
  8
8
  10
-218.029068
  20
1437.909546
  0
VERTEX
  8
8
  10
-218.029068
  20
1437.909546
  0
VERTEX
  8
8
  10
-222.467270
  20
1435.800537
  0
VERTEX
  8
8
  10
-227.074936
  20
1433.691040
  0
VERTEX
  8
8
  10
-227.074936
  20
1433.691040
  0
VERTEX
  8
8
  10
-229.287033
  20
1432.966064
  0
VERTEX
  8
8
  10
-231.711044
  20
1432.285156
  0
VERTEX
  8
8
  10
-234.135010
  20
1431.779907
  0
VERTEX
  8
8
  10
-236.346985
  20
1431.582153
  0
VERTEX
  8
8
  10
-236.346985
  20
1431.582153
  0
VERTEX
  8
8
  10
-238.203217
  20
1431.713379
  0
VERTEX
  8
8
  10
-240.178925
  20
1432.069580
  0
VERTEX
  8
8
  10
-242.176331
  20
1432.594604
  0
VERTEX
  8
8
  10
-244.097748
  20
1433.232178
  0
VERTEX
  8
8
  10
-245.845428
  20
1433.926025
  0
VERTEX
  8
8
  10
-245.845428
  20
1433.926025
  0
VERTEX
  8
8
  10
-250.339920
  20
1435.829956
  0
VERTEX
  8
8
  10
-254.665146
  20
1437.909424
  0
VERTEX
  8
8
  10
-254.665146
  20
1437.909424
  0
VERTEX
  8
8
  10
-258.291809
  20
1439.654297
  0
VERTEX
  8
8
  10
-262.119385
  20
1441.399048
  0
VERTEX
  8
8
  10
-265.746033
  20
1442.831177
  0
VERTEX
  8
8
  10
-265.746033
  20
1442.831177
  0
VERTEX
  8
8
  10
-268.007751
  20
1443.592773
  0
VERTEX
  8
8
  10
-270.269104
  20
1444.002930
  0
VERTEX
  8
8
  10
-270.269104
  20
1444.002930
  0
VERTEX
  8
8
  10
-273.209015
  20
1444.237427
  0
VERTEX
  8
8
  10
-273.209015
  20
1444.237427
  0
SEQEND
  0
POINT
  8
2
  10
-53.920898
  20
1444.276123
  0
POINT
  8
2
  10
-56.786270
  20
1443.768433
  0
POINT
  8
2
  10
-60.856766
  20
1442.597046
  0
POINT
  8
2
  10
-71.259644
  20
1437.909546
  0
POINT
  8
2
  10
-80.305527
  20
1433.691040
  0
POINT
  8
2
  10
-89.577576
  20
1431.582153
  0
POINT
  8
2
  10
-107.895279
  20
1437.909546
  0
POINT
  8
2
  10
-126.213211
  20
1444.237427
  0
POINT
  8
2
  10
-144.757309
  20
1437.909668
  0
POINT
  8
2
  10
-163.075256
  20
1431.582153
  0
POINT
  8
2
  10
-181.393417
  20
1437.909546
  0
POINT
  8
2
  10
-199.711121
  20
1444.237427
  0
POINT
  8
2
  10
-218.029068
  20
1437.909546
  0
POINT
  8
2
  10
-227.074936
  20
1433.691040
  0
POINT
  8
2
  10
-236.346985
  20
1431.582153
  0
POINT
  8
2
  10
-245.845428
  20
1433.926025
  0
POINT
  8
2
  10
-254.665146
  20
1437.909424
  0
POINT
  8
2
  10
-265.746033
  20
1442.831177
  0
POINT
  8
2
  10
-270.269104
  20
1444.002930
  0
POINT
  8
2
  10
-273.209015
  20
1444.237427
  0
POINT
  8
3
  10
-64.307785
  20
1441.225464
  0
POINT
  8
3
  10
-67.959610
  20
1439.593628
  0
POINT
  8
3
  10
-75.697861
  20
1435.800537
  0
POINT
  8
3
  10
-81.942795
  20
1433.089355
  0
POINT
  8
3
  10
-83.797150
  20
1432.476440
  0
POINT
  8
3
  10
-85.760101
  20
1431.953369
  0
POINT
  8
3
  10
-87.723068
  20
1431.621582
  0
POINT
  8
3
  10
-91.378845
  20
1431.803589
  0
POINT
  8
3
  10
-93.241135
  20
1432.172729
  0
POINT
  8
3
  10
-95.144150
  20
1432.668457
  0
POINT
  8
3
  10
-97.067490
  20
1433.269531
  0
POINT
  8
3
  10
-98.990860
  20
1433.955078
  0
POINT
  8
3
  10
-100.893875
  20
1434.703735
  0
POINT
  8
3
  10
-102.756149
  20
1435.494629
  0
POINT
  8
3
  10
-104.557388
  20
1436.306641
  0
POINT
  8
3
  10
-106.277206
  20
1437.118652
  0
POINT
  8
3
  10
-109.240417
  20
1438.580078
  0
POINT
  8
3
  10
-110.665665
  20
1439.289673
  0
POINT
  8
3
  10
-112.156799
  20
1440.018799
  0
POINT
  8
3
  10
-113.699829
  20
1440.747925
  0
POINT
  8
3
  10
-115.280457
  20
1441.457520
  0
POINT
  8
3
  10
-116.884705
  20
1442.128052
  0
POINT
  8
3
  10
-118.498352
  20
1442.739990
  0
POINT
  8
3
  10
-120.107300
  20
1443.273804
  0
POINT
  8
3
  10
-121.697372
  20
1443.709961
  0
POINT
  8
3
  10
-123.254486
  20
1444.029053
  0
POINT
  8
3
  10
-124.764465
  20
1444.211304
  0
POINT
  8
3
  10
-127.713913
  20
1444.166626
  0
POINT
  8
3
  10
-129.267258
  20
1443.963989
  0
POINT
  8
3
  10
-130.859833
  20
1443.644165
  0
POINT
  8
3
  10
-132.478363
  20
1443.221924
  0
POINT
  8
3
  10
-134.109390
  20
1442.711670
  0
POINT
  8
3
  10
-135.739700
  20
1442.128174
  0
POINT
  8
3
  10
-137.355850
  20
1441.486084
  0
POINT
  8
3
  10
-138.944519
  20
1440.800171
  0
POINT
  8
3
  10
-140.492340
  20
1440.084839
  0
POINT
  8
3
  10
-141.985977
  20
1439.354858
  0
POINT
  8
3
  10
-143.412094
  20
1438.625000
  0
POINT
  8
3
  10
-146.223785
  20
1437.181274
  0
POINT
  8
3
  10
-147.775879
  20
1436.416992
  0
POINT
  8
3
  10
-149.398346
  20
1435.638916
  0
POINT
  8
3
  10
-151.075867
  20
1434.869263
  0
POINT
  8
3
  10
-152.793167
  20
1434.130371
  0
POINT
  8
3
  10
-154.534912
  20
1433.444214
  0
POINT
  8
3
  10
-156.285828
  20
1432.833008
  0
POINT
  8
3
  10
-158.030609
  20
1432.319092
  0
POINT
  8
3
  10
-159.753967
  20
1431.924438
  0
POINT
  8
3
  10
-161.440613
  20
1431.671387
  0
POINT
  8
3
  10
-164.658997
  20
1431.724243
  0
POINT
  8
3
  10
-166.314117
  20
1432.010010
  0
POINT
  8
3
  10
-168.022217
  20
1432.420410
  0
POINT
  8
3
  10
-169.764984
  20
1432.936523
  0
POINT
  8
3
  10
-171.524048
  20
1433.539185
  0
POINT
  8
3
  10
-173.281067
  20
1434.209595
  0
POINT
  8
3
  10
-175.017700
  20
1434.928467
  0
POINT
  8
3
  10
-176.715607
  20
1435.676880
  0
POINT
  8
3
  10
-178.356415
  20
1436.435913
  0
POINT
  8
3
  10
-179.921814
  20
1437.186523
  0
POINT
  8
3
  10
-182.734177
  20
1438.629395
  0
POINT
  8
3
  10
-184.147980
  20
1439.371094
  0
POINT
  8
3
  10
-185.623016
  20
1440.117676
  0
POINT
  8
3
  10
-187.147537
  20
1440.852173
  0
POINT
  8
3
  10
-188.709717
  20
1441.557251
  0
POINT
  8
3
  10
-190.297821
  20
1442.215942
  0
POINT
  8
3
  10
-191.900070
  20
1442.811279
  0
POINT
  8
3
  10
-193.504669
  20
1443.325928
  0
POINT
  8
3
  10
-195.099854
  20
1443.742920
  0
POINT
  8
3
  10
-196.673859
  20
1444.045288
  0
POINT
  8
3
  10
-198.214859
  20
1444.215820
  0
POINT
  8
3
  10
-201.207428
  20
1444.166626
  0
POINT
  8
3
  10
-202.748474
  20
1443.963989
  0
POINT
  8
3
  10
-204.322495
  20
1443.644165
  0
POINT
  8
3
  10
-205.917725
  20
1443.221924
  0
POINT
  8
3
  10
-207.522339
  20
1442.711670
  0
POINT
  8
3
  10
-209.124603
  20
1442.128174
  0
POINT
  8
3
  10
-210.712723
  20
1441.486084
  0
POINT
  8
3
  10
-212.274948
  20
1440.800049
  0
POINT
  8
3
  10
-213.799454
  20
1440.084839
  0
POINT
  8
3
  10
-215.274490
  20
1439.354858
  0
POINT
  8
3
  10
-216.688293
  20
1438.624878
  0
POINT
  8
3
  10
-222.467270
  20
1435.800537
  0
POINT
  8
3
  10
-229.287033
  20
1432.966064
  0
POINT
  8
3
  10
-231.711044
  20
1432.285156
  0
POINT
  8
3
  10
-234.135010
  20
1431.779907
  0
POINT
  8
3
  10
-238.203217
  20
1431.713379
  0
POINT
  8
3
  10
-240.178925
  20
1432.069580
  0
POINT
  8
3
  10
-242.176331
  20
1432.594604
  0
POINT
  8
3
  10
-244.097748
  20
1433.232178
  0
POINT
  8
3
  10
-250.339920
  20
1435.829956
  0
POINT
  8
3
  10
-258.291809
  20
1439.654297
  0
POINT
  8
3
  10
-262.119385
  20
1441.399048
  0
POINT
  8
3
  10
-268.007751
  20
1443.592773
  0
POLYLINE
  8
85
  66
1
  70
0
  250
1
  0
VERTEX
  8
85
  10
-53.920898
  20
1444.276123
  0
VERTEX
  8
85
  10
-53.846130
  20
1444.237427
  0
VERTEX
  8
85
  10
-55.881378
  20
1444.002808
  0
VERTEX
  8
85
  10
-56.786270
  20
1443.768433
  0
VERTEX
  8
85
  10
-57.916870
  20
1443.534302
  0
VERTEX
  8
85
  10
-59.725952
  20
1443.065552
  0
VERTEX
  8
85
  10
-60.856766
  20
1442.597046
  0
VERTEX
  8
85
  10
-64.023071
  20
1441.424927
  0
VERTEX
  8
85
  10
-68.319733
  20
1439.550415
  0
VERTEX
  8
85
  10
-71.259644
  20
1437.909546
  0
VERTEX
  8
85
  10
-73.973389
  20
1436.737915
  0
VERTEX
  8
85
  10
-77.365860
  20
1434.863403
  0
VERTEX
  8
85
  10
-80.305527
  20
1433.691040
  0
VERTEX
  8
85
  10
-82.793106
  20
1432.753784
  0
VERTEX
  8
85
  10
-86.637436
  20
1431.348022
  0
VERTEX
  8
85
  10
-89.577576
  20
1431.582153
  0
VERTEX
  8
85
  10
-95.457397
  20
1432.050903
  0
VERTEX
  8
85
  10
-102.693954
  20
1435.331909
  0
VERTEX
  8
85
  10
-107.895279
  20
1437.909546
  0
VERTEX
  8
85
  10
-113.096832
  20
1440.487671
  0
VERTEX
  8
85
  10
-120.559570
  20
1444.471558
  0
VERTEX
  8
85
  10
-126.213211
  20
1444.237427
  0
VERTEX
  8
85
  10
-132.093033
  20
1444.237427
  0
VERTEX
  8
85
  10
-139.556000
  20
1440.722046
  0
VERTEX
  8
85
  10
-144.757309
  20
1437.909668
  0
VERTEX
  8
85
  10
-149.958633
  20
1435.331909
  0
VERTEX
  8
85
  10
-157.195679
  20
1431.582153
  0
VERTEX
  8
85
  10
-163.075256
  20
1431.582153
  0
VERTEX
  8
85
  10
-168.729126
  20
1431.816528
  0
VERTEX
  8
85
  10
-176.191864
  20
1435.331909
  0
VERTEX
  8
85
  10
-181.393417
  20
1437.909546
  0
VERTEX
  8
85
  10
-186.594727
  20
1440.722046
  0
VERTEX
  8
85
  10
-193.831299
  20
1444.471558
  0
VERTEX
  8
85
  10
-199.711121
  20
1444.237427
  0
VERTEX
  8
85
  10
-205.591156
  20
1444.237427
  0
VERTEX
  8
85
  10
-212.827728
  20
1440.722046
  0
VERTEX
  8
85
  10
-218.029068
  20
1437.909546
  0
VERTEX
  8
85
  10
-220.742798
  20
1436.737915
  0
VERTEX
  8
85
  10
-224.135254
  20
1434.863403
  0
VERTEX
  8
85
  10
-227.074936
  20
1433.691040
  0
VERTEX
  8
85
  10
-229.788910
  20
1432.753784
  0
VERTEX
  8
85
  10
-233.633240
  20
1431.582153
  0
VERTEX
  8
85
  10
-236.346985
  20
1431.582153
  0
VERTEX
  8
85
  10
-239.286896
  20
1431.582153
  0
VERTEX
  8
85
  10
-243.131683
  20
1432.753784
  0
VERTEX
  8
85
  10
-245.845428
  20
1433.926025
  0
VERTEX
  8
85
  10
-248.558929
  20
1434.863403
  0
VERTEX
  8
85
  10
-252.177338
  20
1436.737915
  0
VERTEX
  8
85
  10
-254.665146
  20
1437.909424
  0
VERTEX
  8
85
  10
-258.057373
  20
1439.550415
  0
VERTEX
  8
85
  10
-262.353821
  20
1441.659302
  0
VERTEX
  8
85
  10
-265.746033
  20
1442.831177
  0
VERTEX
  8
85
  10
-267.103271
  20
1443.299927
  0
VERTEX
  8
85
  10
-268.912354
  20
1444.002808
  0
VERTEX
  8
85
  10
-270.269104
  20
1444.002930
  0
VERTEX
  8
85
  10
-271.173767
  20
1444.237427
  0
VERTEX
  8
85
  10
-273.209015
  20
1444.237427
  0
VERTEX
  8
85
  10
-273.209015
  20
1444.237427
  0
SEQEND
  0
POINT
  8
2
  10
-53.920898
  20
1444.276123
  0
POINT
  8
2
  10
-56.786270
  20
1443.768433
  0
POINT
  8
2
  10
-60.856766
  20
1442.597046
  0
POINT
  8
2
  10
-71.259644
  20
1437.909546
  0
POINT
  8
2
  10
-80.305527
  20
1433.691040
  0
POINT
  8
2
  10
-89.577576
  20
1431.582153
  0
POINT
  8
2
  10
-107.895279
  20
1437.909546
  0
POINT
  8
2
  10
-126.213211
  20
1444.237427
  0
POINT
  8
2
  10
-144.757309
  20
1437.909668
  0
POINT
  8
2
  10
-163.075256
  20
1431.582153
  0
POINT
  8
2
  10
-181.393417
  20
1437.909546
  0
POINT
  8
2
  10
-199.711121
  20
1444.237427
  0
POINT
  8
2
  10
-218.029068
  20
1437.909546
  0
POINT
  8
2
  10
-227.074936
  20
1433.691040
  0
POINT
  8
2
  10
-236.346985
  20
1431.582153
  0
POINT
  8
2
  10
-245.845428
  20
1433.926025
  0
POINT
  8
2
  10
-254.665146
  20
1437.909424
  0
POINT
  8
2
  10
-265.746033
  20
1442.831177
  0
POINT
  8
2
  10
-270.269104
  20
1444.002930
  0
POINT
  8
2
  10
-273.209015
  20
1444.237427
  0
POINT
  8
3
  10
-64.307785
  20
1441.225464
  0
POINT
  8
3
  10
-67.959610
  20
1439.593628
  0
POINT
  8
3
  10
-75.697861
  20
1435.800537
  0
POINT
  8
3
  10
-81.942795
  20
1433.089355
  0
POINT
  8
3
  10
-83.797150
  20
1432.476440
  0
POINT
  8
3
  10
-85.760101
  20
1431.953369
  0
POINT
  8
3
  10
-87.723068
  20
1431.621582
  0
POINT
  8
3
  10
-91.378845
  20
1431.803589
  0
POINT
  8
3
  10
-93.241135
  20
1432.172729
  0
POINT
  8
3
  10
-95.144150
  20
1432.668457
  0
POINT
  8
3
  10
-97.067490
  20
1433.269531
  0
POINT
  8
3
  10
-98.990860
  20
1433.955078
  0
POINT
  8
3
  10
-100.893875
  20
1434.703735
  0
POINT
  8
3
  10
-102.756149
  20
1435.494629
  0
POINT
  8
3
  10
-104.557388
  20
1436.306641
  0
POINT
  8
3
  10
-106.277206
  20
1437.118652
  0
POINT
  8
3
  10
-109.240417
  20
1438.580078
  0
POINT
  8
3
  10
-110.665665
  20
1439.289673
  0
POINT
  8
3
  10
-112.156799
  20
1440.018799
  0
POINT
  8
3
  10
-113.699829
  20
1440.747925
  0
POINT
  8
3
  10
-115.280457
  20
1441.457520
  0
POINT
  8
3
  10
-116.884705
  20
1442.128052
  0
POINT
  8
3
  10
-118.498352
  20
1442.739990
  0
POINT
  8
3
  10
-120.107300
  20
1443.273804
  0
POINT
  8
3
  10
-121.697372
  20
1443.709961
  0
POINT
  8
3
  10
-123.254486
  20
1444.029053
  0
POINT
  8
3
  10
-124.764465
  20
1444.211304
  0
POINT
  8
3
  10
-127.713913
  20
1444.166626
  0
POINT
  8
3
  10
-129.267258
  20
1443.963989
  0
POINT
  8
3
  10
-130.859833
  20
1443.644165
  0
POINT
  8
3
  10
-132.478363
  20
1443.221924
  0
POINT
  8
3
  10
-134.109390
  20
1442.711670
  0
POINT
  8
3
  10
-135.739700
  20
1442.128174
  0
POINT
  8
3
  10
-137.355850
  20
1441.486084
  0
POINT
  8
3
  10
-138.944519
  20
1440.800171
  0
POINT
  8
3
  10
-140.492340
  20
1440.084839
  0
POINT
  8
3
  10
-141.985977
  20
1439.354858
  0
POINT
  8
3
  10
-143.412094
  20
1438.625000
  0
POINT
  8
3
  10
-146.223785
  20
1437.181274
  0
POINT
  8
3
  10
-147.775879
  20
1436.416992
  0
POINT
  8
3
  10
-149.398346
  20
1435.638916
  0
POINT
  8
3
  10
-151.075867
  20
1434.869263
  0
POINT
  8
3
  10
-152.793167
  20
1434.130371
  0
POINT
  8
3
  10
-154.534912
  20
1433.444214
  0
POINT
  8
3
  10
-156.285828
  20
1432.833008
  0
POINT
  8
3
  10
-158.030609
  20
1432.319092
  0
POINT
  8
3
  10
-159.753967
  20
1431.924438
  0
POINT
  8
3
  10
-161.440613
  20
1431.671387
  0
POINT
  8
3
  10
-164.658997
  20
1431.724243
  0
POINT
  8
3
  10
-166.314117
  20
1432.010010
  0
POINT
  8
3
  10
-168.022217
  20
1432.420410
  0
POINT
  8
3
  10
-169.764984
  20
1432.936523
  0
POINT
  8
3
  10
-171.524048
  20
1433.539185
  0
POINT
  8
3
  10
-173.281067
  20
1434.209595
  0
POINT
  8
3
  10
-175.017700
  20
1434.928467
  0
POINT
  8
3
  10
-176.715607
  20
1435.676880
  0
POINT
  8
3
  10
-178.356415
  20
1436.435913
  0
POINT
  8
3
  10
-179.921814
  20
1437.186523
  0
POINT
  8
3
  10
-182.734177
  20
1438.629395
  0
POINT
  8
3
  10
-184.147980
  20
1439.371094
  0
POINT
  8
3
  10
-185.623016
  20
1440.117676
  0
POINT
  8
3
  10
-187.147537
  20
1440.852173
  0
POINT
  8
3
  10
-188.709717
  20
1441.557251
  0
POINT
  8
3
  10
-190.297821
  20
1442.215942
  0
POINT
  8
3
  10
-191.900070
  20
1442.811279
  0
POINT
  8
3
  10
-193.504669
  20
1443.325928
  0
POINT
  8
3
  10
-195.099854
  20
1443.742920
  0
POINT
  8
3
  10
-196.673859
  20
1444.045288
  0
POINT
  8
3
  10
-198.214859
  20
1444.215820
  0
POINT
  8
3
  10
-201.207428
  20
1444.166626
  0
POINT
  8
3
  10
-202.748474
  20
1443.963989
  0
POINT
  8
3
  10
-204.322495
  20
1443.644165
  0
POINT
  8
3
  10
-205.917725
  20
1443.221924
  0
POINT
  8
3
  10
-207.522339
  20
1442.711670
  0
POINT
  8
3
  10
-209.124603
  20
1442.128174
  0
POINT
  8
3
  10
-210.712723
  20
1441.486084
  0
POINT
  8
3
  10
-212.274948
  20
1440.800049
  0
POINT
  8
3
  10
-213.799454
  20
1440.084839
  0
POINT
  8
3
  10
-215.274490
  20
1439.354858
  0
POINT
  8
3
  10
-216.688293
  20
1438.624878
  0
POINT
  8
3
  10
-222.467270
  20
1435.800537
  0
POINT
  8
3
  10
-229.287033
  20
1432.966064
  0
POINT
  8
3
  10
-231.711044
  20
1432.285156
  0
POINT
  8
3
  10
-234.135010
  20
1431.779907
  0
POINT
  8
3
  10
-238.203217
  20
1431.713379
  0
POINT
  8
3
  10
-240.178925
  20
1432.069580
  0
POINT
  8
3
  10
-242.176331
  20
1432.594604
  0
POINT
  8
3
  10
-244.097748
  20
1433.232178
  0
POINT
  8
3
  10
-250.339920
  20
1435.829956
  0
POINT
  8
3
  10
-258.291809
  20
1439.654297
  0
POINT
  8
3
  10
-262.119385
  20
1441.399048
  0
POINT
  8
3
  10
-268.007751
  20
1443.592773
  0
POLYLINE
  8
8
  66
1
  70
0
  250
0
  0
VERTEX
  8
8
  10
-158.326294
  20
1497.670654
  0
VERTEX
  8
8
  10
-156.969513
  20
1495.327393
  0
SEQEND
  0
POINT
  8
2
  10
-158.326294
  20
1497.670654
  0
POINT
  8
2
  10
-156.969513
  20
1495.327393
  0
POLYLINE
  8
85
  66
1
  70
0
  250
1
  0
VERTEX
  8
85
  10
-158.326294
  20
1497.670654
  0
VERTEX
  8
85
  10
-156.969513
  20
1495.327393
  0
SEQEND
  0
POINT
  8
2
  10
-158.326294
  20
1497.670654
  0
POINT
  8
2
  10
-156.969513
  20
1495.327393
  0
POLYLINE
  8
8
  66
1
  70
0
  250
0
  0
VERTEX
  8
8
  10
-273.209015
  20
1497.202271
  0
VERTEX
  8
8
  10
-483.154694
  20
1497.202271
  0
SEQEND
  0
POINT
  8
2
  10
-273.209015
  20
1497.202271
  0
POINT
  8
2
  10
-483.154694
  20
1497.202271
  0
POLYLINE
  8
85
  66
1
  70
0
  250
1
  0
VERTEX
  8
85
  10
-273.209015
  20
1497.202271
  0
VERTEX
  8
85
  10
-483.154694
  20
1497.202271
  0
SEQEND
  0
POINT
  8
2
  10
-273.209015
  20
1497.202271
  0
POINT
  8
2
  10
-483.154694
  20
1497.202271
  0
POLYLINE
  8
8
  66
1
  70
0
  250
0
  0
VERTEX
  8
8
  10
-483.154694
  20
1497.202271
  0
VERTEX
  8
8
  10
-487.822449
  20
1497.202271
  0
SEQEND
  0
POINT
  8
2
  10
-483.154694
  20
1497.202271
  0
POINT
  8
2
  10
-487.822449
  20
1497.202271
  0
POLYLINE
  8
85
  66
1
  70
0
  250
1
  0
VERTEX
  8
85
  10
-483.154694
  20
1497.202271
  0
VERTEX
  8
85
  10
-487.822449
  20
1497.202271
  0
SEQEND
  0
POINT
  8
2
  10
-483.154694
  20
1497.202271
  0
POINT
  8
2
  10
-487.822449
  20
1497.202271
  0
POLYLINE
  8
8
  66
1
  70
0
  250
0
  0
VERTEX
  8
8
  10
-388.091766
  20
1432.251343
  0
VERTEX
  8
8
  10
-388.091736
  20
1497.670654
  0
SEQEND
  0
POINT
  8
2
  10
-388.091766
  20
1432.251343
  0
POINT
  8
2
  10
-388.091736
  20
1497.670654
  0
POLYLINE
  8
85
  66
1
  70
0
  250
1
  0
VERTEX
  8
85
  10
-388.091766
  20
1432.251343
  0
VERTEX
  8
85
  10
-388.091736
  20
1497.670654
  0
SEQEND
  0
POINT
  8
2
  10
-388.091766
  20
1432.251343
  0
POINT
  8
2
  10
-388.091736
  20
1497.670654
  0
POLYLINE
  8
8
  66
1
  70
0
  250
0
  0
VERTEX
  8
8
  10
-273.209015
  20
1497.202271
  0
VERTEX
  8
8
  10
-63.263367
  20
1497.202271
  0
SEQEND
  0
POINT
  8
2
  10
-273.209015
  20
1497.202271
  0
POINT
  8
2
  10
-63.263367
  20
1497.202271
  0
POLYLINE
  8
85
  66
1
  70
0
  250
1
  0
VERTEX
  8
85
  10
-273.209015
  20
1497.202271
  0
VERTEX
  8
85
  10
-63.263367
  20
1497.202271
  0
SEQEND
  0
POINT
  8
2
  10
-273.209015
  20
1497.202271
  0
POINT
  8
2
  10
-63.263367
  20
1497.202271
  0
POLYLINE
  8
8
  66
1
  70
0
  250
0
  0
VERTEX
  8
8
  10
-63.263367
  20
1497.202271
  0
VERTEX
  8
8
  10
-58.595596
  20
1497.202271
  0
SEQEND
  0
POINT
  8
2
  10
-63.263367
  20
1497.202271
  0
POINT
  8
2
  10
-58.595596
  20
1497.202271
  0
POLYLINE
  8
85
  66
1
  70
0
  250
1
  0
VERTEX
  8
85
  10
-63.263367
  20
1497.202271
  0
VERTEX
  8
85
  10
-58.595596
  20
1497.202271
  0
SEQEND
  0
POINT
  8
2
  10
-63.263367
  20
1497.202271
  0
POINT
  8
2
  10
-58.595596
  20
1497.202271
  0
POLYLINE
  8
8
  66
1
  70
0
  250
0
  0
VERTEX
  8
8
  10
-158.326263
  20
1432.251343
  0
VERTEX
  8
8
  10
-158.326294
  20
1497.670654
  0
SEQEND
  0
POINT
  8
2
  10
-158.326263
  20
1432.251343
  0
POINT
  8
2
  10
-158.326294
  20
1497.670654
  0
POLYLINE
  8
85
  66
1
  70
0
  250
1
  0
VERTEX
  8
85
  10
-158.326263
  20
1432.251343
  0
VERTEX
  8
85
  10
-158.326294
  20
1497.670654
  0
SEQEND
  0
POINT
  8
2
  10
-158.326263
  20
1432.251343
  0
POINT
  8
2
  10
-158.326294
  20
1497.670654
  0
POLYLINE
  8
8
  66
1
  70
0
  250
0
  0
VERTEX
  8
8
  10
-273.209015
  20
1444.237427
  0
VERTEX
  8
8
  10
-273.209015
  20
1552.979126
  0
SEQEND
  0
POINT
  8
2
  10
-273.209015
  20
1444.237427
  0
POINT
  8
2
  10
-273.209015
  20
1552.979126
  0
POLYLINE
  8
85
  66
1
  70
0
  250
1
  0
VERTEX
  8
85
  10
-273.209015
  20
1444.237427
  0
VERTEX
  8
85
  10
-273.209015
  20
1552.979126
  0
SEQEND
  0
POINT
  8
2
  10
-273.209015
  20
1444.237427
  0
POINT
  8
2
  10
-273.209015
  20
1552.979126
  0
ENDBLK
  0
BLOCK
  8
0
  2
Pattern2D_1546983_M
  70
64
  10
0
  20
0
  0
TEXT
  8
1
  10
240.047745
  20
1406.501709
  50
0.000000
  51
0.000000
  71
0.000000
  1
PIECE NAME: Pattern2D_1546983
  7
STANDARD
  0
TEXT
  8
1
  10
240.047745
  20
1401.501709
  50
0.000000
  51
0.000000
  71
0.000000
  1
SIZE: M
  7
STANDARD
  0
TEXT
  8
1
  10
240.047745
  20
1391.501709
  50
0.000000
  51
0.000000
  71
0.000000
  1
QUANTITY: 1
  7
STANDARD
  0
TEXT
  8
1
  10
240.047745
  20
1391.501709
  40
0.250000
  50
0.000000
  1
ROTATION: 0
  7
STANDARD
  0
POLYLINE
  8
1
  66
1
  70
1
  250
2
  0
VERTEX
  8
1
  10
462.989258
  20
1391.338989
  0
VERTEX
  8
1
  10
459.161072
  20
1434.043579
  0
VERTEX
  8
1
  10
456.470703
  20
1433.565063
  0
VERTEX
  8
1
  10
452.173828
  20
1432.393677
  0
VERTEX
  8
1
  10
441.997345
  20
1427.706177
  0
VERTEX
  8
1
  10
432.951477
  20
1423.487671
  0
VERTEX
  8
1
  10
428.304199
  20
1421.910278
  0
VERTEX
  8
1
  10
423.453003
  20
1421.378784
  0
VERTEX
  8
1
  10
414.039429
  20
1423.696289
  0
VERTEX
  8
1
  10
405.135315
  20
1427.706177
  0
VERTEX
  8
1
  10
396.258942
  20
1431.825439
  0
VERTEX
  8
1
  10
386.817383
  20
1434.033569
  0
VERTEX
  8
1
  10
377.403534
  20
1431.716187
  0
VERTEX
  8
1
  10
368.499207
  20
1427.706177
  0
VERTEX
  8
1
  10
359.668701
  20
1423.429321
  0
VERTEX
  8
1
  10
350.181763
  20
1421.378906
  0
VERTEX
  8
1
  10
340.712524
  20
1423.509399
  0
VERTEX
  8
1
  10
331.863342
  20
1427.706177
  0
VERTEX
  8
1
  10
322.978271
  20
1431.795776
  0
VERTEX
  8
1
  10
313.545654
  20
1434.033569
  0
VERTEX
  8
1
  10
304.004089
  20
1431.797485
  0
VERTEX
  8
1
  10
295.001556
  20
1427.706177
  0
VERTEX
  8
1
  10
286.181580
  20
1423.487671
  0
VERTEX
  8
1
  10
281.521820
  20
1421.996338
  0
VERTEX
  8
1
  10
276.683838
  20
1421.378784
  0
VERTEX
  8
1
  10
267.411560
  20
1423.487671
  0
VERTEX
  8
1
  10
258.365692
  20
1427.706177
  0
VERTEX
  8
1
  10
247.510712
  20
1432.627808
  0
VERTEX
  8
1
  10
242.987885
  20
1433.799438
  0
VERTEX
  8
1
  10
240.047974
  20
1434.033569
  0
VERTEX
  8
1
  10
237.107605
  20
1433.799438
  0
VERTEX
  8
1
  10
232.584778
  20
1432.627808
  0
VERTEX
  8
1
  10
221.729813
  20
1427.706177
  0
VERTEX
  8
1
  10
212.683929
  20
1423.487671
  0
VERTEX
  8
1
  10
203.411636
  20
1421.378784
  0
VERTEX
  8
1
  10
198.573669
  20
1421.996338
  0
VERTEX
  8
1
  10
193.913895
  20
1423.487671
  0
VERTEX
  8
1
  10
185.093933
  20
1427.706177
  0
VERTEX
  8
1
  10
176.091385
  20
1431.797485
  0
VERTEX
  8
1
  10
166.549835
  20
1434.033569
  0
VERTEX
  8
1
  10
157.117218
  20
1431.795776
  0
VERTEX
  8
1
  10
148.232147
  20
1427.706177
  0
VERTEX
  8
1
  10
139.382965
  20
1423.509399
  0
VERTEX
  8
1
  10
129.913742
  20
1421.378906
  0
VERTEX
  8
1
  10
120.426781
  20
1423.429321
  0
VERTEX
  8
1
  10
111.596283
  20
1427.706177
  0
VERTEX
  8
1
  10
102.691956
  20
1431.716187
  0
VERTEX
  8
1
  10
93.278107
  20
1434.033569
  0
VERTEX
  8
1
  10
83.836548
  20
1431.825439
  0
VERTEX
  8
1
  10
74.960175
  20
1427.706177
  0
VERTEX
  8
1
  10
66.056061
  20
1423.696289
  0
VERTEX
  8
1
  10
56.642471
  20
1421.378784
  0
VERTEX
  8
1
  10
51.791306
  20
1421.910278
  0
VERTEX
  8
1
  10
47.144028
  20
1423.487671
  0
VERTEX
  8
1
  10
38.098145
  20
1427.706177
  0
VERTEX
  8
1
  10
27.921661
  20
1432.393677
  0
VERTEX
  8
1
  10
23.624771
  20
1433.565063
  0
VERTEX
  8
1
  10
20.934448
  20
1434.043457
  0
VERTEX
  8
1
  10
17.106232
  20
1391.338867
  0
VERTEX
  8
1
  10
19.780441
  20
1391.615112
  0
VERTEX
  8
1
  10
29.249313
  20
1389.484497
  0
VERTEX
  8
1
  10
38.098145
  20
1385.287720
  0
VERTEX
  8
1
  10
47.090057
  20
1381.166992
  0
VERTEX
  8
1
  10
56.642471
  20
1378.959839
  0
VERTEX
  8
1
  10
66.056122
  20
1381.277466
  0
VERTEX
  8
1
  10
74.960175
  20
1385.287720
  0
VERTEX
  8
1
  10
83.790939
  20
1389.564575
  0
VERTEX
  8
1
  10
93.278107
  20
1391.615234
  0
VERTEX
  8
1
  10
102.738556
  20
1389.455444
  0
VERTEX
  8
1
  10
111.596283
  20
1385.287720
  0
VERTEX
  8
1
  10
120.472458
  20
1381.168091
  0
VERTEX
  8
1
  10
129.913940
  20
1378.959839
  0
VERTEX
  8
1
  10
139.336472
  20
1381.248291
  0
VERTEX
  8
1
  10
148.232147
  20
1385.287720
  0
VERTEX
  8
1
  10
157.089600
  20
1389.455444
  0
VERTEX
  8
1
  10
166.549835
  20
1391.615112
  0
VERTEX
  8
1
  10
176.091400
  20
1389.379028
  0
VERTEX
  8
1
  10
185.093933
  20
1385.287720
  0
VERTEX
  8
1
  10
193.913895
  20
1381.069214
  0
VERTEX
  8
1
  10
203.411636
  20
1378.959839
  0
VERTEX
  8
1
  10
208.141434
  20
1379.718994
  0
VERTEX
  8
1
  10
212.683929
  20
1381.303833
  0
VERTEX
  8
1
  10
221.730042
  20
1385.287720
  0
VERTEX
  8
1
  10
232.585007
  20
1390.209106
  0
VERTEX
  8
1
  10
237.107834
  20
1391.381226
  0
VERTEX
  8
1
  10
240.047974
  20
1391.615112
  0
VERTEX
  8
1
  10
242.987656
  20
1391.381226
  0
VERTEX
  8
1
  10
247.510483
  20
1390.209106
  0
VERTEX
  8
1
  10
258.365448
  20
1385.287720
  0
VERTEX
  8
1
  10
267.411560
  20
1381.303833
  0
VERTEX
  8
1
  10
271.954041
  20
1379.718994
  0
VERTEX
  8
1
  10
276.683838
  20
1378.959839
  0
VERTEX
  8
1
  10
286.181580
  20
1381.069214
  0
VERTEX
  8
1
  10
295.001556
  20
1385.287720
  0
VERTEX
  8
1
  10
304.004089
  20
1389.379028
  0
VERTEX
  8
1
  10
313.545654
  20
1391.615112
  0
VERTEX
  8
1
  10
323.005890
  20
1389.455444
  0
VERTEX
  8
1
  10
331.863342
  20
1385.287720
  0
VERTEX
  8
1
  10
340.759033
  20
1381.248291
  0
VERTEX
  8
1
  10
350.181549
  20
1378.959839
  0
VERTEX
  8
1
  10
359.623047
  20
1381.168091
  0
VERTEX
  8
1
  10
368.499207
  20
1385.287720
  0
VERTEX
  8
1
  10
377.356934
  20
1389.455444
  0
VERTEX
  8
1
  10
386.817383
  20
1391.615234
  0
VERTEX
  8
1
  10
396.304565
  20
1389.564575
  0
VERTEX
  8
1
  10
405.135315
  20
1385.287720
  0
VERTEX
  8
1
  10
414.039368
  20
1381.277466
  0
VERTEX
  8
1
  10
423.453003
  20
1378.959839
  0
VERTEX
  8
1
  10
433.005432
  20
1381.166992
  0
VERTEX
  8
1
  10
441.997345
  20
1385.287720
  0
VERTEX
  8
1
  10
450.846191
  20
1389.484497
  0
VERTEX
  8
1
  10
460.315063
  20
1391.615112
  0
SEQEND
  0
POINT
  8
2
  10
462.989258
  20
1391.338989
  0
POINT
  8
2
  10
459.161072
  20
1434.043579
  0
POINT
  8
2
  10
20.934448
  20
1434.043457
  0
POINT
  8
2
  10
17.106232
  20
1391.338867
  0
POINT
  8
3
  10
456.470703
  20
1433.565063
  0
POINT
  8
3
  10
452.173828
  20
1432.393677
  0
POINT
  8
3
  10
441.997345
  20
1427.706177
  0
POINT
  8
3
  10
432.951477
  20
1423.487671
  0
POINT
  8
3
  10
428.304199
  20
1421.910278
  0
POINT
  8
3
  10
423.453003
  20
1421.378784
  0
POINT
  8
3
  10
414.039429
  20
1423.696289
  0
POINT
  8
3
  10
405.135315
  20
1427.706177
  0
POINT
  8
3
  10
396.258942
  20
1431.825439
  0
POINT
  8
3
  10
386.817383
  20
1434.033569
  0
POINT
  8
3
  10
377.403534
  20
1431.716187
  0
POINT
  8
3
  10
368.499207
  20
1427.706177
  0
POINT
  8
3
  10
359.668701
  20
1423.429321
  0
POINT
  8
3
  10
350.181763
  20
1421.378906
  0
POINT
  8
3
  10
340.712524
  20
1423.509399
  0
POINT
  8
3
  10
331.863342
  20
1427.706177
  0
POINT
  8
3
  10
322.978271
  20
1431.795776
  0
POINT
  8
3
  10
313.545654
  20
1434.033569
  0
POINT
  8
3
  10
304.004089
  20
1431.797485
  0
POINT
  8
3
  10
295.001556
  20
1427.706177
  0
POINT
  8
3
  10
286.181580
  20
1423.487671
  0
POINT
  8
3
  10
281.521820
  20
1421.996338
  0
POINT
  8
3
  10
276.683838
  20
1421.378784
  0
POINT
  8
3
  10
267.411560
  20
1423.487671
  0
POINT
  8
3
  10
258.365692
  20
1427.706177
  0
POINT
  8
3
  10
247.510712
  20
1432.627808
  0
POINT
  8
3
  10
242.987885
  20
1433.799438
  0
POINT
  8
3
  10
240.047974
  20
1434.033569
  0
POINT
  8
3
  10
237.107605
  20
1433.799438
  0
POINT
  8
3
  10
232.584778
  20
1432.627808
  0
POINT
  8
3
  10
221.729813
  20
1427.706177
  0
POINT
  8
3
  10
212.683929
  20
1423.487671
  0
POINT
  8
3
  10
203.411636
  20
1421.378784
  0
POINT
  8
3
  10
198.573669
  20
1421.996338
  0
POINT
  8
3
  10
193.913895
  20
1423.487671
  0
POINT
  8
3
  10
185.093933
  20
1427.706177
  0
POINT
  8
3
  10
176.091385
  20
1431.797485
  0
POINT
  8
3
  10
166.549835
  20
1434.033569
  0
POINT
  8
3
  10
157.117218
  20
1431.795776
  0
POINT
  8
3
  10
148.232147
  20
1427.706177
  0
POINT
  8
3
  10
139.382965
  20
1423.509399
  0
POINT
  8
3
  10
129.913742
  20
1421.378906
  0
POINT
  8
3
  10
120.426781
  20
1423.429321
  0
POINT
  8
3
  10
111.596283
  20
1427.706177
  0
POINT
  8
3
  10
102.691956
  20
1431.716187
  0
POINT
  8
3
  10
93.278107
  20
1434.033569
  0
POINT
  8
3
  10
83.836548
  20
1431.825439
  0
POINT
  8
3
  10
74.960175
  20
1427.706177
  0
POINT
  8
3
  10
66.056061
  20
1423.696289
  0
POINT
  8
3
  10
56.642471
  20
1421.378784
  0
POINT
  8
3
  10
51.791306
  20
1421.910278
  0
POINT
  8
3
  10
47.144028
  20
1423.487671
  0
POINT
  8
3
  10
38.098145
  20
1427.706177
  0
POINT
  8
3
  10
27.921661
  20
1432.393677
  0
POINT
  8
3
  10
23.624771
  20
1433.565063
  0
POINT
  8
3
  10
19.780441
  20
1391.615112
  0
POINT
  8
3
  10
29.249313
  20
1389.484497
  0
POINT
  8
3
  10
38.098145
  20
1385.287720
  0
POINT
  8
3
  10
47.090057
  20
1381.166992
  0
POINT
  8
3
  10
56.642471
  20
1378.959839
  0
POINT
  8
3
  10
66.056122
  20
1381.277466
  0
POINT
  8
3
  10
74.960175
  20
1385.287720
  0
POINT
  8
3
  10
83.790939
  20
1389.564575
  0
POINT
  8
3
  10
93.278107
  20
1391.615234
  0
POINT
  8
3
  10
102.738556
  20
1389.455444
  0
POINT
  8
3
  10
111.596283
  20
1385.287720
  0
POINT
  8
3
  10
120.472458
  20
1381.168091
  0
POINT
  8
3
  10
129.913940
  20
1378.959839
  0
POINT
  8
3
  10
139.336472
  20
1381.248291
  0
POINT
  8
3
  10
148.232147
  20
1385.287720
  0
POINT
  8
3
  10
157.089600
  20
1389.455444
  0
POINT
  8
3
  10
166.549835
  20
1391.615112
  0
POINT
  8
3
  10
176.091400
  20
1389.379028
  0
POINT
  8
3
  10
185.093933
  20
1385.287720
  0
POINT
  8
3
  10
193.913895
  20
1381.069214
  0
POINT
  8
3
  10
203.411636
  20
1378.959839
  0
POINT
  8
3
  10
208.141434
  20
1379.718994
  0
POINT
  8
3
  10
212.683929
  20
1381.303833
  0
POINT
  8
3
  10
221.730042
  20
1385.287720
  0
POINT
  8
3
  10
232.585007
  20
1390.209106
  0
POINT
  8
3
  10
237.107834
  20
1391.381226
  0
POINT
  8
3
  10
240.047974
  20
1391.615112
  0
POINT
  8
3
  10
242.987656
  20
1391.381226
  0
POINT
  8
3
  10
247.510483
  20
1390.209106
  0
POINT
  8
3
  10
258.365448
  20
1385.287720
  0
POINT
  8
3
  10
267.411560
  20
1381.303833
  0
POINT
  8
3
  10
271.954041
  20
1379.718994
  0
POINT
  8
3
  10
276.683838
  20
1378.959839
  0
POINT
  8
3
  10
286.181580
  20
1381.069214
  0
POINT
  8
3
  10
295.001556
  20
1385.287720
  0
POINT
  8
3
  10
304.004089
  20
1389.379028
  0
POINT
  8
3
  10
313.545654
  20
1391.615112
  0
POINT
  8
3
  10
323.005890
  20
1389.455444
  0
POINT
  8
3
  10
331.863342
  20
1385.287720
  0
POINT
  8
3
  10
340.759033
  20
1381.248291
  0
POINT
  8
3
  10
350.181549
  20
1378.959839
  0
POINT
  8
3
  10
359.623047
  20
1381.168091
  0
POINT
  8
3
  10
368.499207
  20
1385.287720
  0
POINT
  8
3
  10
377.356934
  20
1389.455444
  0
POINT
  8
3
  10
386.817383
  20
1391.615234
  0
POINT
  8
3
  10
396.304565
  20
1389.564575
  0
POINT
  8
3
  10
405.135315
  20
1385.287720
  0
POINT
  8
3
  10
414.039368
  20
1381.277466
  0
POINT
  8
3
  10
423.453003
  20
1378.959839
  0
POINT
  8
3
  10
433.005432
  20
1381.166992
  0
POINT
  8
3
  10
441.997345
  20
1385.287720
  0
POINT
  8
3
  10
450.846191
  20
1389.484497
  0
POINT
  8
3
  10
460.315063
  20
1391.615112
  0
POLYLINE
  8
84
  66
1
  70
1
  250
2
  0
VERTEX
  8
84
  10
462.989258
  20
1391.338989
  0
VERTEX
  8
84
  10
459.161072
  20
1434.043579
  0
VERTEX
  8
84
  10
456.470703
  20
1433.565063
  0
VERTEX
  8
84
  10
452.173828
  20
1432.393677
  0
VERTEX
  8
84
  10
441.997345
  20
1427.706177
  0
VERTEX
  8
84
  10
432.951477
  20
1423.487671
  0
VERTEX
  8
84
  10
428.304199
  20
1421.910278
  0
VERTEX
  8
84
  10
423.453003
  20
1421.378784
  0
VERTEX
  8
84
  10
414.039429
  20
1423.696289
  0
VERTEX
  8
84
  10
405.135315
  20
1427.706177
  0
VERTEX
  8
84
  10
396.258942
  20
1431.825439
  0
VERTEX
  8
84
  10
386.817383
  20
1434.033569
  0
VERTEX
  8
84
  10
377.403534
  20
1431.716187
  0
VERTEX
  8
84
  10
368.499207
  20
1427.706177
  0
VERTEX
  8
84
  10
359.668701
  20
1423.429321
  0
VERTEX
  8
84
  10
350.181763
  20
1421.378906
  0
VERTEX
  8
84
  10
340.712524
  20
1423.509399
  0
VERTEX
  8
84
  10
331.863342
  20
1427.706177
  0
VERTEX
  8
84
  10
322.978271
  20
1431.795776
  0
VERTEX
  8
84
  10
313.545654
  20
1434.033569
  0
VERTEX
  8
84
  10
304.004089
  20
1431.797485
  0
VERTEX
  8
84
  10
295.001556
  20
1427.706177
  0
VERTEX
  8
84
  10
286.181580
  20
1423.487671
  0
VERTEX
  8
84
  10
281.521820
  20
1421.996338
  0
VERTEX
  8
84
  10
276.683838
  20
1421.378784
  0
VERTEX
  8
84
  10
267.411560
  20
1423.487671
  0
VERTEX
  8
84
  10
258.365692
  20
1427.706177
  0
VERTEX
  8
84
  10
247.510712
  20
1432.627808
  0
VERTEX
  8
84
  10
242.987885
  20
1433.799438
  0
VERTEX
  8
84
  10
240.047974
  20
1434.033569
  0
VERTEX
  8
84
  10
237.107605
  20
1433.799438
  0
VERTEX
  8
84
  10
232.584778
  20
1432.627808
  0
VERTEX
  8
84
  10
221.729813
  20
1427.706177
  0
VERTEX
  8
84
  10
212.683929
  20
1423.487671
  0
VERTEX
  8
84
  10
203.411636
  20
1421.378784
  0
VERTEX
  8
84
  10
198.573669
  20
1421.996338
  0
VERTEX
  8
84
  10
193.913895
  20
1423.487671
  0
VERTEX
  8
84
  10
185.093933
  20
1427.706177
  0
VERTEX
  8
84
  10
176.091385
  20
1431.797485
  0
VERTEX
  8
84
  10
166.549835
  20
1434.033569
  0
VERTEX
  8
84
  10
157.117218
  20
1431.795776
  0
VERTEX
  8
84
  10
148.232147
  20
1427.706177
  0
VERTEX
  8
84
  10
139.382965
  20
1423.509399
  0
VERTEX
  8
84
  10
129.913742
  20
1421.378906
  0
VERTEX
  8
84
  10
120.426781
  20
1423.429321
  0
VERTEX
  8
84
  10
111.596283
  20
1427.706177
  0
VERTEX
  8
84
  10
102.691956
  20
1431.716187
  0
VERTEX
  8
84
  10
93.278107
  20
1434.033569
  0
VERTEX
  8
84
  10
83.836548
  20
1431.825439
  0
VERTEX
  8
84
  10
74.960175
  20
1427.706177
  0
VERTEX
  8
84
  10
66.056061
  20
1423.696289
  0
VERTEX
  8
84
  10
56.642471
  20
1421.378784
  0
VERTEX
  8
84
  10
51.791306
  20
1421.910278
  0
VERTEX
  8
84
  10
47.144028
  20
1423.487671
  0
VERTEX
  8
84
  10
38.098145
  20
1427.706177
  0
VERTEX
  8
84
  10
27.921661
  20
1432.393677
  0
VERTEX
  8
84
  10
23.624771
  20
1433.565063
  0
VERTEX
  8
84
  10
20.934448
  20
1434.043457
  0
VERTEX
  8
84
  10
17.106232
  20
1391.338867
  0
VERTEX
  8
84
  10
19.780441
  20
1391.615112
  0
VERTEX
  8
84
  10
29.249313
  20
1389.484497
  0
VERTEX
  8
84
  10
38.098145
  20
1385.287720
  0
VERTEX
  8
84
  10
47.090057
  20
1381.166992
  0
VERTEX
  8
84
  10
56.642471
  20
1378.959839
  0
VERTEX
  8
84
  10
66.056122
  20
1381.277466
  0
VERTEX
  8
84
  10
74.960175
  20
1385.287720
  0
VERTEX
  8
84
  10
83.790939
  20
1389.564575
  0
VERTEX
  8
84
  10
93.278107
  20
1391.615234
  0
VERTEX
  8
84
  10
102.738556
  20
1389.455444
  0
VERTEX
  8
84
  10
111.596283
  20
1385.287720
  0
VERTEX
  8
84
  10
120.472458
  20
1381.168091
  0
VERTEX
  8
84
  10
129.913940
  20
1378.959839
  0
VERTEX
  8
84
  10
139.336472
  20
1381.248291
  0
VERTEX
  8
84
  10
148.232147
  20
1385.287720
  0
VERTEX
  8
84
  10
157.089600
  20
1389.455444
  0
VERTEX
  8
84
  10
166.549835
  20
1391.615112
  0
VERTEX
  8
84
  10
176.091400
  20
1389.379028
  0
VERTEX
  8
84
  10
185.093933
  20
1385.287720
  0
VERTEX
  8
84
  10
193.913895
  20
1381.069214
  0
VERTEX
  8
84
  10
203.411636
  20
1378.959839
  0
VERTEX
  8
84
  10
208.141434
  20
1379.718994
  0
VERTEX
  8
84
  10
212.683929
  20
1381.303833
  0
VERTEX
  8
84
  10
221.730042
  20
1385.287720
  0
VERTEX
  8
84
  10
232.585007
  20
1390.209106
  0
VERTEX
  8
84
  10
237.107834
  20
1391.381226
  0
VERTEX
  8
84
  10
240.047974
  20
1391.615112
  0
VERTEX
  8
84
  10
242.987656
  20
1391.381226
  0
VERTEX
  8
84
  10
247.510483
  20
1390.209106
  0
VERTEX
  8
84
  10
258.365448
  20
1385.287720
  0
VERTEX
  8
84
  10
267.411560
  20
1381.303833
  0
VERTEX
  8
84
  10
271.954041
  20
1379.718994
  0
VERTEX
  8
84
  10
276.683838
  20
1378.959839
  0
VERTEX
  8
84
  10
286.181580
  20
1381.069214
  0
VERTEX
  8
84
  10
295.001556
  20
1385.287720
  0
VERTEX
  8
84
  10
304.004089
  20
1389.379028
  0
VERTEX
  8
84
  10
313.545654
  20
1391.615112
  0
VERTEX
  8
84
  10
323.005890
  20
1389.455444
  0
VERTEX
  8
84
  10
331.863342
  20
1385.287720
  0
VERTEX
  8
84
  10
340.759033
  20
1381.248291
  0
VERTEX
  8
84
  10
350.181549
  20
1378.959839
  0
VERTEX
  8
84
  10
359.623047
  20
1381.168091
  0
VERTEX
  8
84
  10
368.499207
  20
1385.287720
  0
VERTEX
  8
84
  10
377.356934
  20
1389.455444
  0
VERTEX
  8
84
  10
386.817383
  20
1391.615234
  0
VERTEX
  8
84
  10
396.304565
  20
1389.564575
  0
VERTEX
  8
84
  10
405.135315
  20
1385.287720
  0
VERTEX
  8
84
  10
414.039368
  20
1381.277466
  0
VERTEX
  8
84
  10
423.453003
  20
1378.959839
  0
VERTEX
  8
84
  10
433.005432
  20
1381.166992
  0
VERTEX
  8
84
  10
441.997345
  20
1385.287720
  0
VERTEX
  8
84
  10
450.846191
  20
1389.484497
  0
VERTEX
  8
84
  10
460.315063
  20
1391.615112
  0
SEQEND
  0
POINT
  8
2
  10
462.989258
  20
1391.338989
  0
POINT
  8
2
  10
459.161072
  20
1434.043579
  0
POINT
  8
2
  10
20.934448
  20
1434.043457
  0
POINT
  8
2
  10
17.106232
  20
1391.338867
  0
POINT
  8
3
  10
456.470703
  20
1433.565063
  0
POINT
  8
3
  10
452.173828
  20
1432.393677
  0
POINT
  8
3
  10
441.997345
  20
1427.706177
  0
POINT
  8
3
  10
432.951477
  20
1423.487671
  0
POINT
  8
3
  10
428.304199
  20
1421.910278
  0
POINT
  8
3
  10
423.453003
  20
1421.378784
  0
POINT
  8
3
  10
414.039429
  20
1423.696289
  0
POINT
  8
3
  10
405.135315
  20
1427.706177
  0
POINT
  8
3
  10
396.258942
  20
1431.825439
  0
POINT
  8
3
  10
386.817383
  20
1434.033569
  0
POINT
  8
3
  10
377.403534
  20
1431.716187
  0
POINT
  8
3
  10
368.499207
  20
1427.706177
  0
POINT
  8
3
  10
359.668701
  20
1423.429321
  0
POINT
  8
3
  10
350.181763
  20
1421.378906
  0
POINT
  8
3
  10
340.712524
  20
1423.509399
  0
POINT
  8
3
  10
331.863342
  20
1427.706177
  0
POINT
  8
3
  10
322.978271
  20
1431.795776
  0
POINT
  8
3
  10
313.545654
  20
1434.033569
  0
POINT
  8
3
  10
304.004089
  20
1431.797485
  0
POINT
  8
3
  10
295.001556
  20
1427.706177
  0
POINT
  8
3
  10
286.181580
  20
1423.487671
  0
POINT
  8
3
  10
281.521820
  20
1421.996338
  0
POINT
  8
3
  10
276.683838
  20
1421.378784
  0
POINT
  8
3
  10
267.411560
  20
1423.487671
  0
POINT
  8
3
  10
258.365692
  20
1427.706177
  0
POINT
  8
3
  10
247.510712
  20
1432.627808
  0
POINT
  8
3
  10
242.987885
  20
1433.799438
  0
POINT
  8
3
  10
240.047974
  20
1434.033569
  0
POINT
  8
3
  10
237.107605
  20
1433.799438
  0
POINT
  8
3
  10
232.584778
  20
1432.627808
  0
POINT
  8
3
  10
221.729813
  20
1427.706177
  0
POINT
  8
3
  10
212.683929
  20
1423.487671
  0
POINT
  8
3
  10
203.411636
  20
1421.378784
  0
POINT
  8
3
  10
198.573669
  20
1421.996338
  0
POINT
  8
3
  10
193.913895
  20
1423.487671
  0
POINT
  8
3
  10
185.093933
  20
1427.706177
  0
POINT
  8
3
  10
176.091385
  20
1431.797485
  0
POINT
  8
3
  10
166.549835
  20
1434.033569
  0
POINT
  8
3
  10
157.117218
  20
1431.795776
  0
POINT
  8
3
  10
148.232147
  20
1427.706177
  0
POINT
  8
3
  10
139.382965
  20
1423.509399
  0
POINT
  8
3
  10
129.913742
  20
1421.378906
  0
POINT
  8
3
  10
120.426781
  20
1423.429321
  0
POINT
  8
3
  10
111.596283
  20
1427.706177
  0
POINT
  8
3
  10
102.691956
  20
1431.716187
  0
POINT
  8
3
  10
93.278107
  20
1434.033569
  0
POINT
  8
3
  10
83.836548
  20
1431.825439
  0
POINT
  8
3
  10
74.960175
  20
1427.706177
  0
POINT
  8
3
  10
66.056061
  20
1423.696289
  0
POINT
  8
3
  10
56.642471
  20
1421.378784
  0
POINT
  8
3
  10
51.791306
  20
1421.910278
  0
POINT
  8
3
  10
47.144028
  20
1423.487671
  0
POINT
  8
3
  10
38.098145
  20
1427.706177
  0
POINT
  8
3
  10
27.921661
  20
1432.393677
  0
POINT
  8
3
  10
23.624771
  20
1433.565063
  0
POINT
  8
3
  10
19.780441
  20
1391.615112
  0
POINT
  8
3
  10
29.249313
  20
1389.484497
  0
POINT
  8
3
  10
38.098145
  20
1385.287720
  0
POINT
  8
3
  10
47.090057
  20
1381.166992
  0
POINT
  8
3
  10
56.642471
  20
1378.959839
  0
POINT
  8
3
  10
66.056122
  20
1381.277466
  0
POINT
  8
3
  10
74.960175
  20
1385.287720
  0
POINT
  8
3
  10
83.790939
  20
1389.564575
  0
POINT
  8
3
  10
93.278107
  20
1391.615234
  0
POINT
  8
3
  10
102.738556
  20
1389.455444
  0
POINT
  8
3
  10
111.596283
  20
1385.287720
  0
POINT
  8
3
  10
120.472458
  20
1381.168091
  0
POINT
  8
3
  10
129.913940
  20
1378.959839
  0
POINT
  8
3
  10
139.336472
  20
1381.248291
  0
POINT
  8
3
  10
148.232147
  20
1385.287720
  0
POINT
  8
3
  10
157.089600
  20
1389.455444
  0
POINT
  8
3
  10
166.549835
  20
1391.615112
  0
POINT
  8
3
  10
176.091400
  20
1389.379028
  0
POINT
  8
3
  10
185.093933
  20
1385.287720
  0
POINT
  8
3
  10
193.913895
  20
1381.069214
  0
POINT
  8
3
  10
203.411636
  20
1378.959839
  0
POINT
  8
3
  10
208.141434
  20
1379.718994
  0
POINT
  8
3
  10
212.683929
  20
1381.303833
  0
POINT
  8
3
  10
221.730042
  20
1385.287720
  0
POINT
  8
3
  10
232.585007
  20
1390.209106
  0
POINT
  8
3
  10
237.107834
  20
1391.381226
  0
POINT
  8
3
  10
240.047974
  20
1391.615112
  0
POINT
  8
3
  10
242.987656
  20
1391.381226
  0
POINT
  8
3
  10
247.510483
  20
1390.209106
  0
POINT
  8
3
  10
258.365448
  20
1385.287720
  0
POINT
  8
3
  10
267.411560
  20
1381.303833
  0
POINT
  8
3
  10
271.954041
  20
1379.718994
  0
POINT
  8
3
  10
276.683838
  20
1378.959839
  0
POINT
  8
3
  10
286.181580
  20
1381.069214
  0
POINT
  8
3
  10
295.001556
  20
1385.287720
  0
POINT
  8
3
  10
304.004089
  20
1389.379028
  0
POINT
  8
3
  10
313.545654
  20
1391.615112
  0
POINT
  8
3
  10
323.005890
  20
1389.455444
  0
POINT
  8
3
  10
331.863342
  20
1385.287720
  0
POINT
  8
3
  10
340.759033
  20
1381.248291
  0
POINT
  8
3
  10
350.181549
  20
1378.959839
  0
POINT
  8
3
  10
359.623047
  20
1381.168091
  0
POINT
  8
3
  10
368.499207
  20
1385.287720
  0
POINT
  8
3
  10
377.356934
  20
1389.455444
  0
POINT
  8
3
  10
386.817383
  20
1391.615234
  0
POINT
  8
3
  10
396.304565
  20
1389.564575
  0
POINT
  8
3
  10
405.135315
  20
1385.287720
  0
POINT
  8
3
  10
414.039368
  20
1381.277466
  0
POINT
  8
3
  10
423.453003
  20
1378.959839
  0
POINT
  8
3
  10
433.005432
  20
1381.166992
  0
POINT
  8
3
  10
441.997345
  20
1385.287720
  0
POINT
  8
3
  10
450.846191
  20
1389.484497
  0
POINT
  8
3
  10
460.315063
  20
1391.615112
  0
LINE
  8
7
  10
240.047745
  20
1316.501709
  11
240.047745
  21
1496.501709
  0
POLYLINE
  8
8
  66
1
  70
0
  250
0
  0
VERTEX
  8
8
  10
20.934433
  20
1434.043457
  0
VERTEX
  8
8
  10
23.624771
  20
1433.565063
  0
VERTEX
  8
8
  10
23.624771
  20
1433.565063
  0
VERTEX
  8
8
  10
27.921661
  20
1432.393677
  0
VERTEX
  8
8
  10
27.921661
  20
1432.393677
  0
VERTEX
  8
8
  10
38.098145
  20
1427.706177
  0
VERTEX
  8
8
  10
38.098145
  20
1427.706177
  0
VERTEX
  8
8
  10
42.621170
  20
1425.509033
  0
VERTEX
  8
8
  10
47.144028
  20
1423.487671
  0
VERTEX
  8
8
  10
47.144028
  20
1423.487671
  0
VERTEX
  8
8
  10
48.585800
  20
1422.908325
  0
VERTEX
  8
8
  10
50.159454
  20
1422.368164
  0
VERTEX
  8
8
  10
51.808441
  20
1421.906006
  0
VERTEX
  8
8
  10
53.476303
  20
1421.561157
  0
VERTEX
  8
8
  10
55.106461
  20
1421.372314
  0
VERTEX
  8
8
  10
56.642471
  20
1421.378784
  0
VERTEX
  8
8
  10
56.642471
  20
1421.378784
  0
VERTEX
  8
8
  10
58.226120
  20
1421.520874
  0
VERTEX
  8
8
  10
59.881134
  20
1421.806641
  0
VERTEX
  8
8
  10
61.589188
  20
1422.217041
  0
VERTEX
  8
8
  10
63.331909
  20
1422.733154
  0
VERTEX
  8
8
  10
65.090973
  20
1423.335815
  0
VERTEX
  8
8
  10
66.847961
  20
1424.006226
  0
VERTEX
  8
8
  10
68.584595
  20
1424.725098
  0
VERTEX
  8
8
  10
70.282471
  20
1425.473511
  0
VERTEX
  8
8
  10
71.923248
  20
1426.232544
  0
VERTEX
  8
8
  10
73.488632
  20
1426.983154
  0
VERTEX
  8
8
  10
74.960175
  20
1427.706177
  0
VERTEX
  8
8
  10
74.960175
  20
1427.706177
  0
VERTEX
  8
8
  10
76.426697
  20
1428.434570
  0
VERTEX
  8
8
  10
77.978821
  20
1429.198853
  0
VERTEX
  8
8
  10
79.601303
  20
1429.976929
  0
VERTEX
  8
8
  10
81.278839
  20
1430.746582
  0
VERTEX
  8
8
  10
82.996140
  20
1431.485474
  0
VERTEX
  8
8
  10
84.737854
  20
1432.171631
  0
VERTEX
  8
8
  10
86.488739
  20
1432.782837
  0
VERTEX
  8
8
  10
88.233521
  20
1433.296753
  0
VERTEX
  8
8
  10
89.956848
  20
1433.691284
  0
VERTEX
  8
8
  10
91.643478
  20
1433.944336
  0
VERTEX
  8
8
  10
93.278107
  20
1434.033569
  0
VERTEX
  8
8
  10
93.278107
  20
1434.033569
  0
VERTEX
  8
8
  10
94.861816
  20
1433.891479
  0
VERTEX
  8
8
  10
96.516846
  20
1433.605835
  0
VERTEX
  8
8
  10
98.224930
  20
1433.195435
  0
VERTEX
  8
8
  10
99.967682
  20
1432.679321
  0
VERTEX
  8
8
  10
101.726746
  20
1432.076660
  0
VERTEX
  8
8
  10
103.483749
  20
1431.406372
  0
VERTEX
  8
8
  10
105.220398
  20
1430.687500
  0
VERTEX
  8
8
  10
106.918320
  20
1429.938965
  0
VERTEX
  8
8
  10
108.559174
  20
1429.179932
  0
VERTEX
  8
8
  10
110.124619
  20
1428.429321
  0
VERTEX
  8
8
  10
111.596283
  20
1427.706177
  0
VERTEX
  8
8
  10
111.596283
  20
1427.706177
  0
VERTEX
  8
8
  10
112.936996
  20
1426.986450
  0
VERTEX
  8
8
  10
114.350761
  20
1426.244873
  0
VERTEX
  8
8
  10
115.825768
  20
1425.498291
  0
VERTEX
  8
8
  10
117.350288
  20
1424.763916
  0
VERTEX
  8
8
  10
118.912453
  20
1424.058838
  0
VERTEX
  8
8
  10
120.500572
  20
1423.400146
  0
VERTEX
  8
8
  10
122.102814
  20
1422.804932
  0
VERTEX
  8
8
  10
123.707420
  20
1422.290283
  0
VERTEX
  8
8
  10
125.302582
  20
1421.873291
  0
VERTEX
  8
8
  10
126.876556
  20
1421.570923
  0
VERTEX
  8
8
  10
128.417542
  20
1421.400513
  0
VERTEX
  8
8
  10
129.913742
  20
1421.378906
  0
VERTEX
  8
8
  10
129.913742
  20
1421.378906
  0
VERTEX
  8
8
  10
131.410095
  20
1421.449707
  0
VERTEX
  8
8
  10
132.951202
  20
1421.652222
  0
VERTEX
  8
8
  10
134.525269
  20
1421.972046
  0
VERTEX
  8
8
  10
136.120529
  20
1422.394409
  0
VERTEX
  8
8
  10
137.725159
  20
1422.904541
  0
VERTEX
  8
8
  10
139.327469
  20
1423.488037
  0
VERTEX
  8
8
  10
140.915619
  20
1424.130005
  0
VERTEX
  8
8
  10
142.477859
  20
1424.815918
  0
VERTEX
  8
8
  10
144.002411
  20
1425.531250
  0
VERTEX
  8
8
  10
145.477478
  20
1426.261108
  0
VERTEX
  8
8
  10
146.891327
  20
1426.990967
  0
VERTEX
  8
8
  10
148.232147
  20
1427.706177
  0
VERTEX
  8
8
  10
148.232147
  20
1427.706177
  0
VERTEX
  8
8
  10
149.703644
  20
1428.434570
  0
VERTEX
  8
8
  10
151.268951
  20
1429.198853
  0
VERTEX
  8
8
  10
152.909698
  20
1429.976929
  0
VERTEX
  8
8
  10
154.607574
  20
1430.746582
  0
VERTEX
  8
8
  10
156.344193
  20
1431.485474
  0
VERTEX
  8
8
  10
158.101181
  20
1432.171631
  0
VERTEX
  8
8
  10
159.860245
  20
1432.782837
  0
VERTEX
  8
8
  10
161.602997
  20
1433.296753
  0
VERTEX
  8
8
  10
163.311066
  20
1433.691284
  0
VERTEX
  8
8
  10
164.966141
  20
1433.944336
  0
VERTEX
  8
8
  10
166.549835
  20
1434.033569
  0
VERTEX
  8
8
  10
166.549835
  20
1434.033569
  0
VERTEX
  8
8
  10
168.184753
  20
1433.944336
  0
VERTEX
  8
8
  10
169.872650
  20
1433.691284
  0
VERTEX
  8
8
  10
171.599258
  20
1433.296753
  0
VERTEX
  8
8
  10
173.350342
  20
1432.782837
  0
VERTEX
  8
8
  10
175.111633
  20
1432.171631
  0
VERTEX
  8
8
  10
176.868790
  20
1431.485474
  0
VERTEX
  8
8
  10
178.607605
  20
1430.746582
  0
VERTEX
  8
8
  10
180.313812
  20
1429.976929
  0
VERTEX
  8
8
  10
181.973114
  20
1429.198853
  0
VERTEX
  8
8
  10
183.571243
  20
1428.434570
  0
VERTEX
  8
8
  10
185.093933
  20
1427.706177
  0
VERTEX
  8
8
  10
185.093933
  20
1427.706177
  0
VERTEX
  8
8
  10
187.883148
  20
1426.195923
  0
VERTEX
  8
8
  10
190.973770
  20
1424.685669
  0
VERTEX
  8
8
  10
193.913895
  20
1423.487671
  0
VERTEX
  8
8
  10
193.913895
  20
1423.487671
  0
VERTEX
  8
8
  10
195.661530
  20
1422.818481
  0
VERTEX
  8
8
  10
197.582809
  20
1422.239258
  0
VERTEX
  8
8
  10
199.580063
  20
1421.783691
  0
VERTEX
  8
8
  10
201.555557
  20
1421.485596
  0
VERTEX
  8
8
  10
203.411636
  20
1421.378784
  0
VERTEX
  8
8
  10
203.411636
  20
1421.378784
  0
VERTEX
  8
8
  10
205.623779
  20
1421.576538
  0
VERTEX
  8
8
  10
208.047867
  20
1422.081787
  0
VERTEX
  8
8
  10
210.471924
  20
1422.762695
  0
VERTEX
  8
8
  10
212.683929
  20
1423.487671
  0
VERTEX
  8
8
  10
212.683929
  20
1423.487671
  0
VERTEX
  8
8
  10
217.206787
  20
1425.509033
  0
VERTEX
  8
8
  10
221.729813
  20
1427.706177
  0
VERTEX
  8
8
  10
221.729813
  20
1427.706177
  0
VERTEX
  8
8
  10
225.197372
  20
1429.346680
  0
VERTEX
  8
8
  10
228.966431
  20
1431.143555
  0
VERTEX
  8
8
  10
232.584778
  20
1432.627808
  0
VERTEX
  8
8
  10
232.584778
  20
1432.627808
  0
VERTEX
  8
8
  10
237.107605
  20
1433.799438
  0
VERTEX
  8
8
  10
237.107605
  20
1433.799438
  0
VERTEX
  8
8
  10
240.047974
  20
1434.033569
  0
VERTEX
  8
8
  10
240.047974
  20
1434.033569
  0
SEQEND
  0
POINT
  8
2
  10
20.934433
  20
1434.043457
  0
POINT
  8
2
  10
23.624771
  20
1433.565063
  0
POINT
  8
2
  10
27.921661
  20
1432.393677
  0
POINT
  8
2
  10
38.098145
  20
1427.706177
  0
POINT
  8
2
  10
47.144028
  20
1423.487671
  0
POINT
  8
2
  10
56.642471
  20
1421.378784
  0
POINT
  8
2
  10
74.960175
  20
1427.706177
  0
POINT
  8
2
  10
93.278107
  20
1434.033569
  0
POINT
  8
2
  10
111.596283
  20
1427.706177
  0
POINT
  8
2
  10
129.913742
  20
1421.378906
  0
POINT
  8
2
  10
148.232147
  20
1427.706177
  0
POINT
  8
2
  10
166.549835
  20
1434.033569
  0
POINT
  8
2
  10
185.093933
  20
1427.706177
  0
POINT
  8
2
  10
193.913895
  20
1423.487671
  0
POINT
  8
2
  10
203.411636
  20
1421.378784
  0
POINT
  8
2
  10
212.683929
  20
1423.487671
  0
POINT
  8
2
  10
221.729813
  20
1427.706177
  0
POINT
  8
2
  10
232.584778
  20
1432.627808
  0
POINT
  8
2
  10
237.107605
  20
1433.799438
  0
POINT
  8
2
  10
240.047974
  20
1434.033569
  0
POINT
  8
3
  10
42.621170
  20
1425.509033
  0
POINT
  8
3
  10
48.585800
  20
1422.908325
  0
POINT
  8
3
  10
50.159454
  20
1422.368164
  0
POINT
  8
3
  10
51.808441
  20
1421.906006
  0
POINT
  8
3
  10
53.476303
  20
1421.561157
  0
POINT
  8
3
  10
55.106461
  20
1421.372314
  0
POINT
  8
3
  10
58.226120
  20
1421.520874
  0
POINT
  8
3
  10
59.881134
  20
1421.806641
  0
POINT
  8
3
  10
61.589188
  20
1422.217041
  0
POINT
  8
3
  10
63.331909
  20
1422.733154
  0
POINT
  8
3
  10
65.090973
  20
1423.335815
  0
POINT
  8
3
  10
66.847961
  20
1424.006226
  0
POINT
  8
3
  10
68.584595
  20
1424.725098
  0
POINT
  8
3
  10
70.282471
  20
1425.473511
  0
POINT
  8
3
  10
71.923248
  20
1426.232544
  0
POINT
  8
3
  10
73.488632
  20
1426.983154
  0
POINT
  8
3
  10
76.426697
  20
1428.434570
  0
POINT
  8
3
  10
77.978821
  20
1429.198853
  0
POINT
  8
3
  10
79.601303
  20
1429.976929
  0
POINT
  8
3
  10
81.278839
  20
1430.746582
  0
POINT
  8
3
  10
82.996140
  20
1431.485474
  0
POINT
  8
3
  10
84.737854
  20
1432.171631
  0
POINT
  8
3
  10
86.488739
  20
1432.782837
  0
POINT
  8
3
  10
88.233521
  20
1433.296753
  0
POINT
  8
3
  10
89.956848
  20
1433.691284
  0
POINT
  8
3
  10
91.643478
  20
1433.944336
  0
POINT
  8
3
  10
94.861816
  20
1433.891479
  0
POINT
  8
3
  10
96.516846
  20
1433.605835
  0
POINT
  8
3
  10
98.224930
  20
1433.195435
  0
POINT
  8
3
  10
99.967682
  20
1432.679321
  0
POINT
  8
3
  10
101.726746
  20
1432.076660
  0
POINT
  8
3
  10
103.483749
  20
1431.406372
  0
POINT
  8
3
  10
105.220398
  20
1430.687500
  0
POINT
  8
3
  10
106.918320
  20
1429.938965
  0
POINT
  8
3
  10
108.559174
  20
1429.179932
  0
POINT
  8
3
  10
110.124619
  20
1428.429321
  0
POINT
  8
3
  10
112.936996
  20
1426.986450
  0
POINT
  8
3
  10
114.350761
  20
1426.244873
  0
POINT
  8
3
  10
115.825768
  20
1425.498291
  0
POINT
  8
3
  10
117.350288
  20
1424.763916
  0
POINT
  8
3
  10
118.912453
  20
1424.058838
  0
POINT
  8
3
  10
120.500572
  20
1423.400146
  0
POINT
  8
3
  10
122.102814
  20
1422.804932
  0
POINT
  8
3
  10
123.707420
  20
1422.290283
  0
POINT
  8
3
  10
125.302582
  20
1421.873291
  0
POINT
  8
3
  10
126.876556
  20
1421.570923
  0
POINT
  8
3
  10
128.417542
  20
1421.400513
  0
POINT
  8
3
  10
131.410095
  20
1421.449707
  0
POINT
  8
3
  10
132.951202
  20
1421.652222
  0
POINT
  8
3
  10
134.525269
  20
1421.972046
  0
POINT
  8
3
  10
136.120529
  20
1422.394409
  0
POINT
  8
3
  10
137.725159
  20
1422.904541
  0
POINT
  8
3
  10
139.327469
  20
1423.488037
  0
POINT
  8
3
  10
140.915619
  20
1424.130005
  0
POINT
  8
3
  10
142.477859
  20
1424.815918
  0
POINT
  8
3
  10
144.002411
  20
1425.531250
  0
POINT
  8
3
  10
145.477478
  20
1426.261108
  0
POINT
  8
3
  10
146.891327
  20
1426.990967
  0
POINT
  8
3
  10
149.703644
  20
1428.434570
  0
POINT
  8
3
  10
151.268951
  20
1429.198853
  0
POINT
  8
3
  10
152.909698
  20
1429.976929
  0
POINT
  8
3
  10
154.607574
  20
1430.746582
  0
POINT
  8
3
  10
156.344193
  20
1431.485474
  0
POINT
  8
3
  10
158.101181
  20
1432.171631
  0
POINT
  8
3
  10
159.860245
  20
1432.782837
  0
POINT
  8
3
  10
161.602997
  20
1433.296753
  0
POINT
  8
3
  10
163.311066
  20
1433.691284
  0
POINT
  8
3
  10
164.966141
  20
1433.944336
  0
POINT
  8
3
  10
168.184753
  20
1433.944336
  0
POINT
  8
3
  10
169.872650
  20
1433.691284
  0
POINT
  8
3
  10
171.599258
  20
1433.296753
  0
POINT
  8
3
  10
173.350342
  20
1432.782837
  0
POINT
  8
3
  10
175.111633
  20
1432.171631
  0
POINT
  8
3
  10
176.868790
  20
1431.485474
  0
POINT
  8
3
  10
178.607605
  20
1430.746582
  0
POINT
  8
3
  10
180.313812
  20
1429.976929
  0
POINT
  8
3
  10
181.973114
  20
1429.198853
  0
POINT
  8
3
  10
183.571243
  20
1428.434570
  0
POINT
  8
3
  10
187.883148
  20
1426.195923
  0
POINT
  8
3
  10
190.973770
  20
1424.685669
  0
POINT
  8
3
  10
195.661530
  20
1422.818481
  0
POINT
  8
3
  10
197.582809
  20
1422.239258
  0
POINT
  8
3
  10
199.580063
  20
1421.783691
  0
POINT
  8
3
  10
201.555557
  20
1421.485596
  0
POINT
  8
3
  10
205.623779
  20
1421.576538
  0
POINT
  8
3
  10
208.047867
  20
1422.081787
  0
POINT
  8
3
  10
210.471924
  20
1422.762695
  0
POINT
  8
3
  10
217.206787
  20
1425.509033
  0
POINT
  8
3
  10
225.197372
  20
1429.346680
  0
POINT
  8
3
  10
228.966431
  20
1431.143555
  0
POLYLINE
  8
85
  66
1
  70
0
  250
1
  0
VERTEX
  8
85
  10
20.934433
  20
1434.043457
  0
VERTEX
  8
85
  10
20.911026
  20
1434.033569
  0
VERTEX
  8
85
  10
22.719879
  20
1433.565063
  0
VERTEX
  8
85
  10
23.624771
  20
1433.565063
  0
VERTEX
  8
85
  10
24.981766
  20
1433.330933
  0
VERTEX
  8
85
  10
26.564682
  20
1432.627808
  0
VERTEX
  8
85
  10
27.921661
  20
1432.393677
  0
VERTEX
  8
85
  10
31.087738
  20
1430.986938
  0
VERTEX
  8
85
  10
35.158463
  20
1429.112427
  0
VERTEX
  8
85
  10
38.098145
  20
1427.706177
  0
VERTEX
  8
85
  10
40.811874
  20
1426.299927
  0
VERTEX
  8
85
  10
44.430511
  20
1424.659546
  0
VERTEX
  8
85
  10
47.144028
  20
1423.487671
  0
VERTEX
  8
85
  10
49.858002
  20
1422.316040
  0
VERTEX
  8
85
  10
53.702332
  20
1421.144653
  0
VERTEX
  8
85
  10
56.642471
  20
1421.378784
  0
VERTEX
  8
85
  10
62.295883
  20
1421.613159
  0
VERTEX
  8
85
  10
69.758850
  20
1425.128540
  0
VERTEX
  8
85
  10
74.960175
  20
1427.706177
  0
VERTEX
  8
85
  10
80.161728
  20
1430.284058
  0
VERTEX
  8
85
  10
87.398529
  20
1434.033569
  0
VERTEX
  8
85
  10
93.278107
  20
1434.033569
  0
VERTEX
  8
85
  10
98.931763
  20
1433.799438
  0
VERTEX
  8
85
  10
106.394485
  20
1430.284058
  0
VERTEX
  8
85
  10
111.596283
  20
1427.706177
  0
VERTEX
  8
85
  10
116.797363
  20
1424.894165
  0
VERTEX
  8
85
  10
124.034164
  20
1421.144653
  0
VERTEX
  8
85
  10
129.913742
  20
1421.378906
  0
VERTEX
  8
85
  10
135.794022
  20
1421.378784
  0
VERTEX
  8
85
  10
143.030594
  20
1424.894165
  0
VERTEX
  8
85
  10
148.232147
  20
1427.706177
  0
VERTEX
  8
85
  10
153.433228
  20
1430.284058
  0
VERTEX
  8
85
  10
160.896194
  20
1434.033569
  0
VERTEX
  8
85
  10
166.549835
  20
1434.033569
  0
VERTEX
  8
85
  10
172.429901
  20
1434.033569
  0
VERTEX
  8
85
  10
179.666458
  20
1430.284058
  0
VERTEX
  8
85
  10
185.093933
  20
1427.706177
  0
VERTEX
  8
85
  10
187.581757
  20
1426.299927
  0
VERTEX
  8
85
  10
191.199677
  20
1424.425415
  0
VERTEX
  8
85
  10
193.913895
  20
1423.487671
  0
VERTEX
  8
85
  10
196.627640
  20
1422.316040
  0
VERTEX
  8
85
  10
200.471970
  20
1421.378784
  0
VERTEX
  8
85
  10
203.411636
  20
1421.378784
  0
VERTEX
  8
85
  10
206.125610
  20
1421.378784
  0
VERTEX
  8
85
  10
209.970184
  20
1422.550415
  0
VERTEX
  8
85
  10
212.683929
  20
1423.487671
  0
VERTEX
  8
85
  10
215.397675
  20
1424.659546
  0
VERTEX
  8
85
  10
219.015839
  20
1426.299927
  0
VERTEX
  8
85
  10
221.729813
  20
1427.706177
  0
VERTEX
  8
85
  10
224.895874
  20
1429.112427
  0
VERTEX
  8
85
  10
229.192535
  20
1431.455933
  0
VERTEX
  8
85
  10
232.584778
  20
1432.627808
  0
VERTEX
  8
85
  10
233.941772
  20
1433.096313
  0
VERTEX
  8
85
  10
235.751083
  20
1433.565063
  0
VERTEX
  8
85
  10
237.107605
  20
1433.799438
  0
VERTEX
  8
85
  10
238.012497
  20
1433.799438
  0
VERTEX
  8
85
  10
240.047974
  20
1434.033569
  0
VERTEX
  8
85
  10
240.047974
  20
1434.033569
  0
SEQEND
  0
POINT
  8
2
  10
20.934433
  20
1434.043457
  0
POINT
  8
2
  10
23.624771
  20
1433.565063
  0
POINT
  8
2
  10
27.921661
  20
1432.393677
  0
POINT
  8
2
  10
38.098145
  20
1427.706177
  0
POINT
  8
2
  10
47.144028
  20
1423.487671
  0
POINT
  8
2
  10
56.642471
  20
1421.378784
  0
POINT
  8
2
  10
74.960175
  20
1427.706177
  0
POINT
  8
2
  10
93.278107
  20
1434.033569
  0
POINT
  8
2
  10
111.596283
  20
1427.706177
  0
POINT
  8
2
  10
129.913742
  20
1421.378906
  0
POINT
  8
2
  10
148.232147
  20
1427.706177
  0
POINT
  8
2
  10
166.549835
  20
1434.033569
  0
POINT
  8
2
  10
185.093933
  20
1427.706177
  0
POINT
  8
2
  10
193.913895
  20
1423.487671
  0
POINT
  8
2
  10
203.411636
  20
1421.378784
  0
POINT
  8
2
  10
212.683929
  20
1423.487671
  0
POINT
  8
2
  10
221.729813
  20
1427.706177
  0
POINT
  8
2
  10
232.584778
  20
1432.627808
  0
POINT
  8
2
  10
237.107605
  20
1433.799438
  0
POINT
  8
2
  10
240.047974
  20
1434.033569
  0
POINT
  8
3
  10
42.621170
  20
1425.509033
  0
POINT
  8
3
  10
48.585800
  20
1422.908325
  0
POINT
  8
3
  10
50.159454
  20
1422.368164
  0
POINT
  8
3
  10
51.808441
  20
1421.906006
  0
POINT
  8
3
  10
53.476303
  20
1421.561157
  0
POINT
  8
3
  10
55.106461
  20
1421.372314
  0
POINT
  8
3
  10
58.226120
  20
1421.520874
  0
POINT
  8
3
  10
59.881134
  20
1421.806641
  0
POINT
  8
3
  10
61.589188
  20
1422.217041
  0
POINT
  8
3
  10
63.331909
  20
1422.733154
  0
POINT
  8
3
  10
65.090973
  20
1423.335815
  0
POINT
  8
3
  10
66.847961
  20
1424.006226
  0
POINT
  8
3
  10
68.584595
  20
1424.725098
  0
POINT
  8
3
  10
70.282471
  20
1425.473511
  0
POINT
  8
3
  10
71.923248
  20
1426.232544
  0
POINT
  8
3
  10
73.488632
  20
1426.983154
  0
POINT
  8
3
  10
76.426697
  20
1428.434570
  0
POINT
  8
3
  10
77.978821
  20
1429.198853
  0
POINT
  8
3
  10
79.601303
  20
1429.976929
  0
POINT
  8
3
  10
81.278839
  20
1430.746582
  0
POINT
  8
3
  10
82.996140
  20
1431.485474
  0
POINT
  8
3
  10
84.737854
  20
1432.171631
  0
POINT
  8
3
  10
86.488739
  20
1432.782837
  0
POINT
  8
3
  10
88.233521
  20
1433.296753
  0
POINT
  8
3
  10
89.956848
  20
1433.691284
  0
POINT
  8
3
  10
91.643478
  20
1433.944336
  0
POINT
  8
3
  10
94.861816
  20
1433.891479
  0
POINT
  8
3
  10
96.516846
  20
1433.605835
  0
POINT
  8
3
  10
98.224930
  20
1433.195435
  0
POINT
  8
3
  10
99.967682
  20
1432.679321
  0
POINT
  8
3
  10
101.726746
  20
1432.076660
  0
POINT
  8
3
  10
103.483749
  20
1431.406372
  0
POINT
  8
3
  10
105.220398
  20
1430.687500
  0
POINT
  8
3
  10
106.918320
  20
1429.938965
  0
POINT
  8
3
  10
108.559174
  20
1429.179932
  0
POINT
  8
3
  10
110.124619
  20
1428.429321
  0
POINT
  8
3
  10
112.936996
  20
1426.986450
  0
POINT
  8
3
  10
114.350761
  20
1426.244873
  0
POINT
  8
3
  10
115.825768
  20
1425.498291
  0
POINT
  8
3
  10
117.350288
  20
1424.763916
  0
POINT
  8
3
  10
118.912453
  20
1424.058838
  0
POINT
  8
3
  10
120.500572
  20
1423.400146
  0
POINT
  8
3
  10
122.102814
  20
1422.804932
  0
POINT
  8
3
  10
123.707420
  20
1422.290283
  0
POINT
  8
3
  10
125.302582
  20
1421.873291
  0
POINT
  8
3
  10
126.876556
  20
1421.570923
  0
POINT
  8
3
  10
128.417542
  20
1421.400513
  0
POINT
  8
3
  10
131.410095
  20
1421.449707
  0
POINT
  8
3
  10
132.951202
  20
1421.652222
  0
POINT
  8
3
  10
134.525269
  20
1421.972046
  0
POINT
  8
3
  10
136.120529
  20
1422.394409
  0
POINT
  8
3
  10
137.725159
  20
1422.904541
  0
POINT
  8
3
  10
139.327469
  20
1423.488037
  0
POINT
  8
3
  10
140.915619
  20
1424.130005
  0
POINT
  8
3
  10
142.477859
  20
1424.815918
  0
POINT
  8
3
  10
144.002411
  20
1425.531250
  0
POINT
  8
3
  10
145.477478
  20
1426.261108
  0
POINT
  8
3
  10
146.891327
  20
1426.990967
  0
POINT
  8
3
  10
149.703644
  20
1428.434570
  0
POINT
  8
3
  10
151.268951
  20
1429.198853
  0
POINT
  8
3
  10
152.909698
  20
1429.976929
  0
POINT
  8
3
  10
154.607574
  20
1430.746582
  0
POINT
  8
3
  10
156.344193
  20
1431.485474
  0
POINT
  8
3
  10
158.101181
  20
1432.171631
  0
POINT
  8
3
  10
159.860245
  20
1432.782837
  0
POINT
  8
3
  10
161.602997
  20
1433.296753
  0
POINT
  8
3
  10
163.311066
  20
1433.691284
  0
POINT
  8
3
  10
164.966141
  20
1433.944336
  0
POINT
  8
3
  10
168.184753
  20
1433.944336
  0
POINT
  8
3
  10
169.872650
  20
1433.691284
  0
POINT
  8
3
  10
171.599258
  20
1433.296753
  0
POINT
  8
3
  10
173.350342
  20
1432.782837
  0
POINT
  8
3
  10
175.111633
  20
1432.171631
  0
POINT
  8
3
  10
176.868790
  20
1431.485474
  0
POINT
  8
3
  10
178.607605
  20
1430.746582
  0
POINT
  8
3
  10
180.313812
  20
1429.976929
  0
POINT
  8
3
  10
181.973114
  20
1429.198853
  0
POINT
  8
3
  10
183.571243
  20
1428.434570
  0
POINT
  8
3
  10
187.883148
  20
1426.195923
  0
POINT
  8
3
  10
190.973770
  20
1424.685669
  0
POINT
  8
3
  10
195.661530
  20
1422.818481
  0
POINT
  8
3
  10
197.582809
  20
1422.239258
  0
POINT
  8
3
  10
199.580063
  20
1421.783691
  0
POINT
  8
3
  10
201.555557
  20
1421.485596
  0
POINT
  8
3
  10
205.623779
  20
1421.576538
  0
POINT
  8
3
  10
208.047867
  20
1422.081787
  0
POINT
  8
3
  10
210.471924
  20
1422.762695
  0
POINT
  8
3
  10
217.206787
  20
1425.509033
  0
POINT
  8
3
  10
225.197372
  20
1429.346680
  0
POINT
  8
3
  10
228.966431
  20
1431.143555
  0
POLYLINE
  8
8
  66
1
  70
0
  250
0
  0
VERTEX
  8
8
  10
459.161072
  20
1434.043457
  0
VERTEX
  8
8
  10
456.470703
  20
1433.565063
  0
VERTEX
  8
8
  10
456.470703
  20
1433.565063
  0
VERTEX
  8
8
  10
452.173828
  20
1432.393677
  0
VERTEX
  8
8
  10
452.173828
  20
1432.393677
  0
VERTEX
  8
8
  10
441.997345
  20
1427.706177
  0
VERTEX
  8
8
  10
441.997345
  20
1427.706177
  0
VERTEX
  8
8
  10
437.474304
  20
1425.509033
  0
VERTEX
  8
8
  10
432.951477
  20
1423.487671
  0
VERTEX
  8
8
  10
432.951477
  20
1423.487671
  0
VERTEX
  8
8
  10
431.509705
  20
1422.908325
  0
VERTEX
  8
8
  10
429.936035
  20
1422.368164
  0
VERTEX
  8
8
  10
428.287048
  20
1421.906006
  0
VERTEX
  8
8
  10
426.619202
  20
1421.561157
  0
VERTEX
  8
8
  10
424.989014
  20
1421.372314
  0
VERTEX
  8
8
  10
423.453003
  20
1421.378784
  0
VERTEX
  8
8
  10
423.453003
  20
1421.378784
  0
VERTEX
  8
8
  10
421.869385
  20
1421.520874
  0
VERTEX
  8
8
  10
420.214355
  20
1421.806641
  0
VERTEX
  8
8
  10
418.506287
  20
1422.217041
  0
VERTEX
  8
8
  10
416.763580
  20
1422.733154
  0
VERTEX
  8
8
  10
415.004517
  20
1423.335815
  0
VERTEX
  8
8
  10
413.247528
  20
1424.006226
  0
VERTEX
  8
8
  10
411.510895
  20
1424.725098
  0
VERTEX
  8
8
  10
409.813019
  20
1425.473511
  0
VERTEX
  8
8
  10
408.172241
  20
1426.232544
  0
VERTEX
  8
8
  10
406.606873
  20
1426.983154
  0
VERTEX
  8
8
  10
405.135315
  20
1427.706177
  0
VERTEX
  8
8
  10
405.135315
  20
1427.706177
  0
VERTEX
  8
8
  10
403.668793
  20
1428.434570
  0
VERTEX
  8
8
  10
402.116669
  20
1429.198853
  0
VERTEX
  8
8
  10
400.494202
  20
1429.976929
  0
VERTEX
  8
8
  10
398.816650
  20
1430.746582
  0
VERTEX
  8
8
  10
397.099365
  20
1431.485474
  0
VERTEX
  8
8
  10
395.357635
  20
1432.171631
  0
VERTEX
  8
8
  10
393.606750
  20
1432.782837
  0
VERTEX
  8
8
  10
391.861969
  20
1433.296753
  0
VERTEX
  8
8
  10
390.138641
  20
1433.691284
  0
VERTEX
  8
8
  10
388.452026
  20
1433.944336
  0
VERTEX
  8
8
  10
386.817383
  20
1434.033569
  0
VERTEX
  8
8
  10
386.817383
  20
1434.033569
  0
VERTEX
  8
8
  10
385.233673
  20
1433.891479
  0
VERTEX
  8
8
  10
383.578644
  20
1433.605835
  0
VERTEX
  8
8
  10
381.870544
  20
1433.195435
  0
VERTEX
  8
8
  10
380.127808
  20
1432.679321
  0
VERTEX
  8
8
  10
378.368744
  20
1432.076660
  0
VERTEX
  8
8
  10
376.611755
  20
1431.406372
  0
VERTEX
  8
8
  10
374.875092
  20
1430.687500
  0
VERTEX
  8
8
  10
373.177185
  20
1429.938965
  0
VERTEX
  8
8
  10
371.536316
  20
1429.179932
  0
VERTEX
  8
8
  10
369.970886
  20
1428.429321
  0
VERTEX
  8
8
  10
368.499207
  20
1427.706177
  0
VERTEX
  8
8
  10
368.499207
  20
1427.706177
  0
VERTEX
  8
8
  10
367.158508
  20
1426.986450
  0
VERTEX
  8
8
  10
365.744720
  20
1426.244873
  0
VERTEX
  8
8
  10
364.269714
  20
1425.498291
  0
VERTEX
  8
8
  10
362.745209
  20
1424.763916
  0
VERTEX
  8
8
  10
361.183044
  20
1424.058838
  0
VERTEX
  8
8
  10
359.594910
  20
1423.400146
  0
VERTEX
  8
8
  10
357.992676
  20
1422.804932
  0
VERTEX
  8
8
  10
356.388062
  20
1422.290283
  0
VERTEX
  8
8
  10
354.792908
  20
1421.873291
  0
VERTEX
  8
8
  10
353.218933
  20
1421.570923
  0
VERTEX
  8
8
  10
351.677948
  20
1421.400513
  0
VERTEX
  8
8
  10
350.181763
  20
1421.378906
  0
VERTEX
  8
8
  10
350.181763
  20
1421.378906
  0
VERTEX
  8
8
  10
348.685394
  20
1421.449707
  0
VERTEX
  8
8
  10
347.144287
  20
1421.652222
  0
VERTEX
  8
8
  10
345.570221
  20
1421.972046
  0
VERTEX
  8
8
  10
343.974976
  20
1422.394409
  0
VERTEX
  8
8
  10
342.370331
  20
1422.904541
  0
VERTEX
  8
8
  10
340.768005
  20
1423.488037
  0
VERTEX
  8
8
  10
339.179871
  20
1424.130005
  0
VERTEX
  8
8
  10
337.617615
  20
1424.815918
  0
VERTEX
  8
8
  10
336.093079
  20
1425.531250
  0
VERTEX
  8
8
  10
334.618011
  20
1426.261108
  0
VERTEX
  8
8
  10
333.204163
  20
1426.990967
  0
VERTEX
  8
8
  10
331.863342
  20
1427.706177
  0
VERTEX
  8
8
  10
331.863342
  20
1427.706177
  0
VERTEX
  8
8
  10
330.391846
  20
1428.434570
  0
VERTEX
  8
8
  10
328.826538
  20
1429.198853
  0
VERTEX
  8
8
  10
327.185791
  20
1429.976929
  0
VERTEX
  8
8
  10
325.487915
  20
1430.746582
  0
VERTEX
  8
8
  10
323.751282
  20
1431.485474
  0
VERTEX
  8
8
  10
321.994324
  20
1432.171631
  0
VERTEX
  8
8
  10
320.235229
  20
1432.782837
  0
VERTEX
  8
8
  10
318.492493
  20
1433.296753
  0
VERTEX
  8
8
  10
316.784424
  20
1433.691284
  0
VERTEX
  8
8
  10
315.129333
  20
1433.944336
  0
VERTEX
  8
8
  10
313.545654
  20
1434.033569
  0
VERTEX
  8
8
  10
313.545654
  20
1434.033569
  0
VERTEX
  8
8
  10
311.910736
  20
1433.944336
  0
VERTEX
  8
8
  10
310.222839
  20
1433.691284
  0
VERTEX
  8
8
  10
308.496216
  20
1433.296753
  0
VERTEX
  8
8
  10
306.745148
  20
1432.782837
  0
VERTEX
  8
8
  10
304.983856
  20
1432.171631
  0
VERTEX
  8
8
  10
303.226685
  20
1431.485474
  0
VERTEX
  8
8
  10
301.487885
  20
1430.746582
  0
VERTEX
  8
8
  10
299.781677
  20
1429.976929
  0
VERTEX
  8
8
  10
298.122375
  20
1429.198853
  0
VERTEX
  8
8
  10
296.524231
  20
1428.434570
  0
VERTEX
  8
8
  10
295.001556
  20
1427.706177
  0
VERTEX
  8
8
  10
295.001556
  20
1427.706177
  0
VERTEX
  8
8
  10
292.212341
  20
1426.195923
  0
VERTEX
  8
8
  10
289.121704
  20
1424.685669
  0
VERTEX
  8
8
  10
286.181580
  20
1423.487671
  0
VERTEX
  8
8
  10
286.181580
  20
1423.487671
  0
VERTEX
  8
8
  10
284.433960
  20
1422.818481
  0
VERTEX
  8
8
  10
282.512665
  20
1422.239258
  0
VERTEX
  8
8
  10
280.515442
  20
1421.783691
  0
VERTEX
  8
8
  10
278.539917
  20
1421.485596
  0
VERTEX
  8
8
  10
276.683838
  20
1421.378784
  0
VERTEX
  8
8
  10
276.683838
  20
1421.378784
  0
VERTEX
  8
8
  10
274.471710
  20
1421.576538
  0
VERTEX
  8
8
  10
272.047607
  20
1422.081787
  0
VERTEX
  8
8
  10
269.623566
  20
1422.762695
  0
VERTEX
  8
8
  10
267.411560
  20
1423.487671
  0
VERTEX
  8
8
  10
267.411560
  20
1423.487671
  0
VERTEX
  8
8
  10
262.888702
  20
1425.509033
  0
VERTEX
  8
8
  10
258.365692
  20
1427.706177
  0
VERTEX
  8
8
  10
258.365692
  20
1427.706177
  0
VERTEX
  8
8
  10
254.898117
  20
1429.346680
  0
VERTEX
  8
8
  10
251.129059
  20
1431.143555
  0
VERTEX
  8
8
  10
247.510712
  20
1432.627808
  0
VERTEX
  8
8
  10
247.510712
  20
1432.627808
  0
VERTEX
  8
8
  10
242.987885
  20
1433.799438
  0
VERTEX
  8
8
  10
242.987885
  20
1433.799438
  0
VERTEX
  8
8
  10
240.047516
  20
1434.033569
  0
VERTEX
  8
8
  10
240.047516
  20
1434.033569
  0
SEQEND
  0
POINT
  8
2
  10
459.161072
  20
1434.043457
  0
POINT
  8
2
  10
456.470703
  20
1433.565063
  0
POINT
  8
2
  10
452.173828
  20
1432.393677
  0
POINT
  8
2
  10
441.997345
  20
1427.706177
  0
POINT
  8
2
  10
432.951477
  20
1423.487671
  0
POINT
  8
2
  10
423.453003
  20
1421.378784
  0
POINT
  8
2
  10
405.135315
  20
1427.706177
  0
POINT
  8
2
  10
386.817383
  20
1434.033569
  0
POINT
  8
2
  10
368.499207
  20
1427.706177
  0
POINT
  8
2
  10
350.181763
  20
1421.378906
  0
POINT
  8
2
  10
331.863342
  20
1427.706177
  0
POINT
  8
2
  10
313.545654
  20
1434.033569
  0
POINT
  8
2
  10
295.001556
  20
1427.706177
  0
POINT
  8
2
  10
286.181580
  20
1423.487671
  0
POINT
  8
2
  10
276.683838
  20
1421.378784
  0
POINT
  8
2
  10
267.411560
  20
1423.487671
  0
POINT
  8
2
  10
258.365692
  20
1427.706177
  0
POINT
  8
2
  10
247.510712
  20
1432.627808
  0
POINT
  8
2
  10
242.987885
  20
1433.799438
  0
POINT
  8
2
  10
240.047516
  20
1434.033569
  0
POINT
  8
3
  10
437.474304
  20
1425.509033
  0
POINT
  8
3
  10
431.509705
  20
1422.908325
  0
POINT
  8
3
  10
429.936035
  20
1422.368164
  0
POINT
  8
3
  10
428.287048
  20
1421.906006
  0
POINT
  8
3
  10
426.619202
  20
1421.561157
  0
POINT
  8
3
  10
424.989014
  20
1421.372314
  0
POINT
  8
3
  10
421.869385
  20
1421.520874
  0
POINT
  8
3
  10
420.214355
  20
1421.806641
  0
POINT
  8
3
  10
418.506287
  20
1422.217041
  0
POINT
  8
3
  10
416.763580
  20
1422.733154
  0
POINT
  8
3
  10
415.004517
  20
1423.335815
  0
POINT
  8
3
  10
413.247528
  20
1424.006226
  0
POINT
  8
3
  10
411.510895
  20
1424.725098
  0
POINT
  8
3
  10
409.813019
  20
1425.473511
  0
POINT
  8
3
  10
408.172241
  20
1426.232544
  0
POINT
  8
3
  10
406.606873
  20
1426.983154
  0
POINT
  8
3
  10
403.668793
  20
1428.434570
  0
POINT
  8
3
  10
402.116669
  20
1429.198853
  0
POINT
  8
3
  10
400.494202
  20
1429.976929
  0
POINT
  8
3
  10
398.816650
  20
1430.746582
  0
POINT
  8
3
  10
397.099365
  20
1431.485474
  0
POINT
  8
3
  10
395.357635
  20
1432.171631
  0
POINT
  8
3
  10
393.606750
  20
1432.782837
  0
POINT
  8
3
  10
391.861969
  20
1433.296753
  0
POINT
  8
3
  10
390.138641
  20
1433.691284
  0
POINT
  8
3
  10
388.452026
  20
1433.944336
  0
POINT
  8
3
  10
385.233673
  20
1433.891479
  0
POINT
  8
3
  10
383.578644
  20
1433.605835
  0
POINT
  8
3
  10
381.870544
  20
1433.195435
  0
POINT
  8
3
  10
380.127808
  20
1432.679321
  0
POINT
  8
3
  10
378.368744
  20
1432.076660
  0
POINT
  8
3
  10
376.611755
  20
1431.406372
  0
POINT
  8
3
  10
374.875092
  20
1430.687500
  0
POINT
  8
3
  10
373.177185
  20
1429.938965
  0
POINT
  8
3
  10
371.536316
  20
1429.179932
  0
POINT
  8
3
  10
369.970886
  20
1428.429321
  0
POINT
  8
3
  10
367.158508
  20
1426.986450
  0
POINT
  8
3
  10
365.744720
  20
1426.244873
  0
POINT
  8
3
  10
364.269714
  20
1425.498291
  0
POINT
  8
3
  10
362.745209
  20
1424.763916
  0
POINT
  8
3
  10
361.183044
  20
1424.058838
  0
POINT
  8
3
  10
359.594910
  20
1423.400146
  0
POINT
  8
3
  10
357.992676
  20
1422.804932
  0
POINT
  8
3
  10
356.388062
  20
1422.290283
  0
POINT
  8
3
  10
354.792908
  20
1421.873291
  0
POINT
  8
3
  10
353.218933
  20
1421.570923
  0
POINT
  8
3
  10
351.677948
  20
1421.400513
  0
POINT
  8
3
  10
348.685394
  20
1421.449707
  0
POINT
  8
3
  10
347.144287
  20
1421.652222
  0
POINT
  8
3
  10
345.570221
  20
1421.972046
  0
POINT
  8
3
  10
343.974976
  20
1422.394409
  0
POINT
  8
3
  10
342.370331
  20
1422.904541
  0
POINT
  8
3
  10
340.768005
  20
1423.488037
  0
POINT
  8
3
  10
339.179871
  20
1424.130005
  0
POINT
  8
3
  10
337.617615
  20
1424.815918
  0
POINT
  8
3
  10
336.093079
  20
1425.531250
  0
POINT
  8
3
  10
334.618011
  20
1426.261108
  0
POINT
  8
3
  10
333.204163
  20
1426.990967
  0
POINT
  8
3
  10
330.391846
  20
1428.434570
  0
POINT
  8
3
  10
328.826538
  20
1429.198853
  0
POINT
  8
3
  10
327.185791
  20
1429.976929
  0
POINT
  8
3
  10
325.487915
  20
1430.746582
  0
POINT
  8
3
  10
323.751282
  20
1431.485474
  0
POINT
  8
3
  10
321.994324
  20
1432.171631
  0
POINT
  8
3
  10
320.235229
  20
1432.782837
  0
POINT
  8
3
  10
318.492493
  20
1433.296753
  0
POINT
  8
3
  10
316.784424
  20
1433.691284
  0
POINT
  8
3
  10
315.129333
  20
1433.944336
  0
POINT
  8
3
  10
311.910736
  20
1433.944336
  0
POINT
  8
3
  10
310.222839
  20
1433.691284
  0
POINT
  8
3
  10
308.496216
  20
1433.296753
  0
POINT
  8
3
  10
306.745148
  20
1432.782837
  0
POINT
  8
3
  10
304.983856
  20
1432.171631
  0
POINT
  8
3
  10
303.226685
  20
1431.485474
  0
POINT
  8
3
  10
301.487885
  20
1430.746582
  0
POINT
  8
3
  10
299.781677
  20
1429.976929
  0
POINT
  8
3
  10
298.122375
  20
1429.198853
  0
POINT
  8
3
  10
296.524231
  20
1428.434570
  0
POINT
  8
3
  10
292.212341
  20
1426.195923
  0
POINT
  8
3
  10
289.121704
  20
1424.685669
  0
POINT
  8
3
  10
284.433960
  20
1422.818481
  0
POINT
  8
3
  10
282.512665
  20
1422.239258
  0
POINT
  8
3
  10
280.515442
  20
1421.783691
  0
POINT
  8
3
  10
278.539917
  20
1421.485596
  0
POINT
  8
3
  10
274.471710
  20
1421.576538
  0
POINT
  8
3
  10
272.047607
  20
1422.081787
  0
POINT
  8
3
  10
269.623566
  20
1422.762695
  0
POINT
  8
3
  10
262.888702
  20
1425.509033
  0
POINT
  8
3
  10
254.898117
  20
1429.346680
  0
POINT
  8
3
  10
251.129059
  20
1431.143555
  0
POLYLINE
  8
85
  66
1
  70
0
  250
1
  0
VERTEX
  8
85
  10
459.161072
  20
1434.043457
  0
VERTEX
  8
85
  10
459.184448
  20
1434.033569
  0
VERTEX
  8
85
  10
457.375610
  20
1433.565063
  0
VERTEX
  8
85
  10
456.470703
  20
1433.565063
  0
VERTEX
  8
85
  10
455.113708
  20
1433.330933
  0
VERTEX
  8
85
  10
453.530823
  20
1432.627808
  0
VERTEX
  8
85
  10
452.173828
  20
1432.393677
  0
VERTEX
  8
85
  10
449.007751
  20
1430.986938
  0
VERTEX
  8
85
  10
444.937012
  20
1429.112427
  0
VERTEX
  8
85
  10
441.997345
  20
1427.706177
  0
VERTEX
  8
85
  10
439.283630
  20
1426.299927
  0
VERTEX
  8
85
  10
435.664978
  20
1424.659546
  0
VERTEX
  8
85
  10
432.951477
  20
1423.487671
  0
VERTEX
  8
85
  10
430.237488
  20
1422.316040
  0
VERTEX
  8
85
  10
426.393158
  20
1421.144653
  0
VERTEX
  8
85
  10
423.453003
  20
1421.378784
  0
VERTEX
  8
85
  10
417.799622
  20
1421.613159
  0
VERTEX
  8
85
  10
410.336639
  20
1425.128540
  0
VERTEX
  8
85
  10
405.135315
  20
1427.706177
  0
VERTEX
  8
85
  10
399.933777
  20
1430.284058
  0
VERTEX
  8
85
  10
392.696960
  20
1434.033569
  0
VERTEX
  8
85
  10
386.817383
  20
1434.033569
  0
VERTEX
  8
85
  10
381.163727
  20
1433.799438
  0
VERTEX
  8
85
  10
373.700989
  20
1430.284058
  0
VERTEX
  8
85
  10
368.499207
  20
1427.706177
  0
VERTEX
  8
85
  10
363.298126
  20
1424.894165
  0
VERTEX
  8
85
  10
356.061340
  20
1421.144653
  0
VERTEX
  8
85
  10
350.181763
  20
1421.378906
  0
VERTEX
  8
85
  10
344.301453
  20
1421.378784
  0
VERTEX
  8
85
  10
337.064880
  20
1424.894165
  0
VERTEX
  8
85
  10
331.863342
  20
1427.706177
  0
VERTEX
  8
85
  10
326.662262
  20
1430.284058
  0
VERTEX
  8
85
  10
319.199280
  20
1434.033569
  0
VERTEX
  8
85
  10
313.545654
  20
1434.033569
  0
VERTEX
  8
85
  10
307.665588
  20
1434.033569
  0
VERTEX
  8
85
  10
300.429016
  20
1430.284058
  0
VERTEX
  8
85
  10
295.001556
  20
1427.706177
  0
VERTEX
  8
85
  10
292.513733
  20
1426.299927
  0
VERTEX
  8
85
  10
288.895813
  20
1424.425415
  0
VERTEX
  8
85
  10
286.181580
  20
1423.487671
  0
VERTEX
  8
85
  10
283.467834
  20
1422.316040
  0
VERTEX
  8
85
  10
279.623535
  20
1421.378784
  0
VERTEX
  8
85
  10
276.683838
  20
1421.378784
  0
VERTEX
  8
85
  10
273.969879
  20
1421.378784
  0
VERTEX
  8
85
  10
270.125305
  20
1422.550415
  0
VERTEX
  8
85
  10
267.411560
  20
1423.487671
  0
VERTEX
  8
85
  10
264.697815
  20
1424.659546
  0
VERTEX
  8
85
  10
261.079651
  20
1426.299927
  0
VERTEX
  8
85
  10
258.365692
  20
1427.706177
  0
VERTEX
  8
85
  10
255.199615
  20
1429.112427
  0
VERTEX
  8
85
  10
250.902954
  20
1431.455933
  0
VERTEX
  8
85
  10
247.510712
  20
1432.627808
  0
VERTEX
  8
85
  10
246.153717
  20
1433.096313
  0
VERTEX
  8
85
  10
244.344406
  20
1433.565063
  0
VERTEX
  8
85
  10
242.987885
  20
1433.799438
  0
VERTEX
  8
85
  10
242.082993
  20
1433.799438
  0
VERTEX
  8
85
  10
240.047516
  20
1434.033569
  0
VERTEX
  8
85
  10
240.047516
  20
1434.033569
  0
SEQEND
  0
POINT
  8
2
  10
459.161072
  20
1434.043457
  0
POINT
  8
2
  10
456.470703
  20
1433.565063
  0
POINT
  8
2
  10
452.173828
  20
1432.393677
  0
POINT
  8
2
  10
441.997345
  20
1427.706177
  0
POINT
  8
2
  10
432.951477
  20
1423.487671
  0
POINT
  8
2
  10
423.453003
  20
1421.378784
  0
POINT
  8
2
  10
405.135315
  20
1427.706177
  0
POINT
  8
2
  10
386.817383
  20
1434.033569
  0
POINT
  8
2
  10
368.499207
  20
1427.706177
  0
POINT
  8
2
  10
350.181763
  20
1421.378906
  0
POINT
  8
2
  10
331.863342
  20
1427.706177
  0
POINT
  8
2
  10
313.545654
  20
1434.033569
  0
POINT
  8
2
  10
295.001556
  20
1427.706177
  0
POINT
  8
2
  10
286.181580
  20
1423.487671
  0
POINT
  8
2
  10
276.683838
  20
1421.378784
  0
POINT
  8
2
  10
267.411560
  20
1423.487671
  0
POINT
  8
2
  10
258.365692
  20
1427.706177
  0
POINT
  8
2
  10
247.510712
  20
1432.627808
  0
POINT
  8
2
  10
242.987885
  20
1433.799438
  0
POINT
  8
2
  10
240.047516
  20
1434.033569
  0
POINT
  8
3
  10
437.474304
  20
1425.509033
  0
POINT
  8
3
  10
431.509705
  20
1422.908325
  0
POINT
  8
3
  10
429.936035
  20
1422.368164
  0
POINT
  8
3
  10
428.287048
  20
1421.906006
  0
POINT
  8
3
  10
426.619202
  20
1421.561157
  0
POINT
  8
3
  10
424.989014
  20
1421.372314
  0
POINT
  8
3
  10
421.869385
  20
1421.520874
  0
POINT
  8
3
  10
420.214355
  20
1421.806641
  0
POINT
  8
3
  10
418.506287
  20
1422.217041
  0
POINT
  8
3
  10
416.763580
  20
1422.733154
  0
POINT
  8
3
  10
415.004517
  20
1423.335815
  0
POINT
  8
3
  10
413.247528
  20
1424.006226
  0
POINT
  8
3
  10
411.510895
  20
1424.725098
  0
POINT
  8
3
  10
409.813019
  20
1425.473511
  0
POINT
  8
3
  10
408.172241
  20
1426.232544
  0
POINT
  8
3
  10
406.606873
  20
1426.983154
  0
POINT
  8
3
  10
403.668793
  20
1428.434570
  0
POINT
  8
3
  10
402.116669
  20
1429.198853
  0
POINT
  8
3
  10
400.494202
  20
1429.976929
  0
POINT
  8
3
  10
398.816650
  20
1430.746582
  0
POINT
  8
3
  10
397.099365
  20
1431.485474
  0
POINT
  8
3
  10
395.357635
  20
1432.171631
  0
POINT
  8
3
  10
393.606750
  20
1432.782837
  0
POINT
  8
3
  10
391.861969
  20
1433.296753
  0
POINT
  8
3
  10
390.138641
  20
1433.691284
  0
POINT
  8
3
  10
388.452026
  20
1433.944336
  0
POINT
  8
3
  10
385.233673
  20
1433.891479
  0
POINT
  8
3
  10
383.578644
  20
1433.605835
  0
POINT
  8
3
  10
381.870544
  20
1433.195435
  0
POINT
  8
3
  10
380.127808
  20
1432.679321
  0
POINT
  8
3
  10
378.368744
  20
1432.076660
  0
POINT
  8
3
  10
376.611755
  20
1431.406372
  0
POINT
  8
3
  10
374.875092
  20
1430.687500
  0
POINT
  8
3
  10
373.177185
  20
1429.938965
  0
POINT
  8
3
  10
371.536316
  20
1429.179932
  0
POINT
  8
3
  10
369.970886
  20
1428.429321
  0
POINT
  8
3
  10
367.158508
  20
1426.986450
  0
POINT
  8
3
  10
365.744720
  20
1426.244873
  0
POINT
  8
3
  10
364.269714
  20
1425.498291
  0
POINT
  8
3
  10
362.745209
  20
1424.763916
  0
POINT
  8
3
  10
361.183044
  20
1424.058838
  0
POINT
  8
3
  10
359.594910
  20
1423.400146
  0
POINT
  8
3
  10
357.992676
  20
1422.804932
  0
POINT
  8
3
  10
356.388062
  20
1422.290283
  0
POINT
  8
3
  10
354.792908
  20
1421.873291
  0
POINT
  8
3
  10
353.218933
  20
1421.570923
  0
POINT
  8
3
  10
351.677948
  20
1421.400513
  0
POINT
  8
3
  10
348.685394
  20
1421.449707
  0
POINT
  8
3
  10
347.144287
  20
1421.652222
  0
POINT
  8
3
  10
345.570221
  20
1421.972046
  0
POINT
  8
3
  10
343.974976
  20
1422.394409
  0
POINT
  8
3
  10
342.370331
  20
1422.904541
  0
POINT
  8
3
  10
340.768005
  20
1423.488037
  0
POINT
  8
3
  10
339.179871
  20
1424.130005
  0
POINT
  8
3
  10
337.617615
  20
1424.815918
  0
POINT
  8
3
  10
336.093079
  20
1425.531250
  0
POINT
  8
3
  10
334.618011
  20
1426.261108
  0
POINT
  8
3
  10
333.204163
  20
1426.990967
  0
POINT
  8
3
  10
330.391846
  20
1428.434570
  0
POINT
  8
3
  10
328.826538
  20
1429.198853
  0
POINT
  8
3
  10
327.185791
  20
1429.976929
  0
POINT
  8
3
  10
325.487915
  20
1430.746582
  0
POINT
  8
3
  10
323.751282
  20
1431.485474
  0
POINT
  8
3
  10
321.994324
  20
1432.171631
  0
POINT
  8
3
  10
320.235229
  20
1432.782837
  0
POINT
  8
3
  10
318.492493
  20
1433.296753
  0
POINT
  8
3
  10
316.784424
  20
1433.691284
  0
POINT
  8
3
  10
315.129333
  20
1433.944336
  0
POINT
  8
3
  10
311.910736
  20
1433.944336
  0
POINT
  8
3
  10
310.222839
  20
1433.691284
  0
POINT
  8
3
  10
308.496216
  20
1433.296753
  0
POINT
  8
3
  10
306.745148
  20
1432.782837
  0
POINT
  8
3
  10
304.983856
  20
1432.171631
  0
POINT
  8
3
  10
303.226685
  20
1431.485474
  0
POINT
  8
3
  10
301.487885
  20
1430.746582
  0
POINT
  8
3
  10
299.781677
  20
1429.976929
  0
POINT
  8
3
  10
298.122375
  20
1429.198853
  0
POINT
  8
3
  10
296.524231
  20
1428.434570
  0
POINT
  8
3
  10
292.212341
  20
1426.195923
  0
POINT
  8
3
  10
289.121704
  20
1424.685669
  0
POINT
  8
3
  10
284.433960
  20
1422.818481
  0
POINT
  8
3
  10
282.512665
  20
1422.239258
  0
POINT
  8
3
  10
280.515442
  20
1421.783691
  0
POINT
  8
3
  10
278.539917
  20
1421.485596
  0
POINT
  8
3
  10
274.471710
  20
1421.576538
  0
POINT
  8
3
  10
272.047607
  20
1422.081787
  0
POINT
  8
3
  10
269.623566
  20
1422.762695
  0
POINT
  8
3
  10
262.888702
  20
1425.509033
  0
POINT
  8
3
  10
254.898117
  20
1429.346680
  0
POINT
  8
3
  10
251.129059
  20
1431.143555
  0
POLYLINE
  8
8
  66
1
  70
0
  250
0
  0
VERTEX
  8
8
  10
125.164986
  20
1388.568726
  0
VERTEX
  8
8
  10
125.164986
  20
1421.909302
  0
SEQEND
  0
POINT
  8
2
  10
125.164986
  20
1388.568726
  0
POINT
  8
2
  10
125.164986
  20
1421.909302
  0
POLYLINE
  8
85
  66
1
  70
0
  250
1
  0
VERTEX
  8
85
  10
125.164986
  20
1388.568726
  0
VERTEX
  8
85
  10
125.164986
  20
1421.909302
  0
SEQEND
  0
POINT
  8
2
  10
125.164986
  20
1388.568726
  0
POINT
  8
2
  10
125.164986
  20
1421.909302
  0
POLYLINE
  8
8
  66
1
  70
0
  250
0
  0
VERTEX
  8
8
  10
354.930511
  20
1388.568726
  0
VERTEX
  8
8
  10
354.930511
  20
1421.909302
  0
SEQEND
  0
POINT
  8
2
  10
354.930511
  20
1388.568726
  0
POINT
  8
2
  10
354.930511
  20
1421.909302
  0
POLYLINE
  8
85
  66
1
  70
0
  250
1
  0
VERTEX
  8
85
  10
354.930511
  20
1388.568726
  0
VERTEX
  8
85
  10
354.930511
  20
1421.909302
  0
SEQEND
  0
POINT
  8
2
  10
354.930511
  20
1388.568726
  0
POINT
  8
2
  10
354.930511
  20
1421.909302
  0
POLYLINE
  8
8
  66
1
  70
0
  250
0
  0
VERTEX
  8
8
  10
240.047745
  20
1434.033569
  0
VERTEX
  8
8
  10
240.047745
  20
1391.615112
  0
SEQEND
  0
POINT
  8
2
  10
240.047745
  20
1434.033569
  0
POINT
  8
2
  10
240.047745
  20
1391.615112
  0
POLYLINE
  8
85
  66
1
  70
0
  250
1
  0
VERTEX
  8
85
  10
240.047745
  20
1434.033569
  0
VERTEX
  8
85
  10
240.047745
  20
1391.615112
  0
SEQEND
  0
POINT
  8
2
  10
240.047745
  20
1434.033569
  0
POINT
  8
2
  10
240.047745
  20
1391.615112
  0
ENDBLK
  0
BLOCK
  8
0
  2
Pattern2D_1545469_M
  70
64
  10
0
  20
0
  0
TEXT
  8
1
  10
-273.209045
  20
1410.794434
  50
0.000000
  51
0.000000
  71
0.000000
  1
PIECE NAME: Pattern2D_1545469
  7
STANDARD
  0
TEXT
  8
1
  10
-273.209045
  20
1405.794434
  50
0.000000
  51
0.000000
  71
0.000000
  1
SIZE: M
  7
STANDARD
  0
TEXT
  8
1
  10
-273.209045
  20
1395.794434
  50
0.000000
  51
0.000000
  71
0.000000
  1
QUANTITY: 1
  7
STANDARD
  0
TEXT
  8
1
  10
-273.209045
  20
1395.794434
  40
0.250000
  50
0.000000
  1
ROTATION: 0
  7
STANDARD
  0
POLYLINE
  8
1
  66
1
  70
1
  250
2
  0
VERTEX
  8
1
  10
-50.170441
  20
1395.673584
  0
VERTEX
  8
1
  10
-53.920898
  20
1438.135742
  0
VERTEX
  8
1
  10
-56.786270
  20
1437.628052
  0
VERTEX
  8
1
  10
-60.856766
  20
1436.456665
  0
VERTEX
  8
1
  10
-71.259644
  20
1431.769165
  0
VERTEX
  8
1
  10
-80.305527
  20
1427.550659
  0
VERTEX
  8
1
  10
-84.851654
  20
1426.037354
  0
VERTEX
  8
1
  10
-89.577576
  20
1425.441772
  0
VERTEX
  8
1
  10
-98.979752
  20
1427.810425
  0
VERTEX
  8
1
  10
-107.895279
  20
1431.769165
  0
VERTEX
  8
1
  10
-116.762497
  20
1435.938599
  0
VERTEX
  8
1
  10
-126.213211
  20
1438.097046
  0
VERTEX
  8
1
  10
-135.792770
  20
1435.967651
  0
VERTEX
  8
1
  10
-144.757309
  20
1431.769287
  0
VERTEX
  8
1
  10
-153.633698
  20
1427.650024
  0
VERTEX
  8
1
  10
-163.075256
  20
1425.441772
  0
VERTEX
  8
1
  10
-172.489059
  20
1427.759277
  0
VERTEX
  8
1
  10
-181.393417
  20
1431.769165
  0
VERTEX
  8
1
  10
-190.223969
  20
1436.046387
  0
VERTEX
  8
1
  10
-199.711121
  20
1438.097046
  0
VERTEX
  8
1
  10
-209.180191
  20
1435.966309
  0
VERTEX
  8
1
  10
-218.029068
  20
1431.769165
  0
VERTEX
  8
1
  10
-227.074936
  20
1427.550659
  0
VERTEX
  8
1
  10
-236.346985
  20
1425.441772
  0
VERTEX
  8
1
  10
-241.192917
  20
1426.178833
  0
VERTEX
  8
1
  10
-245.845428
  20
1427.785645
  0
VERTEX
  8
1
  10
-254.665146
  20
1431.769043
  0
VERTEX
  8
1
  10
-265.746033
  20
1436.690796
  0
VERTEX
  8
1
  10
-270.269104
  20
1437.862549
  0
VERTEX
  8
1
  10
-273.209015
  20
1438.097046
  0
VERTEX
  8
1
  10
-276.148926
  20
1437.862549
  0
VERTEX
  8
1
  10
-280.671997
  20
1436.690796
  0
VERTEX
  8
1
  10
-291.752869
  20
1431.769043
  0
VERTEX
  8
1
  10
-300.572601
  20
1427.785645
  0
VERTEX
  8
1
  10
-305.225128
  20
1426.178833
  0
VERTEX
  8
1
  10
-310.071045
  20
1425.441772
  0
VERTEX
  8
1
  10
-319.343109
  20
1427.550659
  0
VERTEX
  8
1
  10
-328.388977
  20
1431.769165
  0
VERTEX
  8
1
  10
-337.237854
  20
1435.966309
  0
VERTEX
  8
1
  10
-346.706909
  20
1438.097046
  0
VERTEX
  8
1
  10
-356.194061
  20
1436.046387
  0
VERTEX
  8
1
  10
-365.024597
  20
1431.769165
  0
VERTEX
  8
1
  10
-373.928955
  20
1427.759277
  0
VERTEX
  8
1
  10
-383.342773
  20
1425.441772
  0
VERTEX
  8
1
  10
-392.784332
  20
1427.650024
  0
VERTEX
  8
1
  10
-401.660706
  20
1431.769287
  0
VERTEX
  8
1
  10
-410.625244
  20
1435.967651
  0
VERTEX
  8
1
  10
-420.204834
  20
1438.097046
  0
VERTEX
  8
1
  10
-429.655518
  20
1435.938599
  0
VERTEX
  8
1
  10
-438.522766
  20
1431.769165
  0
VERTEX
  8
1
  10
-447.438293
  20
1427.810425
  0
VERTEX
  8
1
  10
-456.840454
  20
1425.441772
  0
VERTEX
  8
1
  10
-461.566376
  20
1426.037354
  0
VERTEX
  8
1
  10
-466.112488
  20
1427.550659
  0
VERTEX
  8
1
  10
-475.158386
  20
1431.769165
  0
VERTEX
  8
1
  10
-485.561279
  20
1436.456665
  0
VERTEX
  8
1
  10
-489.631775
  20
1437.628052
  0
VERTEX
  8
1
  10
-492.497131
  20
1438.135742
  0
VERTEX
  8
1
  10
-496.247620
  20
1395.673584
  0
VERTEX
  8
1
  10
-493.476563
  20
1395.912842
  0
VERTEX
  8
1
  10
-484.035034
  20
1393.704590
  0
VERTEX
  8
1
  10
-475.158630
  20
1389.585327
  0
VERTEX
  8
1
  10
-466.318909
  20
1385.337769
  0
VERTEX
  8
1
  10
-456.840454
  20
1383.257690
  0
VERTEX
  8
1
  10
-447.371429
  20
1385.388306
  0
VERTEX
  8
1
  10
-438.522491
  20
1389.585205
  0
VERTEX
  8
1
  10
-429.637360
  20
1393.674683
  0
VERTEX
  8
1
  10
-420.204773
  20
1395.912720
  0
VERTEX
  8
1
  10
-410.671539
  20
1393.625244
  0
VERTEX
  8
1
  10
-401.660461
  20
1389.585327
  0
VERTEX
  8
1
  10
-392.829834
  20
1385.308105
  0
VERTEX
  8
1
  10
-383.342560
  20
1383.257690
  0
VERTEX
  8
1
  10
-373.882263
  20
1385.417480
  0
VERTEX
  8
1
  10
-365.024841
  20
1389.585449
  0
VERTEX
  8
1
  10
-356.148285
  20
1393.704468
  0
VERTEX
  8
1
  10
-346.706665
  20
1395.912598
  0
VERTEX
  8
1
  10
-337.265167
  20
1393.704468
  0
VERTEX
  8
1
  10
-328.388733
  20
1389.585327
  0
VERTEX
  8
1
  10
-319.342865
  20
1385.366699
  0
VERTEX
  8
1
  10
-314.793823
  20
1383.894653
  0
VERTEX
  8
1
  10
-310.071045
  20
1383.257690
  0
VERTEX
  8
1
  10
-300.572845
  20
1385.366821
  0
VERTEX
  8
1
  10
-291.753113
  20
1389.585327
  0
VERTEX
  8
1
  10
-280.671753
  20
1394.507080
  0
VERTEX
  8
1
  10
-276.148926
  20
1395.678711
  0
VERTEX
  8
1
  10
-273.209015
  20
1395.912720
  0
VERTEX
  8
1
  10
-270.269104
  20
1395.678711
  0
VERTEX
  8
1
  10
-265.746277
  20
1394.507080
  0
VERTEX
  8
1
  10
-254.664917
  20
1389.585327
  0
VERTEX
  8
1
  10
-245.845200
  20
1385.366821
  0
VERTEX
  8
1
  10
-236.346985
  20
1383.257690
  0
VERTEX
  8
1
  10
-231.624207
  20
1383.894653
  0
VERTEX
  8
1
  10
-227.075165
  20
1385.366699
  0
VERTEX
  8
1
  10
-218.029282
  20
1389.585327
  0
VERTEX
  8
1
  10
-209.152863
  20
1393.704468
  0
VERTEX
  8
1
  10
-199.711349
  20
1395.912598
  0
VERTEX
  8
1
  10
-190.269745
  20
1393.704468
  0
VERTEX
  8
1
  10
-181.393188
  20
1389.585449
  0
VERTEX
  8
1
  10
-172.535782
  20
1385.417480
  0
VERTEX
  8
1
  10
-163.075470
  20
1383.257690
  0
VERTEX
  8
1
  10
-153.588211
  20
1385.308105
  0
VERTEX
  8
1
  10
-144.757553
  20
1389.585327
  0
VERTEX
  8
1
  10
-135.746490
  20
1393.625244
  0
VERTEX
  8
1
  10
-126.213242
  20
1395.912720
  0
VERTEX
  8
1
  10
-116.780670
  20
1393.674683
  0
VERTEX
  8
1
  10
-107.895538
  20
1389.585205
  0
VERTEX
  8
1
  10
-99.046600
  20
1385.388306
  0
VERTEX
  8
1
  10
-89.577576
  20
1383.257690
  0
VERTEX
  8
1
  10
-80.099121
  20
1385.337769
  0
VERTEX
  8
1
  10
-71.259415
  20
1389.585327
  0
VERTEX
  8
1
  10
-62.383011
  20
1393.704590
  0
VERTEX
  8
1
  10
-52.941483
  20
1395.912842
  0
SEQEND
  0
POINT
  8
2
  10
-50.170441
  20
1395.673584
  0
POINT
  8
2
  10
-53.920898
  20
1438.135742
  0
POINT
  8
2
  10
-492.497131
  20
1438.135742
  0
POINT
  8
2
  10
-496.247620
  20
1395.673584
  0
POINT
  8
3
  10
-56.786270
  20
1437.628052
  0
POINT
  8
3
  10
-60.856766
  20
1436.456665
  0
POINT
  8
3
  10
-71.259644
  20
1431.769165
  0
POINT
  8
3
  10
-80.305527
  20
1427.550659
  0
POINT
  8
3
  10
-84.851654
  20
1426.037354
  0
POINT
  8
3
  10
-89.577576
  20
1425.441772
  0
POINT
  8
3
  10
-98.979752
  20
1427.810425
  0
POINT
  8
3
  10
-107.895279
  20
1431.769165
  0
POINT
  8
3
  10
-116.762497
  20
1435.938599
  0
POINT
  8
3
  10
-126.213211
  20
1438.097046
  0
POINT
  8
3
  10
-135.792770
  20
1435.967651
  0
POINT
  8
3
  10
-144.757309
  20
1431.769287
  0
POINT
  8
3
  10
-153.633698
  20
1427.650024
  0
POINT
  8
3
  10
-163.075256
  20
1425.441772
  0
POINT
  8
3
  10
-172.489059
  20
1427.759277
  0
POINT
  8
3
  10
-181.393417
  20
1431.769165
  0
POINT
  8
3
  10
-190.223969
  20
1436.046387
  0
POINT
  8
3
  10
-199.711121
  20
1438.097046
  0
POINT
  8
3
  10
-209.180191
  20
1435.966309
  0
POINT
  8
3
  10
-218.029068
  20
1431.769165
  0
POINT
  8
3
  10
-227.074936
  20
1427.550659
  0
POINT
  8
3
  10
-236.346985
  20
1425.441772
  0
POINT
  8
3
  10
-241.192917
  20
1426.178833
  0
POINT
  8
3
  10
-245.845428
  20
1427.785645
  0
POINT
  8
3
  10
-254.665146
  20
1431.769043
  0
POINT
  8
3
  10
-265.746033
  20
1436.690796
  0
POINT
  8
3
  10
-270.269104
  20
1437.862549
  0
POINT
  8
3
  10
-273.209015
  20
1438.097046
  0
POINT
  8
3
  10
-276.148926
  20
1437.862549
  0
POINT
  8
3
  10
-280.671997
  20
1436.690796
  0
POINT
  8
3
  10
-291.752869
  20
1431.769043
  0
POINT
  8
3
  10
-300.572601
  20
1427.785645
  0
POINT
  8
3
  10
-305.225128
  20
1426.178833
  0
POINT
  8
3
  10
-310.071045
  20
1425.441772
  0
POINT
  8
3
  10
-319.343109
  20
1427.550659
  0
POINT
  8
3
  10
-328.388977
  20
1431.769165
  0
POINT
  8
3
  10
-337.237854
  20
1435.966309
  0
POINT
  8
3
  10
-346.706909
  20
1438.097046
  0
POINT
  8
3
  10
-356.194061
  20
1436.046387
  0
POINT
  8
3
  10
-365.024597
  20
1431.769165
  0
POINT
  8
3
  10
-373.928955
  20
1427.759277
  0
POINT
  8
3
  10
-383.342773
  20
1425.441772
  0
POINT
  8
3
  10
-392.784332
  20
1427.650024
  0
POINT
  8
3
  10
-401.660706
  20
1431.769287
  0
POINT
  8
3
  10
-410.625244
  20
1435.967651
  0
POINT
  8
3
  10
-420.204834
  20
1438.097046
  0
POINT
  8
3
  10
-429.655518
  20
1435.938599
  0
POINT
  8
3
  10
-438.522766
  20
1431.769165
  0
POINT
  8
3
  10
-447.438293
  20
1427.810425
  0
POINT
  8
3
  10
-456.840454
  20
1425.441772
  0
POINT
  8
3
  10
-461.566376
  20
1426.037354
  0
POINT
  8
3
  10
-466.112488
  20
1427.550659
  0
POINT
  8
3
  10
-475.158386
  20
1431.769165
  0
POINT
  8
3
  10
-485.561279
  20
1436.456665
  0
POINT
  8
3
  10
-489.631775
  20
1437.628052
  0
POINT
  8
3
  10
-493.476563
  20
1395.912842
  0
POINT
  8
3
  10
-484.035034
  20
1393.704590
  0
POINT
  8
3
  10
-475.158630
  20
1389.585327
  0
POINT
  8
3
  10
-466.318909
  20
1385.337769
  0
POINT
  8
3
  10
-456.840454
  20
1383.257690
  0
POINT
  8
3
  10
-447.371429
  20
1385.388306
  0
POINT
  8
3
  10
-438.522491
  20
1389.585205
  0
POINT
  8
3
  10
-429.637360
  20
1393.674683
  0
POINT
  8
3
  10
-420.204773
  20
1395.912720
  0
POINT
  8
3
  10
-410.671539
  20
1393.625244
  0
POINT
  8
3
  10
-401.660461
  20
1389.585327
  0
POINT
  8
3
  10
-392.829834
  20
1385.308105
  0
POINT
  8
3
  10
-383.342560
  20
1383.257690
  0
POINT
  8
3
  10
-373.882263
  20
1385.417480
  0
POINT
  8
3
  10
-365.024841
  20
1389.585449
  0
POINT
  8
3
  10
-356.148285
  20
1393.704468
  0
POINT
  8
3
  10
-346.706665
  20
1395.912598
  0
POINT
  8
3
  10
-337.265167
  20
1393.704468
  0
POINT
  8
3
  10
-328.388733
  20
1389.585327
  0
POINT
  8
3
  10
-319.342865
  20
1385.366699
  0
POINT
  8
3
  10
-314.793823
  20
1383.894653
  0
POINT
  8
3
  10
-310.071045
  20
1383.257690
  0
POINT
  8
3
  10
-300.572845
  20
1385.366821
  0
POINT
  8
3
  10
-291.753113
  20
1389.585327
  0
POINT
  8
3
  10
-280.671753
  20
1394.507080
  0
POINT
  8
3
  10
-276.148926
  20
1395.678711
  0
POINT
  8
3
  10
-273.209015
  20
1395.912720
  0
POINT
  8
3
  10
-270.269104
  20
1395.678711
  0
POINT
  8
3
  10
-265.746277
  20
1394.507080
  0
POINT
  8
3
  10
-254.664917
  20
1389.585327
  0
POINT
  8
3
  10
-245.845200
  20
1385.366821
  0
POINT
  8
3
  10
-236.346985
  20
1383.257690
  0
POINT
  8
3
  10
-231.624207
  20
1383.894653
  0
POINT
  8
3
  10
-227.075165
  20
1385.366699
  0
POINT
  8
3
  10
-218.029282
  20
1389.585327
  0
POINT
  8
3
  10
-209.152863
  20
1393.704468
  0
POINT
  8
3
  10
-199.711349
  20
1395.912598
  0
POINT
  8
3
  10
-190.269745
  20
1393.704468
  0
POINT
  8
3
  10
-181.393188
  20
1389.585449
  0
POINT
  8
3
  10
-172.535782
  20
1385.417480
  0
POINT
  8
3
  10
-163.075470
  20
1383.257690
  0
POINT
  8
3
  10
-153.588211
  20
1385.308105
  0
POINT
  8
3
  10
-144.757553
  20
1389.585327
  0
POINT
  8
3
  10
-135.746490
  20
1393.625244
  0
POINT
  8
3
  10
-126.213242
  20
1395.912720
  0
POINT
  8
3
  10
-116.780670
  20
1393.674683
  0
POINT
  8
3
  10
-107.895538
  20
1389.585205
  0
POINT
  8
3
  10
-99.046600
  20
1385.388306
  0
POINT
  8
3
  10
-89.577576
  20
1383.257690
  0
POINT
  8
3
  10
-80.099121
  20
1385.337769
  0
POINT
  8
3
  10
-71.259415
  20
1389.585327
  0
POINT
  8
3
  10
-62.383011
  20
1393.704590
  0
POINT
  8
3
  10
-52.941483
  20
1395.912842
  0
POLYLINE
  8
84
  66
1
  70
1
  250
2
  0
VERTEX
  8
84
  10
-50.170441
  20
1395.673584
  0
VERTEX
  8
84
  10
-53.920898
  20
1438.135742
  0
VERTEX
  8
84
  10
-56.786270
  20
1437.628052
  0
VERTEX
  8
84
  10
-60.856766
  20
1436.456665
  0
VERTEX
  8
84
  10
-71.259644
  20
1431.769165
  0
VERTEX
  8
84
  10
-80.305527
  20
1427.550659
  0
VERTEX
  8
84
  10
-84.851654
  20
1426.037354
  0
VERTEX
  8
84
  10
-89.577576
  20
1425.441772
  0
VERTEX
  8
84
  10
-98.979752
  20
1427.810425
  0
VERTEX
  8
84
  10
-107.895279
  20
1431.769165
  0
VERTEX
  8
84
  10
-116.762497
  20
1435.938599
  0
VERTEX
  8
84
  10
-126.213211
  20
1438.097046
  0
VERTEX
  8
84
  10
-135.792770
  20
1435.967651
  0
VERTEX
  8
84
  10
-144.757309
  20
1431.769287
  0
VERTEX
  8
84
  10
-153.633698
  20
1427.650024
  0
VERTEX
  8
84
  10
-163.075256
  20
1425.441772
  0
VERTEX
  8
84
  10
-172.489059
  20
1427.759277
  0
VERTEX
  8
84
  10
-181.393417
  20
1431.769165
  0
VERTEX
  8
84
  10
-190.223969
  20
1436.046387
  0
VERTEX
  8
84
  10
-199.711121
  20
1438.097046
  0
VERTEX
  8
84
  10
-209.180191
  20
1435.966309
  0
VERTEX
  8
84
  10
-218.029068
  20
1431.769165
  0
VERTEX
  8
84
  10
-227.074936
  20
1427.550659
  0
VERTEX
  8
84
  10
-236.346985
  20
1425.441772
  0
VERTEX
  8
84
  10
-241.192917
  20
1426.178833
  0
VERTEX
  8
84
  10
-245.845428
  20
1427.785645
  0
VERTEX
  8
84
  10
-254.665146
  20
1431.769043
  0
VERTEX
  8
84
  10
-265.746033
  20
1436.690796
  0
VERTEX
  8
84
  10
-270.269104
  20
1437.862549
  0
VERTEX
  8
84
  10
-273.209015
  20
1438.097046
  0
VERTEX
  8
84
  10
-276.148926
  20
1437.862549
  0
VERTEX
  8
84
  10
-280.671997
  20
1436.690796
  0
VERTEX
  8
84
  10
-291.752869
  20
1431.769043
  0
VERTEX
  8
84
  10
-300.572601
  20
1427.785645
  0
VERTEX
  8
84
  10
-305.225128
  20
1426.178833
  0
VERTEX
  8
84
  10
-310.071045
  20
1425.441772
  0
VERTEX
  8
84
  10
-319.343109
  20
1427.550659
  0
VERTEX
  8
84
  10
-328.388977
  20
1431.769165
  0
VERTEX
  8
84
  10
-337.237854
  20
1435.966309
  0
VERTEX
  8
84
  10
-346.706909
  20
1438.097046
  0
VERTEX
  8
84
  10
-356.194061
  20
1436.046387
  0
VERTEX
  8
84
  10
-365.024597
  20
1431.769165
  0
VERTEX
  8
84
  10
-373.928955
  20
1427.759277
  0
VERTEX
  8
84
  10
-383.342773
  20
1425.441772
  0
VERTEX
  8
84
  10
-392.784332
  20
1427.650024
  0
VERTEX
  8
84
  10
-401.660706
  20
1431.769287
  0
VERTEX
  8
84
  10
-410.625244
  20
1435.967651
  0
VERTEX
  8
84
  10
-420.204834
  20
1438.097046
  0
VERTEX
  8
84
  10
-429.655518
  20
1435.938599
  0
VERTEX
  8
84
  10
-438.522766
  20
1431.769165
  0
VERTEX
  8
84
  10
-447.438293
  20
1427.810425
  0
VERTEX
  8
84
  10
-456.840454
  20
1425.441772
  0
VERTEX
  8
84
  10
-461.566376
  20
1426.037354
  0
VERTEX
  8
84
  10
-466.112488
  20
1427.550659
  0
VERTEX
  8
84
  10
-475.158386
  20
1431.769165
  0
VERTEX
  8
84
  10
-485.561279
  20
1436.456665
  0
VERTEX
  8
84
  10
-489.631775
  20
1437.628052
  0
VERTEX
  8
84
  10
-492.497131
  20
1438.135742
  0
VERTEX
  8
84
  10
-496.247620
  20
1395.673584
  0
VERTEX
  8
84
  10
-493.476563
  20
1395.912842
  0
VERTEX
  8
84
  10
-484.035034
  20
1393.704590
  0
VERTEX
  8
84
  10
-475.158630
  20
1389.585327
  0
VERTEX
  8
84
  10
-466.318909
  20
1385.337769
  0
VERTEX
  8
84
  10
-456.840454
  20
1383.257690
  0
VERTEX
  8
84
  10
-447.371429
  20
1385.388306
  0
VERTEX
  8
84
  10
-438.522491
  20
1389.585205
  0
VERTEX
  8
84
  10
-429.637360
  20
1393.674683
  0
VERTEX
  8
84
  10
-420.204773
  20
1395.912720
  0
VERTEX
  8
84
  10
-410.671539
  20
1393.625244
  0
VERTEX
  8
84
  10
-401.660461
  20
1389.585327
  0
VERTEX
  8
84
  10
-392.829834
  20
1385.308105
  0
VERTEX
  8
84
  10
-383.342560
  20
1383.257690
  0
VERTEX
  8
84
  10
-373.882263
  20
1385.417480
  0
VERTEX
  8
84
  10
-365.024841
  20
1389.585449
  0
VERTEX
  8
84
  10
-356.148285
  20
1393.704468
  0
VERTEX
  8
84
  10
-346.706665
  20
1395.912598
  0
VERTEX
  8
84
  10
-337.265167
  20
1393.704468
  0
VERTEX
  8
84
  10
-328.388733
  20
1389.585327
  0
VERTEX
  8
84
  10
-319.342865
  20
1385.366699
  0
VERTEX
  8
84
  10
-314.793823
  20
1383.894653
  0
VERTEX
  8
84
  10
-310.071045
  20
1383.257690
  0
VERTEX
  8
84
  10
-300.572845
  20
1385.366821
  0
VERTEX
  8
84
  10
-291.753113
  20
1389.585327
  0
VERTEX
  8
84
  10
-280.671753
  20
1394.507080
  0
VERTEX
  8
84
  10
-276.148926
  20
1395.678711
  0
VERTEX
  8
84
  10
-273.209015
  20
1395.912720
  0
VERTEX
  8
84
  10
-270.269104
  20
1395.678711
  0
VERTEX
  8
84
  10
-265.746277
  20
1394.507080
  0
VERTEX
  8
84
  10
-254.664917
  20
1389.585327
  0
VERTEX
  8
84
  10
-245.845200
  20
1385.366821
  0
VERTEX
  8
84
  10
-236.346985
  20
1383.257690
  0
VERTEX
  8
84
  10
-231.624207
  20
1383.894653
  0
VERTEX
  8
84
  10
-227.075165
  20
1385.366699
  0
VERTEX
  8
84
  10
-218.029282
  20
1389.585327
  0
VERTEX
  8
84
  10
-209.152863
  20
1393.704468
  0
VERTEX
  8
84
  10
-199.711349
  20
1395.912598
  0
VERTEX
  8
84
  10
-190.269745
  20
1393.704468
  0
VERTEX
  8
84
  10
-181.393188
  20
1389.585449
  0
VERTEX
  8
84
  10
-172.535782
  20
1385.417480
  0
VERTEX
  8
84
  10
-163.075470
  20
1383.257690
  0
VERTEX
  8
84
  10
-153.588211
  20
1385.308105
  0
VERTEX
  8
84
  10
-144.757553
  20
1389.585327
  0
VERTEX
  8
84
  10
-135.746490
  20
1393.625244
  0
VERTEX
  8
84
  10
-126.213242
  20
1395.912720
  0
VERTEX
  8
84
  10
-116.780670
  20
1393.674683
  0
VERTEX
  8
84
  10
-107.895538
  20
1389.585205
  0
VERTEX
  8
84
  10
-99.046600
  20
1385.388306
  0
VERTEX
  8
84
  10
-89.577576
  20
1383.257690
  0
VERTEX
  8
84
  10
-80.099121
  20
1385.337769
  0
VERTEX
  8
84
  10
-71.259415
  20
1389.585327
  0
VERTEX
  8
84
  10
-62.383011
  20
1393.704590
  0
VERTEX
  8
84
  10
-52.941483
  20
1395.912842
  0
SEQEND
  0
POINT
  8
2
  10
-50.170441
  20
1395.673584
  0
POINT
  8
2
  10
-53.920898
  20
1438.135742
  0
POINT
  8
2
  10
-492.497131
  20
1438.135742
  0
POINT
  8
2
  10
-496.247620
  20
1395.673584
  0
POINT
  8
3
  10
-56.786270
  20
1437.628052
  0
POINT
  8
3
  10
-60.856766
  20
1436.456665
  0
POINT
  8
3
  10
-71.259644
  20
1431.769165
  0
POINT
  8
3
  10
-80.305527
  20
1427.550659
  0
POINT
  8
3
  10
-84.851654
  20
1426.037354
  0
POINT
  8
3
  10
-89.577576
  20
1425.441772
  0
POINT
  8
3
  10
-98.979752
  20
1427.810425
  0
POINT
  8
3
  10
-107.895279
  20
1431.769165
  0
POINT
  8
3
  10
-116.762497
  20
1435.938599
  0
POINT
  8
3
  10
-126.213211
  20
1438.097046
  0
POINT
  8
3
  10
-135.792770
  20
1435.967651
  0
POINT
  8
3
  10
-144.757309
  20
1431.769287
  0
POINT
  8
3
  10
-153.633698
  20
1427.650024
  0
POINT
  8
3
  10
-163.075256
  20
1425.441772
  0
POINT
  8
3
  10
-172.489059
  20
1427.759277
  0
POINT
  8
3
  10
-181.393417
  20
1431.769165
  0
POINT
  8
3
  10
-190.223969
  20
1436.046387
  0
POINT
  8
3
  10
-199.711121
  20
1438.097046
  0
POINT
  8
3
  10
-209.180191
  20
1435.966309
  0
POINT
  8
3
  10
-218.029068
  20
1431.769165
  0
POINT
  8
3
  10
-227.074936
  20
1427.550659
  0
POINT
  8
3
  10
-236.346985
  20
1425.441772
  0
POINT
  8
3
  10
-241.192917
  20
1426.178833
  0
POINT
  8
3
  10
-245.845428
  20
1427.785645
  0
POINT
  8
3
  10
-254.665146
  20
1431.769043
  0
POINT
  8
3
  10
-265.746033
  20
1436.690796
  0
POINT
  8
3
  10
-270.269104
  20
1437.862549
  0
POINT
  8
3
  10
-273.209015
  20
1438.097046
  0
POINT
  8
3
  10
-276.148926
  20
1437.862549
  0
POINT
  8
3
  10
-280.671997
  20
1436.690796
  0
POINT
  8
3
  10
-291.752869
  20
1431.769043
  0
POINT
  8
3
  10
-300.572601
  20
1427.785645
  0
POINT
  8
3
  10
-305.225128
  20
1426.178833
  0
POINT
  8
3
  10
-310.071045
  20
1425.441772
  0
POINT
  8
3
  10
-319.343109
  20
1427.550659
  0
POINT
  8
3
  10
-328.388977
  20
1431.769165
  0
POINT
  8
3
  10
-337.237854
  20
1435.966309
  0
POINT
  8
3
  10
-346.706909
  20
1438.097046
  0
POINT
  8
3
  10
-356.194061
  20
1436.046387
  0
POINT
  8
3
  10
-365.024597
  20
1431.769165
  0
POINT
  8
3
  10
-373.928955
  20
1427.759277
  0
POINT
  8
3
  10
-383.342773
  20
1425.441772
  0
POINT
  8
3
  10
-392.784332
  20
1427.650024
  0
POINT
  8
3
  10
-401.660706
  20
1431.769287
  0
POINT
  8
3
  10
-410.625244
  20
1435.967651
  0
POINT
  8
3
  10
-420.204834
  20
1438.097046
  0
POINT
  8
3
  10
-429.655518
  20
1435.938599
  0
POINT
  8
3
  10
-438.522766
  20
1431.769165
  0
POINT
  8
3
  10
-447.438293
  20
1427.810425
  0
POINT
  8
3
  10
-456.840454
  20
1425.441772
  0
POINT
  8
3
  10
-461.566376
  20
1426.037354
  0
POINT
  8
3
  10
-466.112488
  20
1427.550659
  0
POINT
  8
3
  10
-475.158386
  20
1431.769165
  0
POINT
  8
3
  10
-485.561279
  20
1436.456665
  0
POINT
  8
3
  10
-489.631775
  20
1437.628052
  0
POINT
  8
3
  10
-493.476563
  20
1395.912842
  0
POINT
  8
3
  10
-484.035034
  20
1393.704590
  0
POINT
  8
3
  10
-475.158630
  20
1389.585327
  0
POINT
  8
3
  10
-466.318909
  20
1385.337769
  0
POINT
  8
3
  10
-456.840454
  20
1383.257690
  0
POINT
  8
3
  10
-447.371429
  20
1385.388306
  0
POINT
  8
3
  10
-438.522491
  20
1389.585205
  0
POINT
  8
3
  10
-429.637360
  20
1393.674683
  0
POINT
  8
3
  10
-420.204773
  20
1395.912720
  0
POINT
  8
3
  10
-410.671539
  20
1393.625244
  0
POINT
  8
3
  10
-401.660461
  20
1389.585327
  0
POINT
  8
3
  10
-392.829834
  20
1385.308105
  0
POINT
  8
3
  10
-383.342560
  20
1383.257690
  0
POINT
  8
3
  10
-373.882263
  20
1385.417480
  0
POINT
  8
3
  10
-365.024841
  20
1389.585449
  0
POINT
  8
3
  10
-356.148285
  20
1393.704468
  0
POINT
  8
3
  10
-346.706665
  20
1395.912598
  0
POINT
  8
3
  10
-337.265167
  20
1393.704468
  0
POINT
  8
3
  10
-328.388733
  20
1389.585327
  0
POINT
  8
3
  10
-319.342865
  20
1385.366699
  0
POINT
  8
3
  10
-314.793823
  20
1383.894653
  0
POINT
  8
3
  10
-310.071045
  20
1383.257690
  0
POINT
  8
3
  10
-300.572845
  20
1385.366821
  0
POINT
  8
3
  10
-291.753113
  20
1389.585327
  0
POINT
  8
3
  10
-280.671753
  20
1394.507080
  0
POINT
  8
3
  10
-276.148926
  20
1395.678711
  0
POINT
  8
3
  10
-273.209015
  20
1395.912720
  0
POINT
  8
3
  10
-270.269104
  20
1395.678711
  0
POINT
  8
3
  10
-265.746277
  20
1394.507080
  0
POINT
  8
3
  10
-254.664917
  20
1389.585327
  0
POINT
  8
3
  10
-245.845200
  20
1385.366821
  0
POINT
  8
3
  10
-236.346985
  20
1383.257690
  0
POINT
  8
3
  10
-231.624207
  20
1383.894653
  0
POINT
  8
3
  10
-227.075165
  20
1385.366699
  0
POINT
  8
3
  10
-218.029282
  20
1389.585327
  0
POINT
  8
3
  10
-209.152863
  20
1393.704468
  0
POINT
  8
3
  10
-199.711349
  20
1395.912598
  0
POINT
  8
3
  10
-190.269745
  20
1393.704468
  0
POINT
  8
3
  10
-181.393188
  20
1389.585449
  0
POINT
  8
3
  10
-172.535782
  20
1385.417480
  0
POINT
  8
3
  10
-163.075470
  20
1383.257690
  0
POINT
  8
3
  10
-153.588211
  20
1385.308105
  0
POINT
  8
3
  10
-144.757553
  20
1389.585327
  0
POINT
  8
3
  10
-135.746490
  20
1393.625244
  0
POINT
  8
3
  10
-126.213242
  20
1395.912720
  0
POINT
  8
3
  10
-116.780670
  20
1393.674683
  0
POINT
  8
3
  10
-107.895538
  20
1389.585205
  0
POINT
  8
3
  10
-99.046600
  20
1385.388306
  0
POINT
  8
3
  10
-89.577576
  20
1383.257690
  0
POINT
  8
3
  10
-80.099121
  20
1385.337769
  0
POINT
  8
3
  10
-71.259415
  20
1389.585327
  0
POINT
  8
3
  10
-62.383011
  20
1393.704590
  0
POINT
  8
3
  10
-52.941483
  20
1395.912842
  0
LINE
  8
7
  10
-273.209045
  20
1320.696777
  11
-273.209045
  21
1500.696777
  0
POLYLINE
  8
8
  66
1
  70
0
  250
0
  0
VERTEX
  8
8
  10
-492.497131
  20
1438.135742
  0
VERTEX
  8
8
  10
-489.631775
  20
1437.628052
  0
VERTEX
  8
8
  10
-489.631775
  20
1437.628052
  0
VERTEX
  8
8
  10
-485.561279
  20
1436.456665
  0
VERTEX
  8
8
  10
-485.561279
  20
1436.456665
  0
VERTEX
  8
8
  10
-482.110229
  20
1435.085083
  0
VERTEX
  8
8
  10
-478.458435
  20
1433.453247
  0
VERTEX
  8
8
  10
-475.158386
  20
1431.769165
  0
VERTEX
  8
8
  10
-475.158386
  20
1431.769165
  0
VERTEX
  8
8
  10
-470.720154
  20
1429.660156
  0
VERTEX
  8
8
  10
-466.112488
  20
1427.550659
  0
VERTEX
  8
8
  10
-466.112488
  20
1427.550659
  0
VERTEX
  8
8
  10
-464.475220
  20
1426.948975
  0
VERTEX
  8
8
  10
-462.620880
  20
1426.336060
  0
VERTEX
  8
8
  10
-460.657928
  20
1425.812988
  0
VERTEX
  8
8
  10
-458.694946
  20
1425.481201
  0
VERTEX
  8
8
  10
-456.840454
  20
1425.441772
  0
VERTEX
  8
8
  10
-456.840454
  20
1425.441772
  0
VERTEX
  8
8
  10
-455.039185
  20
1425.663208
  0
VERTEX
  8
8
  10
-453.176880
  20
1426.032349
  0
VERTEX
  8
8
  10
-451.273865
  20
1426.528076
  0
VERTEX
  8
8
  10
-449.350525
  20
1427.129150
  0
VERTEX
  8
8
  10
-447.427185
  20
1427.814697
  0
VERTEX
  8
8
  10
-445.524170
  20
1428.563354
  0
VERTEX
  8
8
  10
-443.661865
  20
1429.354248
  0
VERTEX
  8
8
  10
-441.860657
  20
1430.166260
  0
VERTEX
  8
8
  10
-440.140808
  20
1430.978271
  0
VERTEX
  8
8
  10
-438.522766
  20
1431.769165
  0
VERTEX
  8
8
  10
-438.522766
  20
1431.769165
  0
VERTEX
  8
8
  10
-437.177612
  20
1432.439697
  0
VERTEX
  8
8
  10
-435.752380
  20
1433.149292
  0
VERTEX
  8
8
  10
-434.261230
  20
1433.878418
  0
VERTEX
  8
8
  10
-432.718201
  20
1434.607544
  0
VERTEX
  8
8
  10
-431.137573
  20
1435.317139
  0
VERTEX
  8
8
  10
-429.533325
  20
1435.987671
  0
VERTEX
  8
8
  10
-427.919678
  20
1436.599609
  0
VERTEX
  8
8
  10
-426.310730
  20
1437.133423
  0
VERTEX
  8
8
  10
-424.720642
  20
1437.569580
  0
VERTEX
  8
8
  10
-423.163544
  20
1437.888672
  0
VERTEX
  8
8
  10
-421.653564
  20
1438.070923
  0
VERTEX
  8
8
  10
-420.204834
  20
1438.097046
  0
VERTEX
  8
8
  10
-420.204834
  20
1438.097046
  0
VERTEX
  8
8
  10
-418.704102
  20
1438.026245
  0
VERTEX
  8
8
  10
-417.150757
  20
1437.823608
  0
VERTEX
  8
8
  10
-415.558197
  20
1437.503784
  0
VERTEX
  8
8
  10
-413.939667
  20
1437.081543
  0
VERTEX
  8
8
  10
-412.308655
  20
1436.571289
  0
VERTEX
  8
8
  10
-410.678345
  20
1435.987793
  0
VERTEX
  8
8
  10
-409.062195
  20
1435.345703
  0
VERTEX
  8
8
  10
-407.473511
  20
1434.659790
  0
VERTEX
  8
8
  10
-405.925690
  20
1433.944458
  0
VERTEX
  8
8
  10
-404.432068
  20
1433.214478
  0
VERTEX
  8
8
  10
-403.005920
  20
1432.484619
  0
VERTEX
  8
8
  10
-401.660706
  20
1431.769287
  0
VERTEX
  8
8
  10
-401.660706
  20
1431.769287
  0
VERTEX
  8
8
  10
-400.194244
  20
1431.040894
  0
VERTEX
  8
8
  10
-398.642151
  20
1430.276611
  0
VERTEX
  8
8
  10
-397.019684
  20
1429.498535
  0
VERTEX
  8
8
  10
-395.342163
  20
1428.728882
  0
VERTEX
  8
8
  10
-393.624878
  20
1427.989990
  0
VERTEX
  8
8
  10
-391.883118
  20
1427.303833
  0
VERTEX
  8
8
  10
-390.132202
  20
1426.692627
  0
VERTEX
  8
8
  10
-388.387421
  20
1426.178711
  0
VERTEX
  8
8
  10
-386.664063
  20
1425.784058
  0
VERTEX
  8
8
  10
-384.977417
  20
1425.531006
  0
VERTEX
  8
8
  10
-383.342773
  20
1425.441772
  0
VERTEX
  8
8
  10
-383.342773
  20
1425.441772
  0
VERTEX
  8
8
  10
-381.759033
  20
1425.583862
  0
VERTEX
  8
8
  10
-380.103912
  20
1425.869629
  0
VERTEX
  8
8
  10
-378.395813
  20
1426.280029
  0
VERTEX
  8
8
  10
-376.653046
  20
1426.796143
  0
VERTEX
  8
8
  10
-374.893982
  20
1427.398804
  0
VERTEX
  8
8
  10
-373.136963
  20
1428.069214
  0
VERTEX
  8
8
  10
-371.400330
  20
1428.788086
  0
VERTEX
  8
8
  10
-369.702423
  20
1429.536499
  0
VERTEX
  8
8
  10
-368.061615
  20
1430.295532
  0
VERTEX
  8
8
  10
-366.496216
  20
1431.046143
  0
VERTEX
  8
8
  10
-365.024597
  20
1431.769165
  0
VERTEX
  8
8
  10
-365.024597
  20
1431.769165
  0
VERTEX
  8
8
  10
-363.683838
  20
1432.489014
  0
VERTEX
  8
8
  10
-362.270050
  20
1433.230713
  0
VERTEX
  8
8
  10
-360.795013
  20
1433.977295
  0
VERTEX
  8
8
  10
-359.270508
  20
1434.711792
  0
VERTEX
  8
8
  10
-357.708313
  20
1435.416870
  0
VERTEX
  8
8
  10
-356.120209
  20
1436.075562
  0
VERTEX
  8
8
  10
-354.517944
  20
1436.670898
  0
VERTEX
  8
8
  10
-352.913361
  20
1437.185547
  0
VERTEX
  8
8
  10
-351.318176
  20
1437.602539
  0
VERTEX
  8
8
  10
-349.744171
  20
1437.904907
  0
VERTEX
  8
8
  10
-348.203186
  20
1438.075439
  0
VERTEX
  8
8
  10
-346.706909
  20
1438.097046
  0
VERTEX
  8
8
  10
-346.706909
  20
1438.097046
  0
VERTEX
  8
8
  10
-345.210602
  20
1438.026245
  0
VERTEX
  8
8
  10
-343.669556
  20
1437.823608
  0
VERTEX
  8
8
  10
-342.095520
  20
1437.503784
  0
VERTEX
  8
8
  10
-340.500305
  20
1437.081543
  0
VERTEX
  8
8
  10
-338.895691
  20
1436.571289
  0
VERTEX
  8
8
  10
-337.293427
  20
1435.987793
  0
VERTEX
  8
8
  10
-335.705292
  20
1435.345703
  0
VERTEX
  8
8
  10
-334.143097
  20
1434.659668
  0
VERTEX
  8
8
  10
-332.618591
  20
1433.944458
  0
VERTEX
  8
8
  10
-331.143524
  20
1433.214478
  0
VERTEX
  8
8
  10
-329.729736
  20
1432.484497
  0
VERTEX
  8
8
  10
-328.388977
  20
1431.769165
  0
VERTEX
  8
8
  10
-328.388977
  20
1431.769165
  0
VERTEX
  8
8
  10
-323.950775
  20
1429.660156
  0
VERTEX
  8
8
  10
-319.343109
  20
1427.550659
  0
VERTEX
  8
8
  10
-319.343109
  20
1427.550659
  0
VERTEX
  8
8
  10
-317.131012
  20
1426.825684
  0
VERTEX
  8
8
  10
-314.706970
  20
1426.144775
  0
VERTEX
  8
8
  10
-312.283020
  20
1425.639526
  0
VERTEX
  8
8
  10
-310.071045
  20
1425.441772
  0
VERTEX
  8
8
  10
-310.071045
  20
1425.441772
  0
VERTEX
  8
8
  10
-308.214813
  20
1425.572998
  0
VERTEX
  8
8
  10
-306.239105
  20
1425.929199
  0
VERTEX
  8
8
  10
-304.241699
  20
1426.454224
  0
VERTEX
  8
8
  10
-302.320282
  20
1427.091797
  0
VERTEX
  8
8
  10
-300.572601
  20
1427.785645
  0
VERTEX
  8
8
  10
-300.572601
  20
1427.785645
  0
VERTEX
  8
8
  10
-296.078094
  20
1429.689575
  0
VERTEX
  8
8
  10
-291.752869
  20
1431.769043
  0
VERTEX
  8
8
  10
-291.752869
  20
1431.769043
  0
VERTEX
  8
8
  10
-288.126221
  20
1433.513916
  0
VERTEX
  8
8
  10
-284.298645
  20
1435.258667
  0
VERTEX
  8
8
  10
-280.671997
  20
1436.690796
  0
VERTEX
  8
8
  10
-280.671997
  20
1436.690796
  0
VERTEX
  8
8
  10
-278.410278
  20
1437.452393
  0
VERTEX
  8
8
  10
-276.148926
  20
1437.862549
  0
VERTEX
  8
8
  10
-276.148926
  20
1437.862549
  0
VERTEX
  8
8
  10
-273.209015
  20
1438.097046
  0
VERTEX
  8
8
  10
-273.209015
  20
1438.097046
  0
SEQEND
  0
POINT
  8
2
  10
-492.497131
  20
1438.135742
  0
POINT
  8
2
  10
-489.631775
  20
1437.628052
  0
POINT
  8
2
  10
-485.561279
  20
1436.456665
  0
POINT
  8
2
  10
-475.158386
  20
1431.769165
  0
POINT
  8
2
  10
-466.112488
  20
1427.550659
  0
POINT
  8
2
  10
-456.840454
  20
1425.441772
  0
POINT
  8
2
  10
-438.522766
  20
1431.769165
  0
POINT
  8
2
  10
-420.204834
  20
1438.097046
  0
POINT
  8
2
  10
-401.660706
  20
1431.769287
  0
POINT
  8
2
  10
-383.342773
  20
1425.441772
  0
POINT
  8
2
  10
-365.024597
  20
1431.769165
  0
POINT
  8
2
  10
-346.706909
  20
1438.097046
  0
POINT
  8
2
  10
-328.388977
  20
1431.769165
  0
POINT
  8
2
  10
-319.343109
  20
1427.550659
  0
POINT
  8
2
  10
-310.071045
  20
1425.441772
  0
POINT
  8
2
  10
-300.572601
  20
1427.785645
  0
POINT
  8
2
  10
-291.752869
  20
1431.769043
  0
POINT
  8
2
  10
-280.671997
  20
1436.690796
  0
POINT
  8
2
  10
-276.148926
  20
1437.862549
  0
POINT
  8
2
  10
-273.209015
  20
1438.097046
  0
POINT
  8
3
  10
-482.110229
  20
1435.085083
  0
POINT
  8
3
  10
-478.458435
  20
1433.453247
  0
POINT
  8
3
  10
-470.720154
  20
1429.660156
  0
POINT
  8
3
  10
-464.475220
  20
1426.948975
  0
POINT
  8
3
  10
-462.620880
  20
1426.336060
  0
POINT
  8
3
  10
-460.657928
  20
1425.812988
  0
POINT
  8
3
  10
-458.694946
  20
1425.481201
  0
POINT
  8
3
  10
-455.039185
  20
1425.663208
  0
POINT
  8
3
  10
-453.176880
  20
1426.032349
  0
POINT
  8
3
  10
-451.273865
  20
1426.528076
  0
POINT
  8
3
  10
-449.350525
  20
1427.129150
  0
POINT
  8
3
  10
-447.427185
  20
1427.814697
  0
POINT
  8
3
  10
-445.524170
  20
1428.563354
  0
POINT
  8
3
  10
-443.661865
  20
1429.354248
  0
POINT
  8
3
  10
-441.860657
  20
1430.166260
  0
POINT
  8
3
  10
-440.140808
  20
1430.978271
  0
POINT
  8
3
  10
-437.177612
  20
1432.439697
  0
POINT
  8
3
  10
-435.752380
  20
1433.149292
  0
POINT
  8
3
  10
-434.261230
  20
1433.878418
  0
POINT
  8
3
  10
-432.718201
  20
1434.607544
  0
POINT
  8
3
  10
-431.137573
  20
1435.317139
  0
POINT
  8
3
  10
-429.533325
  20
1435.987671
  0
POINT
  8
3
  10
-427.919678
  20
1436.599609
  0
POINT
  8
3
  10
-426.310730
  20
1437.133423
  0
POINT
  8
3
  10
-424.720642
  20
1437.569580
  0
POINT
  8
3
  10
-423.163544
  20
1437.888672
  0
POINT
  8
3
  10
-421.653564
  20
1438.070923
  0
POINT
  8
3
  10
-418.704102
  20
1438.026245
  0
POINT
  8
3
  10
-417.150757
  20
1437.823608
  0
POINT
  8
3
  10
-415.558197
  20
1437.503784
  0
POINT
  8
3
  10
-413.939667
  20
1437.081543
  0
POINT
  8
3
  10
-412.308655
  20
1436.571289
  0
POINT
  8
3
  10
-410.678345
  20
1435.987793
  0
POINT
  8
3
  10
-409.062195
  20
1435.345703
  0
POINT
  8
3
  10
-407.473511
  20
1434.659790
  0
POINT
  8
3
  10
-405.925690
  20
1433.944458
  0
POINT
  8
3
  10
-404.432068
  20
1433.214478
  0
POINT
  8
3
  10
-403.005920
  20
1432.484619
  0
POINT
  8
3
  10
-400.194244
  20
1431.040894
  0
POINT
  8
3
  10
-398.642151
  20
1430.276611
  0
POINT
  8
3
  10
-397.019684
  20
1429.498535
  0
POINT
  8
3
  10
-395.342163
  20
1428.728882
  0
POINT
  8
3
  10
-393.624878
  20
1427.989990
  0
POINT
  8
3
  10
-391.883118
  20
1427.303833
  0
POINT
  8
3
  10
-390.132202
  20
1426.692627
  0
POINT
  8
3
  10
-388.387421
  20
1426.178711
  0
POINT
  8
3
  10
-386.664063
  20
1425.784058
  0
POINT
  8
3
  10
-384.977417
  20
1425.531006
  0
POINT
  8
3
  10
-381.759033
  20
1425.583862
  0
POINT
  8
3
  10
-380.103912
  20
1425.869629
  0
POINT
  8
3
  10
-378.395813
  20
1426.280029
  0
POINT
  8
3
  10
-376.653046
  20
1426.796143
  0
POINT
  8
3
  10
-374.893982
  20
1427.398804
  0
POINT
  8
3
  10
-373.136963
  20
1428.069214
  0
POINT
  8
3
  10
-371.400330
  20
1428.788086
  0
POINT
  8
3
  10
-369.702423
  20
1429.536499
  0
POINT
  8
3
  10
-368.061615
  20
1430.295532
  0
POINT
  8
3
  10
-366.496216
  20
1431.046143
  0
POINT
  8
3
  10
-363.683838
  20
1432.489014
  0
POINT
  8
3
  10
-362.270050
  20
1433.230713
  0
POINT
  8
3
  10
-360.795013
  20
1433.977295
  0
POINT
  8
3
  10
-359.270508
  20
1434.711792
  0
POINT
  8
3
  10
-357.708313
  20
1435.416870
  0
POINT
  8
3
  10
-356.120209
  20
1436.075562
  0
POINT
  8
3
  10
-354.517944
  20
1436.670898
  0
POINT
  8
3
  10
-352.913361
  20
1437.185547
  0
POINT
  8
3
  10
-351.318176
  20
1437.602539
  0
POINT
  8
3
  10
-349.744171
  20
1437.904907
  0
POINT
  8
3
  10
-348.203186
  20
1438.075439
  0
POINT
  8
3
  10
-345.210602
  20
1438.026245
  0
POINT
  8
3
  10
-343.669556
  20
1437.823608
  0
POINT
  8
3
  10
-342.095520
  20
1437.503784
  0
POINT
  8
3
  10
-340.500305
  20
1437.081543
  0
POINT
  8
3
  10
-338.895691
  20
1436.571289
  0
POINT
  8
3
  10
-337.293427
  20
1435.987793
  0
POINT
  8
3
  10
-335.705292
  20
1435.345703
  0
POINT
  8
3
  10
-334.143097
  20
1434.659668
  0
POINT
  8
3
  10
-332.618591
  20
1433.944458
  0
POINT
  8
3
  10
-331.143524
  20
1433.214478
  0
POINT
  8
3
  10
-329.729736
  20
1432.484497
  0
POINT
  8
3
  10
-323.950775
  20
1429.660156
  0
POINT
  8
3
  10
-317.131012
  20
1426.825684
  0
POINT
  8
3
  10
-314.706970
  20
1426.144775
  0
POINT
  8
3
  10
-312.283020
  20
1425.639526
  0
POINT
  8
3
  10
-308.214813
  20
1425.572998
  0
POINT
  8
3
  10
-306.239105
  20
1425.929199
  0
POINT
  8
3
  10
-304.241699
  20
1426.454224
  0
POINT
  8
3
  10
-302.320282
  20
1427.091797
  0
POINT
  8
3
  10
-296.078094
  20
1429.689575
  0
POINT
  8
3
  10
-288.126221
  20
1433.513916
  0
POINT
  8
3
  10
-284.298645
  20
1435.258667
  0
POINT
  8
3
  10
-278.410278
  20
1437.452393
  0
POLYLINE
  8
85
  66
1
  70
0
  250
1
  0
VERTEX
  8
85
  10
-492.497131
  20
1438.135742
  0
VERTEX
  8
85
  10
-492.571899
  20
1438.097046
  0
VERTEX
  8
85
  10
-490.536652
  20
1437.862427
  0
VERTEX
  8
85
  10
-489.631775
  20
1437.628052
  0
VERTEX
  8
85
  10
-488.501160
  20
1437.393921
  0
VERTEX
  8
85
  10
-486.692078
  20
1436.925171
  0
VERTEX
  8
85
  10
-485.561279
  20
1436.456665
  0
VERTEX
  8
85
  10
-482.394958
  20
1435.284546
  0
VERTEX
  8
85
  10
-478.098297
  20
1433.410034
  0
VERTEX
  8
85
  10
-475.158386
  20
1431.769165
  0
VERTEX
  8
85
  10
-472.444641
  20
1430.597534
  0
VERTEX
  8
85
  10
-469.052185
  20
1428.723022
  0
VERTEX
  8
85
  10
-466.112488
  20
1427.550659
  0
VERTEX
  8
85
  10
-463.624939
  20
1426.613403
  0
VERTEX
  8
85
  10
-459.780579
  20
1425.207642
  0
VERTEX
  8
85
  10
-456.840454
  20
1425.441772
  0
VERTEX
  8
85
  10
-450.960632
  20
1425.910522
  0
VERTEX
  8
85
  10
-443.724060
  20
1429.191528
  0
VERTEX
  8
85
  10
-438.522766
  20
1431.769165
  0
VERTEX
  8
85
  10
-433.321198
  20
1434.347290
  0
VERTEX
  8
85
  10
-425.858459
  20
1438.331177
  0
VERTEX
  8
85
  10
-420.204834
  20
1438.097046
  0
VERTEX
  8
85
  10
-414.325012
  20
1438.097046
  0
VERTEX
  8
85
  10
-406.862030
  20
1434.581665
  0
VERTEX
  8
85
  10
-401.660706
  20
1431.769287
  0
VERTEX
  8
85
  10
-396.459412
  20
1429.191528
  0
VERTEX
  8
85
  10
-389.222351
  20
1425.441772
  0
VERTEX
  8
85
  10
-383.342773
  20
1425.441772
  0
VERTEX
  8
85
  10
-377.688904
  20
1425.676147
  0
VERTEX
  8
85
  10
-370.226166
  20
1429.191528
  0
VERTEX
  8
85
  10
-365.024597
  20
1431.769165
  0
VERTEX
  8
85
  10
-359.823303
  20
1434.581665
  0
VERTEX
  8
85
  10
-352.586731
  20
1438.331177
  0
VERTEX
  8
85
  10
-346.706909
  20
1438.097046
  0
VERTEX
  8
85
  10
-340.826874
  20
1438.097046
  0
VERTEX
  8
85
  10
-333.590302
  20
1434.581665
  0
VERTEX
  8
85
  10
-328.388977
  20
1431.769165
  0
VERTEX
  8
85
  10
-325.675232
  20
1430.597534
  0
VERTEX
  8
85
  10
-322.282776
  20
1428.723022
  0
VERTEX
  8
85
  10
-319.343109
  20
1427.550659
  0
VERTEX
  8
85
  10
-316.629120
  20
1426.613403
  0
VERTEX
  8
85
  10
-312.784790
  20
1425.441772
  0
VERTEX
  8
85
  10
-310.071045
  20
1425.441772
  0
VERTEX
  8
85
  10
-307.131134
  20
1425.441772
  0
VERTEX
  8
85
  10
-303.286346
  20
1426.613403
  0
VERTEX
  8
85
  10
-300.572601
  20
1427.785645
  0
VERTEX
  8
85
  10
-297.859100
  20
1428.723022
  0
VERTEX
  8
85
  10
-294.240692
  20
1430.597534
  0
VERTEX
  8
85
  10
-291.752869
  20
1431.769043
  0
VERTEX
  8
85
  10
-288.360657
  20
1433.410034
  0
VERTEX
  8
85
  10
-284.064209
  20
1435.518921
  0
VERTEX
  8
85
  10
-280.671997
  20
1436.690796
  0
VERTEX
  8
85
  10
-279.314758
  20
1437.159546
  0
VERTEX
  8
85
  10
-277.505676
  20
1437.862427
  0
VERTEX
  8
85
  10
-276.148926
  20
1437.862549
  0
VERTEX
  8
85
  10
-275.244263
  20
1438.097046
  0
VERTEX
  8
85
  10
-273.209015
  20
1438.097046
  0
VERTEX
  8
85
  10
-273.209015
  20
1438.097046
  0
SEQEND
  0
POINT
  8
2
  10
-492.497131
  20
1438.135742
  0
POINT
  8
2
  10
-489.631775
  20
1437.628052
  0
POINT
  8
2
  10
-485.561279
  20
1436.456665
  0
POINT
  8
2
  10
-475.158386
  20
1431.769165
  0
POINT
  8
2
  10
-466.112488
  20
1427.550659
  0
POINT
  8
2
  10
-456.840454
  20
1425.441772
  0
POINT
  8
2
  10
-438.522766
  20
1431.769165
  0
POINT
  8
2
  10
-420.204834
  20
1438.097046
  0
POINT
  8
2
  10
-401.660706
  20
1431.769287
  0
POINT
  8
2
  10
-383.342773
  20
1425.441772
  0
POINT
  8
2
  10
-365.024597
  20
1431.769165
  0
POINT
  8
2
  10
-346.706909
  20
1438.097046
  0
POINT
  8
2
  10
-328.388977
  20
1431.769165
  0
POINT
  8
2
  10
-319.343109
  20
1427.550659
  0
POINT
  8
2
  10
-310.071045
  20
1425.441772
  0
POINT
  8
2
  10
-300.572601
  20
1427.785645
  0
POINT
  8
2
  10
-291.752869
  20
1431.769043
  0
POINT
  8
2
  10
-280.671997
  20
1436.690796
  0
POINT
  8
2
  10
-276.148926
  20
1437.862549
  0
POINT
  8
2
  10
-273.209015
  20
1438.097046
  0
POINT
  8
3
  10
-482.110229
  20
1435.085083
  0
POINT
  8
3
  10
-478.458435
  20
1433.453247
  0
POINT
  8
3
  10
-470.720154
  20
1429.660156
  0
POINT
  8
3
  10
-464.475220
  20
1426.948975
  0
POINT
  8
3
  10
-462.620880
  20
1426.336060
  0
POINT
  8
3
  10
-460.657928
  20
1425.812988
  0
POINT
  8
3
  10
-458.694946
  20
1425.481201
  0
POINT
  8
3
  10
-455.039185
  20
1425.663208
  0
POINT
  8
3
  10
-453.176880
  20
1426.032349
  0
POINT
  8
3
  10
-451.273865
  20
1426.528076
  0
POINT
  8
3
  10
-449.350525
  20
1427.129150
  0
POINT
  8
3
  10
-447.427185
  20
1427.814697
  0
POINT
  8
3
  10
-445.524170
  20
1428.563354
  0
POINT
  8
3
  10
-443.661865
  20
1429.354248
  0
POINT
  8
3
  10
-441.860657
  20
1430.166260
  0
POINT
  8
3
  10
-440.140808
  20
1430.978271
  0
POINT
  8
3
  10
-437.177612
  20
1432.439697
  0
POINT
  8
3
  10
-435.752380
  20
1433.149292
  0
POINT
  8
3
  10
-434.261230
  20
1433.878418
  0
POINT
  8
3
  10
-432.718201
  20
1434.607544
  0
POINT
  8
3
  10
-431.137573
  20
1435.317139
  0
POINT
  8
3
  10
-429.533325
  20
1435.987671
  0
POINT
  8
3
  10
-427.919678
  20
1436.599609
  0
POINT
  8
3
  10
-426.310730
  20
1437.133423
  0
POINT
  8
3
  10
-424.720642
  20
1437.569580
  0
POINT
  8
3
  10
-423.163544
  20
1437.888672
  0
POINT
  8
3
  10
-421.653564
  20
1438.070923
  0
POINT
  8
3
  10
-418.704102
  20
1438.026245
  0
POINT
  8
3
  10
-417.150757
  20
1437.823608
  0
POINT
  8
3
  10
-415.558197
  20
1437.503784
  0
POINT
  8
3
  10
-413.939667
  20
1437.081543
  0
POINT
  8
3
  10
-412.308655
  20
1436.571289
  0
POINT
  8
3
  10
-410.678345
  20
1435.987793
  0
POINT
  8
3
  10
-409.062195
  20
1435.345703
  0
POINT
  8
3
  10
-407.473511
  20
1434.659790
  0
POINT
  8
3
  10
-405.925690
  20
1433.944458
  0
POINT
  8
3
  10
-404.432068
  20
1433.214478
  0
POINT
  8
3
  10
-403.005920
  20
1432.484619
  0
POINT
  8
3
  10
-400.194244
  20
1431.040894
  0
POINT
  8
3
  10
-398.642151
  20
1430.276611
  0
POINT
  8
3
  10
-397.019684
  20
1429.498535
  0
POINT
  8
3
  10
-395.342163
  20
1428.728882
  0
POINT
  8
3
  10
-393.624878
  20
1427.989990
  0
POINT
  8
3
  10
-391.883118
  20
1427.303833
  0
POINT
  8
3
  10
-390.132202
  20
1426.692627
  0
POINT
  8
3
  10
-388.387421
  20
1426.178711
  0
POINT
  8
3
  10
-386.664063
  20
1425.784058
  0
POINT
  8
3
  10
-384.977417
  20
1425.531006
  0
POINT
  8
3
  10
-381.759033
  20
1425.583862
  0
POINT
  8
3
  10
-380.103912
  20
1425.869629
  0
POINT
  8
3
  10
-378.395813
  20
1426.280029
  0
POINT
  8
3
  10
-376.653046
  20
1426.796143
  0
POINT
  8
3
  10
-374.893982
  20
1427.398804
  0
POINT
  8
3
  10
-373.136963
  20
1428.069214
  0
POINT
  8
3
  10
-371.400330
  20
1428.788086
  0
POINT
  8
3
  10
-369.702423
  20
1429.536499
  0
POINT
  8
3
  10
-368.061615
  20
1430.295532
  0
POINT
  8
3
  10
-366.496216
  20
1431.046143
  0
POINT
  8
3
  10
-363.683838
  20
1432.489014
  0
POINT
  8
3
  10
-362.270050
  20
1433.230713
  0
POINT
  8
3
  10
-360.795013
  20
1433.977295
  0
POINT
  8
3
  10
-359.270508
  20
1434.711792
  0
POINT
  8
3
  10
-357.708313
  20
1435.416870
  0
POINT
  8
3
  10
-356.120209
  20
1436.075562
  0
POINT
  8
3
  10
-354.517944
  20
1436.670898
  0
POINT
  8
3
  10
-352.913361
  20
1437.185547
  0
POINT
  8
3
  10
-351.318176
  20
1437.602539
  0
POINT
  8
3
  10
-349.744171
  20
1437.904907
  0
POINT
  8
3
  10
-348.203186
  20
1438.075439
  0
POINT
  8
3
  10
-345.210602
  20
1438.026245
  0
POINT
  8
3
  10
-343.669556
  20
1437.823608
  0
POINT
  8
3
  10
-342.095520
  20
1437.503784
  0
POINT
  8
3
  10
-340.500305
  20
1437.081543
  0
POINT
  8
3
  10
-338.895691
  20
1436.571289
  0
POINT
  8
3
  10
-337.293427
  20
1435.987793
  0
POINT
  8
3
  10
-335.705292
  20
1435.345703
  0
POINT
  8
3
  10
-334.143097
  20
1434.659668
  0
POINT
  8
3
  10
-332.618591
  20
1433.944458
  0
POINT
  8
3
  10
-331.143524
  20
1433.214478
  0
POINT
  8
3
  10
-329.729736
  20
1432.484497
  0
POINT
  8
3
  10
-323.950775
  20
1429.660156
  0
POINT
  8
3
  10
-317.131012
  20
1426.825684
  0
POINT
  8
3
  10
-314.706970
  20
1426.144775
  0
POINT
  8
3
  10
-312.283020
  20
1425.639526
  0
POINT
  8
3
  10
-308.214813
  20
1425.572998
  0
POINT
  8
3
  10
-306.239105
  20
1425.929199
  0
POINT
  8
3
  10
-304.241699
  20
1426.454224
  0
POINT
  8
3
  10
-302.320282
  20
1427.091797
  0
POINT
  8
3
  10
-296.078094
  20
1429.689575
  0
POINT
  8
3
  10
-288.126221
  20
1433.513916
  0
POINT
  8
3
  10
-284.298645
  20
1435.258667
  0
POINT
  8
3
  10
-278.410278
  20
1437.452393
  0
POLYLINE
  8
8
  66
1
  70
0
  250
0
  0
VERTEX
  8
8
  10
-53.920898
  20
1438.135742
  0
VERTEX
  8
8
  10
-56.786270
  20
1437.628052
  0
VERTEX
  8
8
  10
-56.786270
  20
1437.628052
  0
VERTEX
  8
8
  10
-60.856766
  20
1436.456665
  0
VERTEX
  8
8
  10
-60.856766
  20
1436.456665
  0
VERTEX
  8
8
  10
-64.307785
  20
1435.085083
  0
VERTEX
  8
8
  10
-67.959610
  20
1433.453247
  0
VERTEX
  8
8
  10
-71.259644
  20
1431.769165
  0
VERTEX
  8
8
  10
-71.259644
  20
1431.769165
  0
VERTEX
  8
8
  10
-75.697861
  20
1429.660156
  0
VERTEX
  8
8
  10
-80.305527
  20
1427.550659
  0
VERTEX
  8
8
  10
-80.305527
  20
1427.550659
  0
VERTEX
  8
8
  10
-81.942795
  20
1426.948975
  0
VERTEX
  8
8
  10
-83.797150
  20
1426.336060
  0
VERTEX
  8
8
  10
-85.760101
  20
1425.812988
  0
VERTEX
  8
8
  10
-87.723068
  20
1425.481201
  0
VERTEX
  8
8
  10
-89.577576
  20
1425.441772
  0
VERTEX
  8
8
  10
-89.577576
  20
1425.441772
  0
VERTEX
  8
8
  10
-91.378845
  20
1425.663208
  0
VERTEX
  8
8
  10
-93.241135
  20
1426.032349
  0
VERTEX
  8
8
  10
-95.144150
  20
1426.528076
  0
VERTEX
  8
8
  10
-97.067490
  20
1427.129150
  0
VERTEX
  8
8
  10
-98.990860
  20
1427.814697
  0
VERTEX
  8
8
  10
-100.893875
  20
1428.563354
  0
VERTEX
  8
8
  10
-102.756149
  20
1429.354248
  0
VERTEX
  8
8
  10
-104.557388
  20
1430.166260
  0
VERTEX
  8
8
  10
-106.277206
  20
1430.978271
  0
VERTEX
  8
8
  10
-107.895279
  20
1431.769165
  0
VERTEX
  8
8
  10
-107.895279
  20
1431.769165
  0
VERTEX
  8
8
  10
-109.240417
  20
1432.439697
  0
VERTEX
  8
8
  10
-110.665665
  20
1433.149292
  0
VERTEX
  8
8
  10
-112.156799
  20
1433.878418
  0
VERTEX
  8
8
  10
-113.699829
  20
1434.607544
  0
VERTEX
  8
8
  10
-115.280457
  20
1435.317139
  0
VERTEX
  8
8
  10
-116.884705
  20
1435.987671
  0
VERTEX
  8
8
  10
-118.498352
  20
1436.599609
  0
VERTEX
  8
8
  10
-120.107300
  20
1437.133423
  0
VERTEX
  8
8
  10
-121.697372
  20
1437.569580
  0
VERTEX
  8
8
  10
-123.254486
  20
1437.888672
  0
VERTEX
  8
8
  10
-124.764465
  20
1438.070923
  0
VERTEX
  8
8
  10
-126.213211
  20
1438.097046
  0
VERTEX
  8
8
  10
-126.213211
  20
1438.097046
  0
VERTEX
  8
8
  10
-127.713913
  20
1438.026245
  0
VERTEX
  8
8
  10
-129.267258
  20
1437.823608
  0
VERTEX
  8
8
  10
-130.859833
  20
1437.503784
  0
VERTEX
  8
8
  10
-132.478363
  20
1437.081543
  0
VERTEX
  8
8
  10
-134.109390
  20
1436.571289
  0
VERTEX
  8
8
  10
-135.739700
  20
1435.987793
  0
VERTEX
  8
8
  10
-137.355850
  20
1435.345703
  0
VERTEX
  8
8
  10
-138.944519
  20
1434.659790
  0
VERTEX
  8
8
  10
-140.492340
  20
1433.944458
  0
VERTEX
  8
8
  10
-141.985977
  20
1433.214478
  0
VERTEX
  8
8
  10
-143.412094
  20
1432.484619
  0
VERTEX
  8
8
  10
-144.757309
  20
1431.769287
  0
VERTEX
  8
8
  10
-144.757309
  20
1431.769287
  0
VERTEX
  8
8
  10
-146.223785
  20
1431.040894
  0
VERTEX
  8
8
  10
-147.775879
  20
1430.276611
  0
VERTEX
  8
8
  10
-149.398346
  20
1429.498535
  0
VERTEX
  8
8
  10
-151.075867
  20
1428.728882
  0
VERTEX
  8
8
  10
-152.793167
  20
1427.989990
  0
VERTEX
  8
8
  10
-154.534912
  20
1427.303833
  0
VERTEX
  8
8
  10
-156.285828
  20
1426.692627
  0
VERTEX
  8
8
  10
-158.030609
  20
1426.178711
  0
VERTEX
  8
8
  10
-159.753967
  20
1425.784058
  0
VERTEX
  8
8
  10
-161.440613
  20
1425.531006
  0
VERTEX
  8
8
  10
-163.075256
  20
1425.441772
  0
VERTEX
  8
8
  10
-163.075256
  20
1425.441772
  0
VERTEX
  8
8
  10
-164.658997
  20
1425.583862
  0
VERTEX
  8
8
  10
-166.314117
  20
1425.869629
  0
VERTEX
  8
8
  10
-168.022217
  20
1426.280029
  0
VERTEX
  8
8
  10
-169.764984
  20
1426.796143
  0
VERTEX
  8
8
  10
-171.524048
  20
1427.398804
  0
VERTEX
  8
8
  10
-173.281067
  20
1428.069214
  0
VERTEX
  8
8
  10
-175.017700
  20
1428.788086
  0
VERTEX
  8
8
  10
-176.715607
  20
1429.536499
  0
VERTEX
  8
8
  10
-178.356415
  20
1430.295532
  0
VERTEX
  8
8
  10
-179.921814
  20
1431.046143
  0
VERTEX
  8
8
  10
-181.393417
  20
1431.769165
  0
VERTEX
  8
8
  10
-181.393417
  20
1431.769165
  0
VERTEX
  8
8
  10
-182.734177
  20
1432.489014
  0
VERTEX
  8
8
  10
-184.147980
  20
1433.230713
  0
VERTEX
  8
8
  10
-185.623016
  20
1433.977295
  0
VERTEX
  8
8
  10
-187.147537
  20
1434.711792
  0
VERTEX
  8
8
  10
-188.709717
  20
1435.416870
  0
VERTEX
  8
8
  10
-190.297821
  20
1436.075562
  0
VERTEX
  8
8
  10
-191.900070
  20
1436.670898
  0
VERTEX
  8
8
  10
-193.504669
  20
1437.185547
  0
VERTEX
  8
8
  10
-195.099854
  20
1437.602539
  0
VERTEX
  8
8
  10
-196.673859
  20
1437.904907
  0
VERTEX
  8
8
  10
-198.214859
  20
1438.075439
  0
VERTEX
  8
8
  10
-199.711121
  20
1438.097046
  0
VERTEX
  8
8
  10
-199.711121
  20
1438.097046
  0
VERTEX
  8
8
  10
-201.207428
  20
1438.026245
  0
VERTEX
  8
8
  10
-202.748474
  20
1437.823608
  0
VERTEX
  8
8
  10
-204.322495
  20
1437.503784
  0
VERTEX
  8
8
  10
-205.917725
  20
1437.081543
  0
VERTEX
  8
8
  10
-207.522339
  20
1436.571289
  0
VERTEX
  8
8
  10
-209.124603
  20
1435.987793
  0
VERTEX
  8
8
  10
-210.712723
  20
1435.345703
  0
VERTEX
  8
8
  10
-212.274948
  20
1434.659668
  0
VERTEX
  8
8
  10
-213.799454
  20
1433.944458
  0
VERTEX
  8
8
  10
-215.274490
  20
1433.214478
  0
VERTEX
  8
8
  10
-216.688293
  20
1432.484497
  0
VERTEX
  8
8
  10
-218.029068
  20
1431.769165
  0
VERTEX
  8
8
  10
-218.029068
  20
1431.769165
  0
VERTEX
  8
8
  10
-222.467270
  20
1429.660156
  0
VERTEX
  8
8
  10
-227.074936
  20
1427.550659
  0
VERTEX
  8
8
  10
-227.074936
  20
1427.550659
  0
VERTEX
  8
8
  10
-229.287033
  20
1426.825684
  0
VERTEX
  8
8
  10
-231.711044
  20
1426.144775
  0
VERTEX
  8
8
  10
-234.135010
  20
1425.639526
  0
VERTEX
  8
8
  10
-236.346985
  20
1425.441772
  0
VERTEX
  8
8
  10
-236.346985
  20
1425.441772
  0
VERTEX
  8
8
  10
-238.203217
  20
1425.572998
  0
VERTEX
  8
8
  10
-240.178925
  20
1425.929199
  0
VERTEX
  8
8
  10
-242.176331
  20
1426.454224
  0
VERTEX
  8
8
  10
-244.097748
  20
1427.091797
  0
VERTEX
  8
8
  10
-245.845428
  20
1427.785645
  0
VERTEX
  8
8
  10
-245.845428
  20
1427.785645
  0
VERTEX
  8
8
  10
-250.339920
  20
1429.689575
  0
VERTEX
  8
8
  10
-254.665146
  20
1431.769043
  0
VERTEX
  8
8
  10
-254.665146
  20
1431.769043
  0
VERTEX
  8
8
  10
-258.291809
  20
1433.513916
  0
VERTEX
  8
8
  10
-262.119385
  20
1435.258667
  0
VERTEX
  8
8
  10
-265.746033
  20
1436.690796
  0
VERTEX
  8
8
  10
-265.746033
  20
1436.690796
  0
VERTEX
  8
8
  10
-268.007751
  20
1437.452393
  0
VERTEX
  8
8
  10
-270.269104
  20
1437.862549
  0
VERTEX
  8
8
  10
-270.269104
  20
1437.862549
  0
VERTEX
  8
8
  10
-273.209015
  20
1438.097046
  0
VERTEX
  8
8
  10
-273.209015
  20
1438.097046
  0
SEQEND
  0
POINT
  8
2
  10
-53.920898
  20
1438.135742
  0
POINT
  8
2
  10
-56.786270
  20
1437.628052
  0
POINT
  8
2
  10
-60.856766
  20
1436.456665
  0
POINT
  8
2
  10
-71.259644
  20
1431.769165
  0
POINT
  8
2
  10
-80.305527
  20
1427.550659
  0
POINT
  8
2
  10
-89.577576
  20
1425.441772
  0
POINT
  8
2
  10
-107.895279
  20
1431.769165
  0
POINT
  8
2
  10
-126.213211
  20
1438.097046
  0
POINT
  8
2
  10
-144.757309
  20
1431.769287
  0
POINT
  8
2
  10
-163.075256
  20
1425.441772
  0
POINT
  8
2
  10
-181.393417
  20
1431.769165
  0
POINT
  8
2
  10
-199.711121
  20
1438.097046
  0
POINT
  8
2
  10
-218.029068
  20
1431.769165
  0
POINT
  8
2
  10
-227.074936
  20
1427.550659
  0
POINT
  8
2
  10
-236.346985
  20
1425.441772
  0
POINT
  8
2
  10
-245.845428
  20
1427.785645
  0
POINT
  8
2
  10
-254.665146
  20
1431.769043
  0
POINT
  8
2
  10
-265.746033
  20
1436.690796
  0
POINT
  8
2
  10
-270.269104
  20
1437.862549
  0
POINT
  8
2
  10
-273.209015
  20
1438.097046
  0
POINT
  8
3
  10
-64.307785
  20
1435.085083
  0
POINT
  8
3
  10
-67.959610
  20
1433.453247
  0
POINT
  8
3
  10
-75.697861
  20
1429.660156
  0
POINT
  8
3
  10
-81.942795
  20
1426.948975
  0
POINT
  8
3
  10
-83.797150
  20
1426.336060
  0
POINT
  8
3
  10
-85.760101
  20
1425.812988
  0
POINT
  8
3
  10
-87.723068
  20
1425.481201
  0
POINT
  8
3
  10
-91.378845
  20
1425.663208
  0
POINT
  8
3
  10
-93.241135
  20
1426.032349
  0
POINT
  8
3
  10
-95.144150
  20
1426.528076
  0
POINT
  8
3
  10
-97.067490
  20
1427.129150
  0
POINT
  8
3
  10
-98.990860
  20
1427.814697
  0
POINT
  8
3
  10
-100.893875
  20
1428.563354
  0
POINT
  8
3
  10
-102.756149
  20
1429.354248
  0
POINT
  8
3
  10
-104.557388
  20
1430.166260
  0
POINT
  8
3
  10
-106.277206
  20
1430.978271
  0
POINT
  8
3
  10
-109.240417
  20
1432.439697
  0
POINT
  8
3
  10
-110.665665
  20
1433.149292
  0
POINT
  8
3
  10
-112.156799
  20
1433.878418
  0
POINT
  8
3
  10
-113.699829
  20
1434.607544
  0
POINT
  8
3
  10
-115.280457
  20
1435.317139
  0
POINT
  8
3
  10
-116.884705
  20
1435.987671
  0
POINT
  8
3
  10
-118.498352
  20
1436.599609
  0
POINT
  8
3
  10
-120.107300
  20
1437.133423
  0
POINT
  8
3
  10
-121.697372
  20
1437.569580
  0
POINT
  8
3
  10
-123.254486
  20
1437.888672
  0
POINT
  8
3
  10
-124.764465
  20
1438.070923
  0
POINT
  8
3
  10
-127.713913
  20
1438.026245
  0
POINT
  8
3
  10
-129.267258
  20
1437.823608
  0
POINT
  8
3
  10
-130.859833
  20
1437.503784
  0
POINT
  8
3
  10
-132.478363
  20
1437.081543
  0
POINT
  8
3
  10
-134.109390
  20
1436.571289
  0
POINT
  8
3
  10
-135.739700
  20
1435.987793
  0
POINT
  8
3
  10
-137.355850
  20
1435.345703
  0
POINT
  8
3
  10
-138.944519
  20
1434.659790
  0
POINT
  8
3
  10
-140.492340
  20
1433.944458
  0
POINT
  8
3
  10
-141.985977
  20
1433.214478
  0
POINT
  8
3
  10
-143.412094
  20
1432.484619
  0
POINT
  8
3
  10
-146.223785
  20
1431.040894
  0
POINT
  8
3
  10
-147.775879
  20
1430.276611
  0
POINT
  8
3
  10
-149.398346
  20
1429.498535
  0
POINT
  8
3
  10
-151.075867
  20
1428.728882
  0
POINT
  8
3
  10
-152.793167
  20
1427.989990
  0
POINT
  8
3
  10
-154.534912
  20
1427.303833
  0
POINT
  8
3
  10
-156.285828
  20
1426.692627
  0
POINT
  8
3
  10
-158.030609
  20
1426.178711
  0
POINT
  8
3
  10
-159.753967
  20
1425.784058
  0
POINT
  8
3
  10
-161.440613
  20
1425.531006
  0
POINT
  8
3
  10
-164.658997
  20
1425.583862
  0
POINT
  8
3
  10
-166.314117
  20
1425.869629
  0
POINT
  8
3
  10
-168.022217
  20
1426.280029
  0
POINT
  8
3
  10
-169.764984
  20
1426.796143
  0
POINT
  8
3
  10
-171.524048
  20
1427.398804
  0
POINT
  8
3
  10
-173.281067
  20
1428.069214
  0
POINT
  8
3
  10
-175.017700
  20
1428.788086
  0
POINT
  8
3
  10
-176.715607
  20
1429.536499
  0
POINT
  8
3
  10
-178.356415
  20
1430.295532
  0
POINT
  8
3
  10
-179.921814
  20
1431.046143
  0
POINT
  8
3
  10
-182.734177
  20
1432.489014
  0
POINT
  8
3
  10
-184.147980
  20
1433.230713
  0
POINT
  8
3
  10
-185.623016
  20
1433.977295
  0
POINT
  8
3
  10
-187.147537
  20
1434.711792
  0
POINT
  8
3
  10
-188.709717
  20
1435.416870
  0
POINT
  8
3
  10
-190.297821
  20
1436.075562
  0
POINT
  8
3
  10
-191.900070
  20
1436.670898
  0
POINT
  8
3
  10
-193.504669
  20
1437.185547
  0
POINT
  8
3
  10
-195.099854
  20
1437.602539
  0
POINT
  8
3
  10
-196.673859
  20
1437.904907
  0
POINT
  8
3
  10
-198.214859
  20
1438.075439
  0
POINT
  8
3
  10
-201.207428
  20
1438.026245
  0
POINT
  8
3
  10
-202.748474
  20
1437.823608
  0
POINT
  8
3
  10
-204.322495
  20
1437.503784
  0
POINT
  8
3
  10
-205.917725
  20
1437.081543
  0
POINT
  8
3
  10
-207.522339
  20
1436.571289
  0
POINT
  8
3
  10
-209.124603
  20
1435.987793
  0
POINT
  8
3
  10
-210.712723
  20
1435.345703
  0
POINT
  8
3
  10
-212.274948
  20
1434.659668
  0
POINT
  8
3
  10
-213.799454
  20
1433.944458
  0
POINT
  8
3
  10
-215.274490
  20
1433.214478
  0
POINT
  8
3
  10
-216.688293
  20
1432.484497
  0
POINT
  8
3
  10
-222.467270
  20
1429.660156
  0
POINT
  8
3
  10
-229.287033
  20
1426.825684
  0
POINT
  8
3
  10
-231.711044
  20
1426.144775
  0
POINT
  8
3
  10
-234.135010
  20
1425.639526
  0
POINT
  8
3
  10
-238.203217
  20
1425.572998
  0
POINT
  8
3
  10
-240.178925
  20
1425.929199
  0
POINT
  8
3
  10
-242.176331
  20
1426.454224
  0
POINT
  8
3
  10
-244.097748
  20
1427.091797
  0
POINT
  8
3
  10
-250.339920
  20
1429.689575
  0
POINT
  8
3
  10
-258.291809
  20
1433.513916
  0
POINT
  8
3
  10
-262.119385
  20
1435.258667
  0
POINT
  8
3
  10
-268.007751
  20
1437.452393
  0
POLYLINE
  8
85
  66
1
  70
0
  250
1
  0
VERTEX
  8
85
  10
-53.920898
  20
1438.135742
  0
VERTEX
  8
85
  10
-53.846130
  20
1438.097046
  0
VERTEX
  8
85
  10
-55.881378
  20
1437.862427
  0
VERTEX
  8
85
  10
-56.786270
  20
1437.628052
  0
VERTEX
  8
85
  10
-57.916870
  20
1437.393921
  0
VERTEX
  8
85
  10
-59.725952
  20
1436.925171
  0
VERTEX
  8
85
  10
-60.856766
  20
1436.456665
  0
VERTEX
  8
85
  10
-64.023071
  20
1435.284546
  0
VERTEX
  8
85
  10
-68.319733
  20
1433.410034
  0
VERTEX
  8
85
  10
-71.259644
  20
1431.769165
  0
VERTEX
  8
85
  10
-73.973389
  20
1430.597534
  0
VERTEX
  8
85
  10
-77.365860
  20
1428.723022
  0
VERTEX
  8
85
  10
-80.305527
  20
1427.550659
  0
VERTEX
  8
85
  10
-82.793106
  20
1426.613403
  0
VERTEX
  8
85
  10
-86.637436
  20
1425.207642
  0
VERTEX
  8
85
  10
-89.577576
  20
1425.441772
  0
VERTEX
  8
85
  10
-95.457397
  20
1425.910522
  0
VERTEX
  8
85
  10
-102.693954
  20
1429.191528
  0
VERTEX
  8
85
  10
-107.895279
  20
1431.769165
  0
VERTEX
  8
85
  10
-113.096832
  20
1434.347290
  0
VERTEX
  8
85
  10
-120.559570
  20
1438.331177
  0
VERTEX
  8
85
  10
-126.213211
  20
1438.097046
  0
VERTEX
  8
85
  10
-132.093033
  20
1438.097046
  0
VERTEX
  8
85
  10
-139.556000
  20
1434.581665
  0
VERTEX
  8
85
  10
-144.757309
  20
1431.769287
  0
VERTEX
  8
85
  10
-149.958633
  20
1429.191528
  0
VERTEX
  8
85
  10
-157.195679
  20
1425.441772
  0
VERTEX
  8
85
  10
-163.075256
  20
1425.441772
  0
VERTEX
  8
85
  10
-168.729126
  20
1425.676147
  0
VERTEX
  8
85
  10
-176.191864
  20
1429.191528
  0
VERTEX
  8
85
  10
-181.393417
  20
1431.769165
  0
VERTEX
  8
85
  10
-186.594727
  20
1434.581665
  0
VERTEX
  8
85
  10
-193.831299
  20
1438.331177
  0
VERTEX
  8
85
  10
-199.711121
  20
1438.097046
  0
VERTEX
  8
85
  10
-205.591156
  20
1438.097046
  0
VERTEX
  8
85
  10
-212.827728
  20
1434.581665
  0
VERTEX
  8
85
  10
-218.029068
  20
1431.769165
  0
VERTEX
  8
85
  10
-220.742798
  20
1430.597534
  0
VERTEX
  8
85
  10
-224.135254
  20
1428.723022
  0
VERTEX
  8
85
  10
-227.074936
  20
1427.550659
  0
VERTEX
  8
85
  10
-229.788910
  20
1426.613403
  0
VERTEX
  8
85
  10
-233.633240
  20
1425.441772
  0
VERTEX
  8
85
  10
-236.346985
  20
1425.441772
  0
VERTEX
  8
85
  10
-239.286896
  20
1425.441772
  0
VERTEX
  8
85
  10
-243.131683
  20
1426.613403
  0
VERTEX
  8
85
  10
-245.845428
  20
1427.785645
  0
VERTEX
  8
85
  10
-248.558929
  20
1428.723022
  0
VERTEX
  8
85
  10
-252.177338
  20
1430.597534
  0
VERTEX
  8
85
  10
-254.665146
  20
1431.769043
  0
VERTEX
  8
85
  10
-258.057373
  20
1433.410034
  0
VERTEX
  8
85
  10
-262.353821
  20
1435.518921
  0
VERTEX
  8
85
  10
-265.746033
  20
1436.690796
  0
VERTEX
  8
85
  10
-267.103271
  20
1437.159546
  0
VERTEX
  8
85
  10
-268.912354
  20
1437.862427
  0
VERTEX
  8
85
  10
-270.269104
  20
1437.862549
  0
VERTEX
  8
85
  10
-271.173767
  20
1438.097046
  0
VERTEX
  8
85
  10
-273.209015
  20
1438.097046
  0
VERTEX
  8
85
  10
-273.209015
  20
1438.097046
  0
SEQEND
  0
POINT
  8
2
  10
-53.920898
  20
1438.135742
  0
POINT
  8
2
  10
-56.786270
  20
1437.628052
  0
POINT
  8
2
  10
-60.856766
  20
1436.456665
  0
POINT
  8
2
  10
-71.259644
  20
1431.769165
  0
POINT
  8
2
  10
-80.305527
  20
1427.550659
  0
POINT
  8
2
  10
-89.577576
  20
1425.441772
  0
POINT
  8
2
  10
-107.895279
  20
1431.769165
  0
POINT
  8
2
  10
-126.213211
  20
1438.097046
  0
POINT
  8
2
  10
-144.757309
  20
1431.769287
  0
POINT
  8
2
  10
-163.075256
  20
1425.441772
  0
POINT
  8
2
  10
-181.393417
  20
1431.769165
  0
POINT
  8
2
  10
-199.711121
  20
1438.097046
  0
POINT
  8
2
  10
-218.029068
  20
1431.769165
  0
POINT
  8
2
  10
-227.074936
  20
1427.550659
  0
POINT
  8
2
  10
-236.346985
  20
1425.441772
  0
POINT
  8
2
  10
-245.845428
  20
1427.785645
  0
POINT
  8
2
  10
-254.665146
  20
1431.769043
  0
POINT
  8
2
  10
-265.746033
  20
1436.690796
  0
POINT
  8
2
  10
-270.269104
  20
1437.862549
  0
POINT
  8
2
  10
-273.209015
  20
1438.097046
  0
POINT
  8
3
  10
-64.307785
  20
1435.085083
  0
POINT
  8
3
  10
-67.959610
  20
1433.453247
  0
POINT
  8
3
  10
-75.697861
  20
1429.660156
  0
POINT
  8
3
  10
-81.942795
  20
1426.948975
  0
POINT
  8
3
  10
-83.797150
  20
1426.336060
  0
POINT
  8
3
  10
-85.760101
  20
1425.812988
  0
POINT
  8
3
  10
-87.723068
  20
1425.481201
  0
POINT
  8
3
  10
-91.378845
  20
1425.663208
  0
POINT
  8
3
  10
-93.241135
  20
1426.032349
  0
POINT
  8
3
  10
-95.144150
  20
1426.528076
  0
POINT
  8
3
  10
-97.067490
  20
1427.129150
  0
POINT
  8
3
  10
-98.990860
  20
1427.814697
  0
POINT
  8
3
  10
-100.893875
  20
1428.563354
  0
POINT
  8
3
  10
-102.756149
  20
1429.354248
  0
POINT
  8
3
  10
-104.557388
  20
1430.166260
  0
POINT
  8
3
  10
-106.277206
  20
1430.978271
  0
POINT
  8
3
  10
-109.240417
  20
1432.439697
  0
POINT
  8
3
  10
-110.665665
  20
1433.149292
  0
POINT
  8
3
  10
-112.156799
  20
1433.878418
  0
POINT
  8
3
  10
-113.699829
  20
1434.607544
  0
POINT
  8
3
  10
-115.280457
  20
1435.317139
  0
POINT
  8
3
  10
-116.884705
  20
1435.987671
  0
POINT
  8
3
  10
-118.498352
  20
1436.599609
  0
POINT
  8
3
  10
-120.107300
  20
1437.133423
  0
POINT
  8
3
  10
-121.697372
  20
1437.569580
  0
POINT
  8
3
  10
-123.254486
  20
1437.888672
  0
POINT
  8
3
  10
-124.764465
  20
1438.070923
  0
POINT
  8
3
  10
-127.713913
  20
1438.026245
  0
POINT
  8
3
  10
-129.267258
  20
1437.823608
  0
POINT
  8
3
  10
-130.859833
  20
1437.503784
  0
POINT
  8
3
  10
-132.478363
  20
1437.081543
  0
POINT
  8
3
  10
-134.109390
  20
1436.571289
  0
POINT
  8
3
  10
-135.739700
  20
1435.987793
  0
POINT
  8
3
  10
-137.355850
  20
1435.345703
  0
POINT
  8
3
  10
-138.944519
  20
1434.659790
  0
POINT
  8
3
  10
-140.492340
  20
1433.944458
  0
POINT
  8
3
  10
-141.985977
  20
1433.214478
  0
POINT
  8
3
  10
-143.412094
  20
1432.484619
  0
POINT
  8
3
  10
-146.223785
  20
1431.040894
  0
POINT
  8
3
  10
-147.775879
  20
1430.276611
  0
POINT
  8
3
  10
-149.398346
  20
1429.498535
  0
POINT
  8
3
  10
-151.075867
  20
1428.728882
  0
POINT
  8
3
  10
-152.793167
  20
1427.989990
  0
POINT
  8
3
  10
-154.534912
  20
1427.303833
  0
POINT
  8
3
  10
-156.285828
  20
1426.692627
  0
POINT
  8
3
  10
-158.030609
  20
1426.178711
  0
POINT
  8
3
  10
-159.753967
  20
1425.784058
  0
POINT
  8
3
  10
-161.440613
  20
1425.531006
  0
POINT
  8
3
  10
-164.658997
  20
1425.583862
  0
POINT
  8
3
  10
-166.314117
  20
1425.869629
  0
POINT
  8
3
  10
-168.022217
  20
1426.280029
  0
POINT
  8
3
  10
-169.764984
  20
1426.796143
  0
POINT
  8
3
  10
-171.524048
  20
1427.398804
  0
POINT
  8
3
  10
-173.281067
  20
1428.069214
  0
POINT
  8
3
  10
-175.017700
  20
1428.788086
  0
POINT
  8
3
  10
-176.715607
  20
1429.536499
  0
POINT
  8
3
  10
-178.356415
  20
1430.295532
  0
POINT
  8
3
  10
-179.921814
  20
1431.046143
  0
POINT
  8
3
  10
-182.734177
  20
1432.489014
  0
POINT
  8
3
  10
-184.147980
  20
1433.230713
  0
POINT
  8
3
  10
-185.623016
  20
1433.977295
  0
POINT
  8
3
  10
-187.147537
  20
1434.711792
  0
POINT
  8
3
  10
-188.709717
  20
1435.416870
  0
POINT
  8
3
  10
-190.297821
  20
1436.075562
  0
POINT
  8
3
  10
-191.900070
  20
1436.670898
  0
POINT
  8
3
  10
-193.504669
  20
1437.185547
  0
POINT
  8
3
  10
-195.099854
  20
1437.602539
  0
POINT
  8
3
  10
-196.673859
  20
1437.904907
  0
POINT
  8
3
  10
-198.214859
  20
1438.075439
  0
POINT
  8
3
  10
-201.207428
  20
1438.026245
  0
POINT
  8
3
  10
-202.748474
  20
1437.823608
  0
POINT
  8
3
  10
-204.322495
  20
1437.503784
  0
POINT
  8
3
  10
-205.917725
  20
1437.081543
  0
POINT
  8
3
  10
-207.522339
  20
1436.571289
  0
POINT
  8
3
  10
-209.124603
  20
1435.987793
  0
POINT
  8
3
  10
-210.712723
  20
1435.345703
  0
POINT
  8
3
  10
-212.274948
  20
1434.659668
  0
POINT
  8
3
  10
-213.799454
  20
1433.944458
  0
POINT
  8
3
  10
-215.274490
  20
1433.214478
  0
POINT
  8
3
  10
-216.688293
  20
1432.484497
  0
POINT
  8
3
  10
-222.467270
  20
1429.660156
  0
POINT
  8
3
  10
-229.287033
  20
1426.825684
  0
POINT
  8
3
  10
-231.711044
  20
1426.144775
  0
POINT
  8
3
  10
-234.135010
  20
1425.639526
  0
POINT
  8
3
  10
-238.203217
  20
1425.572998
  0
POINT
  8
3
  10
-240.178925
  20
1425.929199
  0
POINT
  8
3
  10
-242.176331
  20
1426.454224
  0
POINT
  8
3
  10
-244.097748
  20
1427.091797
  0
POINT
  8
3
  10
-250.339920
  20
1429.689575
  0
POINT
  8
3
  10
-258.291809
  20
1433.513916
  0
POINT
  8
3
  10
-262.119385
  20
1435.258667
  0
POINT
  8
3
  10
-268.007751
  20
1437.452393
  0
POLYLINE
  8
8
  66
1
  70
0
  250
0
  0
VERTEX
  8
8
  10
-388.091766
  20
1383.787964
  0
VERTEX
  8
8
  10
-388.091766
  20
1426.110962
  0
SEQEND
  0
POINT
  8
2
  10
-388.091766
  20
1383.787964
  0
POINT
  8
2
  10
-388.091766
  20
1426.110962
  0
POLYLINE
  8
85
  66
1
  70
0
  250
1
  0
VERTEX
  8
85
  10
-388.091766
  20
1383.787964
  0
VERTEX
  8
85
  10
-388.091766
  20
1426.110962
  0
SEQEND
  0
POINT
  8
2
  10
-388.091766
  20
1383.787964
  0
POINT
  8
2
  10
-388.091766
  20
1426.110962
  0
POLYLINE
  8
8
  66
1
  70
0
  250
0
  0
VERTEX
  8
8
  10
-158.326263
  20
1383.787964
  0
VERTEX
  8
8
  10
-158.326263
  20
1426.110962
  0
SEQEND
  0
POINT
  8
2
  10
-158.326263
  20
1383.787964
  0
POINT
  8
2
  10
-158.326263
  20
1426.110962
  0
POLYLINE
  8
85
  66
1
  70
0
  250
1
  0
VERTEX
  8
85
  10
-158.326263
  20
1383.787964
  0
VERTEX
  8
85
  10
-158.326263
  20
1426.110962
  0
SEQEND
  0
POINT
  8
2
  10
-158.326263
  20
1383.787964
  0
POINT
  8
2
  10
-158.326263
  20
1426.110962
  0
POLYLINE
  8
8
  66
1
  70
0
  250
0
  0
VERTEX
  8
8
  10
-273.209015
  20
1395.912720
  0
VERTEX
  8
8
  10
-273.209015
  20
1438.097046
  0
SEQEND
  0
POINT
  8
2
  10
-273.209015
  20
1395.912720
  0
POINT
  8
2
  10
-273.209015
  20
1438.097046
  0
POLYLINE
  8
85
  66
1
  70
0
  250
1
  0
VERTEX
  8
85
  10
-273.209015
  20
1395.912720
  0
VERTEX
  8
85
  10
-273.209015
  20
1438.097046
  0
SEQEND
  0
POINT
  8
2
  10
-273.209015
  20
1395.912720
  0
POINT
  8
2
  10
-273.209015
  20
1438.097046
  0
ENDBLK
  0
BLOCK
  8
0
  2
Pattern2D_4498051_M
  70
64
  10
0
  20
0
  0
TEXT
  8
1
  10
235.392120
  20
1533.361816
  50
0.000000
  51
0.000000
  71
0.000000
  1
PIECE NAME: Pattern2D_4498051
  7
STANDARD
  0
TEXT
  8
1
  10
235.392120
  20
1528.361816
  50
0.000000
  51
0.000000
  71
0.000000
  1
SIZE: M
  7
STANDARD
  0
TEXT
  8
1
  10
235.392120
  20
1518.361816
  50
0.000000
  51
0.000000
  71
0.000000
  1
QUANTITY: 1
  7
STANDARD
  0
TEXT
  8
1
  10
235.392120
  20
1518.361816
  40
0.250000
  50
0.000000
  1
ROTATION: 0
  7
STANDARD
  0
POLYLINE
  8
1
  66
1
  70
1
  250
2
  0
VERTEX
  8
1
  10
94.126953
  20
1596.770264
  0
VERTEX
  8
1
  10
94.698318
  20
1599.877563
  0
VERTEX
  8
1
  10
95.269684
  20
1602.984741
  0
VERTEX
  8
1
  10
100.126099
  20
1602.495483
  0
VERTEX
  8
1
  10
104.177750
  20
1602.108154
  0
VERTEX
  8
1
  10
110.586334
  20
1601.495728
  0
VERTEX
  8
1
  10
120.487404
  20
1600.687256
  0
VERTEX
  8
1
  10
160.749359
  20
1598.951172
  0
VERTEX
  8
1
  10
198.067520
  20
1598.061157
  0
VERTEX
  8
1
  10
235.391602
  20
1597.791504
  0
VERTEX
  8
1
  10
273.001068
  20
1598.002563
  0
VERTEX
  8
1
  10
310.604553
  20
1598.833984
  0
VERTEX
  8
1
  10
350.760376
  20
1600.801147
  0
VERTEX
  8
1
  10
360.479462
  20
1601.562378
  0
VERTEX
  8
1
  10
366.770142
  20
1602.144409
  0
VERTEX
  8
1
  10
370.747192
  20
1602.512329
  0
VERTEX
  8
1
  10
375.514221
  20
1602.978394
  0
VERTEX
  8
1
  10
376.085724
  20
1599.870239
  0
VERTEX
  8
1
  10
376.657288
  20
1596.762207
  0
VERTEX
  8
1
  10
368.817993
  20
1596.008301
  0
VERTEX
  8
1
  10
360.975952
  20
1595.283325
  0
VERTEX
  8
1
  10
351.181793
  20
1594.516113
  0
VERTEX
  8
1
  10
331.671478
  20
1593.369995
  0
VERTEX
  8
1
  10
312.145111
  20
1592.581665
  0
VERTEX
  8
1
  10
292.610443
  20
1592.037964
  0
VERTEX
  8
1
  10
273.071136
  20
1591.702881
  0
VERTEX
  8
1
  10
260.504974
  20
1591.587524
  0
VERTEX
  8
1
  10
247.952225
  20
1591.526245
  0
VERTEX
  8
1
  10
235.386566
  20
1591.491577
  0
VERTEX
  8
1
  10
222.918976
  20
1591.536499
  0
VERTEX
  8
1
  10
210.470459
  20
1591.614990
  0
VERTEX
  8
1
  10
197.970840
  20
1591.761963
  0
VERTEX
  8
1
  10
185.500153
  20
1591.999268
  0
VERTEX
  8
1
  10
173.036804
  20
1592.306885
  0
VERTEX
  8
1
  10
160.582764
  20
1592.653564
  0
VERTEX
  8
1
  10
147.068542
  20
1593.064575
  0
VERTEX
  8
1
  10
133.559326
  20
1593.607300
  0
VERTEX
  8
1
  10
120.061256
  20
1594.402588
  0
VERTEX
  8
1
  10
110.063744
  20
1595.218872
  0
VERTEX
  8
1
  10
102.093903
  20
1595.980103
  0
SEQEND
  0
POINT
  8
2
  10
94.126953
  20
1596.770264
  0
POINT
  8
2
  10
95.269684
  20
1602.984741
  0
POINT
  8
2
  10
375.514221
  20
1602.978394
  0
POINT
  8
2
  10
376.657288
  20
1596.762207
  0
POINT
  8
3
  10
94.698318
  20
1599.877563
  0
POINT
  8
3
  10
100.126099
  20
1602.495483
  0
POINT
  8
3
  10
104.177750
  20
1602.108154
  0
POINT
  8
3
  10
110.586334
  20
1601.495728
  0
POINT
  8
3
  10
120.487404
  20
1600.687256
  0
POINT
  8
3
  10
160.749359
  20
1598.951172
  0
POINT
  8
3
  10
198.067520
  20
1598.061157
  0
POINT
  8
3
  10
235.391602
  20
1597.791504
  0
POINT
  8
3
  10
273.001068
  20
1598.002563
  0
POINT
  8
3
  10
310.604553
  20
1598.833984
  0
POINT
  8
3
  10
350.760376
  20
1600.801147
  0
POINT
  8
3
  10
360.479462
  20
1601.562378
  0
POINT
  8
3
  10
366.770142
  20
1602.144409
  0
POINT
  8
3
  10
370.747192
  20
1602.512329
  0
POINT
  8
3
  10
376.085724
  20
1599.870239
  0
POINT
  8
3
  10
368.817993
  20
1596.008301
  0
POINT
  8
3
  10
360.975952
  20
1595.283325
  0
POINT
  8
3
  10
351.181793
  20
1594.516113
  0
POINT
  8
3
  10
331.671478
  20
1593.369995
  0
POINT
  8
3
  10
312.145111
  20
1592.581665
  0
POINT
  8
3
  10
292.610443
  20
1592.037964
  0
POINT
  8
3
  10
273.071136
  20
1591.702881
  0
POINT
  8
3
  10
260.504974
  20
1591.587524
  0
POINT
  8
3
  10
247.952225
  20
1591.526245
  0
POINT
  8
3
  10
235.386566
  20
1591.491577
  0
POINT
  8
3
  10
222.918976
  20
1591.536499
  0
POINT
  8
3
  10
210.470459
  20
1591.614990
  0
POINT
  8
3
  10
197.970840
  20
1591.761963
  0
POINT
  8
3
  10
185.500153
  20
1591.999268
  0
POINT
  8
3
  10
173.036804
  20
1592.306885
  0
POINT
  8
3
  10
160.582764
  20
1592.653564
  0
POINT
  8
3
  10
147.068542
  20
1593.064575
  0
POINT
  8
3
  10
133.559326
  20
1593.607300
  0
POINT
  8
3
  10
120.061256
  20
1594.402588
  0
POINT
  8
3
  10
110.063744
  20
1595.218872
  0
POINT
  8
3
  10
102.093903
  20
1595.980103
  0
POLYLINE
  8
84
  66
1
  70
1
  250
2
  0
VERTEX
  8
84
  10
94.126953
  20
1596.770264
  0
VERTEX
  8
84
  10
94.698318
  20
1599.877563
  0
VERTEX
  8
84
  10
95.269684
  20
1602.984741
  0
VERTEX
  8
84
  10
100.126099
  20
1602.495483
  0
VERTEX
  8
84
  10
104.177750
  20
1602.108154
  0
VERTEX
  8
84
  10
110.586334
  20
1601.495728
  0
VERTEX
  8
84
  10
120.487404
  20
1600.687256
  0
VERTEX
  8
84
  10
160.749359
  20
1598.951172
  0
VERTEX
  8
84
  10
198.067520
  20
1598.061157
  0
VERTEX
  8
84
  10
235.391602
  20
1597.791504
  0
VERTEX
  8
84
  10
273.001068
  20
1598.002563
  0
VERTEX
  8
84
  10
310.604553
  20
1598.833984
  0
VERTEX
  8
84
  10
350.760376
  20
1600.801147
  0
VERTEX
  8
84
  10
360.479462
  20
1601.562378
  0
VERTEX
  8
84
  10
366.770142
  20
1602.144409
  0
VERTEX
  8
84
  10
370.747192
  20
1602.512329
  0
VERTEX
  8
84
  10
375.514221
  20
1602.978394
  0
VERTEX
  8
84
  10
376.085724
  20
1599.870239
  0
VERTEX
  8
84
  10
376.657288
  20
1596.762207
  0
VERTEX
  8
84
  10
368.817993
  20
1596.008301
  0
VERTEX
  8
84
  10
360.975952
  20
1595.283325
  0
VERTEX
  8
84
  10
351.181793
  20
1594.516113
  0
VERTEX
  8
84
  10
331.671478
  20
1593.369995
  0
VERTEX
  8
84
  10
312.145111
  20
1592.581665
  0
VERTEX
  8
84
  10
292.610443
  20
1592.037964
  0
VERTEX
  8
84
  10
273.071136
  20
1591.702881
  0
VERTEX
  8
84
  10
260.504974
  20
1591.587524
  0
VERTEX
  8
84
  10
247.952225
  20
1591.526245
  0
VERTEX
  8
84
  10
235.386566
  20
1591.491577
  0
VERTEX
  8
84
  10
222.918976
  20
1591.536499
  0
VERTEX
  8
84
  10
210.470459
  20
1591.614990
  0
VERTEX
  8
84
  10
197.970840
  20
1591.761963
  0
VERTEX
  8
84
  10
185.500153
  20
1591.999268
  0
VERTEX
  8
84
  10
173.036804
  20
1592.306885
  0
VERTEX
  8
84
  10
160.582764
  20
1592.653564
  0
VERTEX
  8
84
  10
147.068542
  20
1593.064575
  0
VERTEX
  8
84
  10
133.559326
  20
1593.607300
  0
VERTEX
  8
84
  10
120.061256
  20
1594.402588
  0
VERTEX
  8
84
  10
110.063744
  20
1595.218872
  0
VERTEX
  8
84
  10
102.093903
  20
1595.980103
  0
SEQEND
  0
POINT
  8
2
  10
94.126953
  20
1596.770264
  0
POINT
  8
2
  10
95.269684
  20
1602.984741
  0
POINT
  8
2
  10
375.514221
  20
1602.978394
  0
POINT
  8
2
  10
376.657288
  20
1596.762207
  0
POINT
  8
3
  10
94.698318
  20
1599.877563
  0
POINT
  8
3
  10
100.126099
  20
1602.495483
  0
POINT
  8
3
  10
104.177750
  20
1602.108154
  0
POINT
  8
3
  10
110.586334
  20
1601.495728
  0
POINT
  8
3
  10
120.487404
  20
1600.687256
  0
POINT
  8
3
  10
160.749359
  20
1598.951172
  0
POINT
  8
3
  10
198.067520
  20
1598.061157
  0
POINT
  8
3
  10
235.391602
  20
1597.791504
  0
POINT
  8
3
  10
273.001068
  20
1598.002563
  0
POINT
  8
3
  10
310.604553
  20
1598.833984
  0
POINT
  8
3
  10
350.760376
  20
1600.801147
  0
POINT
  8
3
  10
360.479462
  20
1601.562378
  0
POINT
  8
3
  10
366.770142
  20
1602.144409
  0
POINT
  8
3
  10
370.747192
  20
1602.512329
  0
POINT
  8
3
  10
376.085724
  20
1599.870239
  0
POINT
  8
3
  10
368.817993
  20
1596.008301
  0
POINT
  8
3
  10
360.975952
  20
1595.283325
  0
POINT
  8
3
  10
351.181793
  20
1594.516113
  0
POINT
  8
3
  10
331.671478
  20
1593.369995
  0
POINT
  8
3
  10
312.145111
  20
1592.581665
  0
POINT
  8
3
  10
292.610443
  20
1592.037964
  0
POINT
  8
3
  10
273.071136
  20
1591.702881
  0
POINT
  8
3
  10
260.504974
  20
1591.587524
  0
POINT
  8
3
  10
247.952225
  20
1591.526245
  0
POINT
  8
3
  10
235.386566
  20
1591.491577
  0
POINT
  8
3
  10
222.918976
  20
1591.536499
  0
POINT
  8
3
  10
210.470459
  20
1591.614990
  0
POINT
  8
3
  10
197.970840
  20
1591.761963
  0
POINT
  8
3
  10
185.500153
  20
1591.999268
  0
POINT
  8
3
  10
173.036804
  20
1592.306885
  0
POINT
  8
3
  10
160.582764
  20
1592.653564
  0
POINT
  8
3
  10
147.068542
  20
1593.064575
  0
POINT
  8
3
  10
133.559326
  20
1593.607300
  0
POINT
  8
3
  10
120.061256
  20
1594.402588
  0
POINT
  8
3
  10
110.063744
  20
1595.218872
  0
POINT
  8
3
  10
102.093903
  20
1595.980103
  0
LINE
  8
7
  10
171.752502
  20
1533.598511
  11
299.031738
  21
1660.877808
  0
POLYLINE
  8
8
  66
1
  70
0
  250
0
  0
VERTEX
  8
8
  10
235.391602
  20
1597.791504
  0
VERTEX
  8
8
  10
235.391602
  20
1463.739014
  0
SEQEND
  0
POINT
  8
2
  10
235.391602
  20
1597.791504
  0
POINT
  8
2
  10
235.391602
  20
1463.739014
  0
POLYLINE
  8
85
  66
1
  70
0
  250
1
  0
VERTEX
  8
85
  10
235.391602
  20
1597.791504
  0
VERTEX
  8
85
  10
235.391602
  20
1463.739014
  0
SEQEND
  0
POINT
  8
2
  10
235.391602
  20
1597.791504
  0
POINT
  8
2
  10
235.391602
  20
1463.739014
  0
ENDBLK
  0
BLOCK
  8
0
  2
Pattern2D_1545472_M
  70
64
  10
0
  20
0
  0
TEXT
  8
1
  10
-265.928955
  20
1589.705322
  50
0.000000
  51
0.000000
  71
0.000000
  1
PIECE NAME: Pattern2D_1545472
  7
STANDARD
  0
TEXT
  8
1
  10
-265.928955
  20
1584.705322
  50
0.000000
  51
0.000000
  71
0.000000
  1
SIZE: M
  7
STANDARD
  0
TEXT
  8
1
  10
-265.928955
  20
1574.705322
  50
0.000000
  51
0.000000
  71
0.000000
  1
QUANTITY: 1
  7
STANDARD
  0
TEXT
  8
1
  10
-265.928955
  20
1574.705322
  40
0.250000
  50
0.000000
  1
ROTATION: 0
  7
STANDARD
  0
POLYLINE
  8
1
  66
1
  70
1
  250
2
  0
VERTEX
  8
1
  10
-396.567932
  20
1599.930908
  0
VERTEX
  8
1
  10
-395.713806
  20
1603.003052
  0
VERTEX
  8
1
  10
-394.907410
  20
1606.092163
  0
VERTEX
  8
1
  10
-386.740906
  20
1602.038208
  0
VERTEX
  8
1
  10
-382.971741
  20
1600.233276
  0
VERTEX
  8
1
  10
-365.344971
  20
1593.202515
  0
VERTEX
  8
1
  10
-347.262451
  20
1587.811890
  0
VERTEX
  8
1
  10
-322.625305
  20
1583.124878
  0
VERTEX
  8
1
  10
-297.759247
  20
1580.547241
  0
VERTEX
  8
1
  10
-288.783936
  20
1580.203003
  0
VERTEX
  8
1
  10
-278.286926
  20
1579.902832
  0
VERTEX
  8
1
  10
-265.928925
  20
1579.609985
  0
VERTEX
  8
1
  10
-253.570938
  20
1579.903687
  0
VERTEX
  8
1
  10
-243.073898
  20
1580.204590
  0
VERTEX
  8
1
  10
-234.098587
  20
1580.549438
  0
VERTEX
  8
1
  10
-209.232559
  20
1583.128906
  0
VERTEX
  8
1
  10
-184.595398
  20
1587.817627
  0
VERTEX
  8
1
  10
-166.512848
  20
1593.209595
  0
VERTEX
  8
1
  10
-148.886093
  20
1600.241699
  0
VERTEX
  8
1
  10
-145.116959
  20
1602.046875
  0
VERTEX
  8
1
  10
-136.950439
  20
1606.101440
  0
VERTEX
  8
1
  10
-136.144073
  20
1603.012329
  0
VERTEX
  8
1
  10
-135.289963
  20
1599.940063
  0
VERTEX
  8
1
  10
-152.175095
  20
1591.942017
  0
VERTEX
  8
1
  10
-169.680786
  20
1585.538696
  0
VERTEX
  8
1
  10
-187.632050
  20
1580.638916
  0
VERTEX
  8
1
  10
-205.908920
  20
1577.258423
  0
VERTEX
  8
1
  10
-224.342468
  20
1574.957764
  0
VERTEX
  8
1
  10
-242.880600
  20
1573.907715
  0
VERTEX
  8
1
  10
-253.393982
  20
1573.606323
  0
VERTEX
  8
1
  10
-265.928711
  20
1573.309204
  0
VERTEX
  8
1
  10
-278.463501
  20
1573.605469
  0
VERTEX
  8
1
  10
-288.976166
  20
1573.906128
  0
VERTEX
  8
1
  10
-307.514587
  20
1574.954834
  0
VERTEX
  8
1
  10
-325.947998
  20
1577.254028
  0
VERTEX
  8
1
  10
-344.224945
  20
1580.633301
  0
VERTEX
  8
1
  10
-362.176453
  20
1585.531738
  0
VERTEX
  8
1
  10
-379.682465
  20
1591.933960
  0
SEQEND
  0
POINT
  8
2
  10
-396.567932
  20
1599.930908
  0
POINT
  8
2
  10
-394.907410
  20
1606.092163
  0
POINT
  8
2
  10
-136.950439
  20
1606.101440
  0
POINT
  8
2
  10
-135.289963
  20
1599.940063
  0
POINT
  8
3
  10
-395.713806
  20
1603.003052
  0
POINT
  8
3
  10
-386.740906
  20
1602.038208
  0
POINT
  8
3
  10
-382.971741
  20
1600.233276
  0
POINT
  8
3
  10
-365.344971
  20
1593.202515
  0
POINT
  8
3
  10
-347.262451
  20
1587.811890
  0
POINT
  8
3
  10
-322.625305
  20
1583.124878
  0
POINT
  8
3
  10
-297.759247
  20
1580.547241
  0
POINT
  8
3
  10
-288.783936
  20
1580.203003
  0
POINT
  8
3
  10
-278.286926
  20
1579.902832
  0
POINT
  8
3
  10
-265.928925
  20
1579.609985
  0
POINT
  8
3
  10
-253.570938
  20
1579.903687
  0
POINT
  8
3
  10
-243.073898
  20
1580.204590
  0
POINT
  8
3
  10
-234.098587
  20
1580.549438
  0
POINT
  8
3
  10
-209.232559
  20
1583.128906
  0
POINT
  8
3
  10
-184.595398
  20
1587.817627
  0
POINT
  8
3
  10
-166.512848
  20
1593.209595
  0
POINT
  8
3
  10
-148.886093
  20
1600.241699
  0
POINT
  8
3
  10
-145.116959
  20
1602.046875
  0
POINT
  8
3
  10
-136.144073
  20
1603.012329
  0
POINT
  8
3
  10
-152.175095
  20
1591.942017
  0
POINT
  8
3
  10
-169.680786
  20
1585.538696
  0
POINT
  8
3
  10
-187.632050
  20
1580.638916
  0
POINT
  8
3
  10
-205.908920
  20
1577.258423
  0
POINT
  8
3
  10
-224.342468
  20
1574.957764
  0
POINT
  8
3
  10
-242.880600
  20
1573.907715
  0
POINT
  8
3
  10
-253.393982
  20
1573.606323
  0
POINT
  8
3
  10
-265.928711
  20
1573.309204
  0
POINT
  8
3
  10
-278.463501
  20
1573.605469
  0
POINT
  8
3
  10
-288.976166
  20
1573.906128
  0
POINT
  8
3
  10
-307.514587
  20
1574.954834
  0
POINT
  8
3
  10
-325.947998
  20
1577.254028
  0
POINT
  8
3
  10
-344.224945
  20
1580.633301
  0
POINT
  8
3
  10
-362.176453
  20
1585.531738
  0
POINT
  8
3
  10
-379.682465
  20
1591.933960
  0
POLYLINE
  8
84
  66
1
  70
1
  250
2
  0
VERTEX
  8
84
  10
-396.567932
  20
1599.930908
  0
VERTEX
  8
84
  10
-395.713806
  20
1603.003052
  0
VERTEX
  8
84
  10
-394.907410
  20
1606.092163
  0
VERTEX
  8
84
  10
-386.740906
  20
1602.038208
  0
VERTEX
  8
84
  10
-382.971741
  20
1600.233276
  0
VERTEX
  8
84
  10
-365.344971
  20
1593.202515
  0
VERTEX
  8
84
  10
-347.262451
  20
1587.811890
  0
VERTEX
  8
84
  10
-322.625305
  20
1583.124878
  0
VERTEX
  8
84
  10
-297.759247
  20
1580.547241
  0
VERTEX
  8
84
  10
-288.783936
  20
1580.203003
  0
VERTEX
  8
84
  10
-278.286926
  20
1579.902832
  0
VERTEX
  8
84
  10
-265.928925
  20
1579.609985
  0
VERTEX
  8
84
  10
-253.570938
  20
1579.903687
  0
VERTEX
  8
84
  10
-243.073898
  20
1580.204590
  0
VERTEX
  8
84
  10
-234.098587
  20
1580.549438
  0
VERTEX
  8
84
  10
-209.232559
  20
1583.128906
  0
VERTEX
  8
84
  10
-184.595398
  20
1587.817627
  0
VERTEX
  8
84
  10
-166.512848
  20
1593.209595
  0
VERTEX
  8
84
  10
-148.886093
  20
1600.241699
  0
VERTEX
  8
84
  10
-145.116959
  20
1602.046875
  0
VERTEX
  8
84
  10
-136.950439
  20
1606.101440
  0
VERTEX
  8
84
  10
-136.144073
  20
1603.012329
  0
VERTEX
  8
84
  10
-135.289963
  20
1599.940063
  0
VERTEX
  8
84
  10
-152.175095
  20
1591.942017
  0
VERTEX
  8
84
  10
-169.680786
  20
1585.538696
  0
VERTEX
  8
84
  10
-187.632050
  20
1580.638916
  0
VERTEX
  8
84
  10
-205.908920
  20
1577.258423
  0
VERTEX
  8
84
  10
-224.342468
  20
1574.957764
  0
VERTEX
  8
84
  10
-242.880600
  20
1573.907715
  0
VERTEX
  8
84
  10
-253.393982
  20
1573.606323
  0
VERTEX
  8
84
  10
-265.928711
  20
1573.309204
  0
VERTEX
  8
84
  10
-278.463501
  20
1573.605469
  0
VERTEX
  8
84
  10
-288.976166
  20
1573.906128
  0
VERTEX
  8
84
  10
-307.514587
  20
1574.954834
  0
VERTEX
  8
84
  10
-325.947998
  20
1577.254028
  0
VERTEX
  8
84
  10
-344.224945
  20
1580.633301
  0
VERTEX
  8
84
  10
-362.176453
  20
1585.531738
  0
VERTEX
  8
84
  10
-379.682465
  20
1591.933960
  0
SEQEND
  0
POINT
  8
2
  10
-396.567932
  20
1599.930908
  0
POINT
  8
2
  10
-394.907410
  20
1606.092163
  0
POINT
  8
2
  10
-136.950439
  20
1606.101440
  0
POINT
  8
2
  10
-135.289963
  20
1599.940063
  0
POINT
  8
3
  10
-395.713806
  20
1603.003052
  0
POINT
  8
3
  10
-386.740906
  20
1602.038208
  0
POINT
  8
3
  10
-382.971741
  20
1600.233276
  0
POINT
  8
3
  10
-365.344971
  20
1593.202515
  0
POINT
  8
3
  10
-347.262451
  20
1587.811890
  0
POINT
  8
3
  10
-322.625305
  20
1583.124878
  0
POINT
  8
3
  10
-297.759247
  20
1580.547241
  0
POINT
  8
3
  10
-288.783936
  20
1580.203003
  0
POINT
  8
3
  10
-278.286926
  20
1579.902832
  0
POINT
  8
3
  10
-265.928925
  20
1579.609985
  0
POINT
  8
3
  10
-253.570938
  20
1579.903687
  0
POINT
  8
3
  10
-243.073898
  20
1580.204590
  0
POINT
  8
3
  10
-234.098587
  20
1580.549438
  0
POINT
  8
3
  10
-209.232559
  20
1583.128906
  0
POINT
  8
3
  10
-184.595398
  20
1587.817627
  0
POINT
  8
3
  10
-166.512848
  20
1593.209595
  0
POINT
  8
3
  10
-148.886093
  20
1600.241699
  0
POINT
  8
3
  10
-145.116959
  20
1602.046875
  0
POINT
  8
3
  10
-136.144073
  20
1603.012329
  0
POINT
  8
3
  10
-152.175095
  20
1591.942017
  0
POINT
  8
3
  10
-169.680786
  20
1585.538696
  0
POINT
  8
3
  10
-187.632050
  20
1580.638916
  0
POINT
  8
3
  10
-205.908920
  20
1577.258423
  0
POINT
  8
3
  10
-224.342468
  20
1574.957764
  0
POINT
  8
3
  10
-242.880600
  20
1573.907715
  0
POINT
  8
3
  10
-253.393982
  20
1573.606323
  0
POINT
  8
3
  10
-265.928711
  20
1573.309204
  0
POINT
  8
3
  10
-278.463501
  20
1573.605469
  0
POINT
  8
3
  10
-288.976166
  20
1573.906128
  0
POINT
  8
3
  10
-307.514587
  20
1574.954834
  0
POINT
  8
3
  10
-325.947998
  20
1577.254028
  0
POINT
  8
3
  10
-344.224945
  20
1580.633301
  0
POINT
  8
3
  10
-362.176453
  20
1585.531738
  0
POINT
  8
3
  10
-379.682465
  20
1591.933960
  0
LINE
  8
7
  10
-329.568573
  20
1526.065674
  11
-202.289337
  21
1653.344971
  0
POLYLINE
  8
8
  66
1
  70
0
  250
0
  0
VERTEX
  8
8
  10
-265.928925
  20
1573.309204
  0
VERTEX
  8
8
  10
-265.928925
  20
1579.609985
  0
SEQEND
  0
POINT
  8
2
  10
-265.928925
  20
1573.309204
  0
POINT
  8
2
  10
-265.928925
  20
1579.609985
  0
POLYLINE
  8
85
  66
1
  70
0
  250
1
  0
VERTEX
  8
85
  10
-265.928925
  20
1573.309204
  0
VERTEX
  8
85
  10
-265.928925
  20
1579.609985
  0
SEQEND
  0
POINT
  8
2
  10
-265.928925
  20
1573.309204
  0
POINT
  8
2
  10
-265.928925
  20
1579.609985
  0
ENDBLK
  0
BLOCK
  8
0
  2
Pattern2D_1546989_M
  70
64
  10
0
  20
0
  0
TEXT
  8
1
  10
-29.129547
  20
1550.116943
  50
0.000000
  51
0.000000
  71
0.000000
  1
PIECE NAME: Pattern2D_1546989
  7
STANDARD
  0
TEXT
  8
1
  10
-29.129547
  20
1545.116943
  50
0.000000
  51
0.000000
  71
0.000000
  1
SIZE: M
  7
STANDARD
  0
TEXT
  8
1
  10
-29.129547
  20
1535.116943
  50
0.000000
  51
0.000000
  71
0.000000
  1
QUANTITY: 1
  7
STANDARD
  0
TEXT
  8
1
  10
-29.129547
  20
1535.116943
  40
0.250000
  50
0.000000
  1
ROTATION: 0
  7
STANDARD
  0
POLYLINE
  8
1
  66
1
  70
1
  250
2
  0
VERTEX
  8
1
  10
-34.306503
  20
1503.546387
  0
VERTEX
  8
1
  10
-40.937241
  20
1504.778564
  0
VERTEX
  8
1
  10
-47.448700
  20
1506.553345
  0
VERTEX
  8
1
  10
-55.116394
  20
1509.867920
  0
VERTEX
  8
1
  10
-62.311966
  20
1514.176880
  0
VERTEX
  8
1
  10
-69.004303
  20
1519.282959
  0
VERTEX
  8
1
  10
-75.102371
  20
1525.134277
  0
VERTEX
  8
1
  10
-80.536041
  20
1531.652832
  0
VERTEX
  8
1
  10
-85.495529
  20
1538.567627
  0
VERTEX
  8
1
  10
-89.991272
  20
1545.813721
  0
VERTEX
  8
1
  10
-93.913010
  20
1553.409424
  0
VERTEX
  8
1
  10
-97.357956
  20
1561.250977
  0
VERTEX
  8
1
  10
-100.361374
  20
1569.284424
  0
VERTEX
  8
1
  10
-102.807663
  20
1577.517944
  0
VERTEX
  8
1
  10
-104.762482
  20
1585.891846
  0
VERTEX
  8
1
  10
-106.128082
  20
1594.387817
  0
VERTEX
  8
1
  10
-106.345154
  20
1596.668335
  0
VERTEX
  8
1
  10
-100.234528
  20
1596.687988
  0
VERTEX
  8
1
  10
-100.108292
  20
1595.369263
  0
VERTEX
  8
1
  10
-99.982056
  20
1594.050415
  0
VERTEX
  8
1
  10
-99.784698
  20
1592.740967
  0
VERTEX
  8
1
  10
-99.587326
  20
1591.431519
  0
VERTEX
  8
1
  10
-99.133011
  20
1588.823608
  0
VERTEX
  8
1
  10
-97.105469
  20
1579.802612
  0
VERTEX
  8
1
  10
-94.517029
  20
1571.053833
  0
VERTEX
  8
1
  10
-91.255859
  20
1562.489990
  0
VERTEX
  8
1
  10
-83.062302
  20
1546.134033
  0
VERTEX
  8
1
  10
-77.722107
  20
1538.201660
  0
VERTEX
  8
1
  10
-71.783234
  20
1530.674438
  0
VERTEX
  8
1
  10
-57.060989
  20
1518.190308
  0
VERTEX
  8
1
  10
-43.508682
  20
1511.891357
  0
VERTEX
  8
1
  10
-34.326172
  20
1509.947510
  0
VERTEX
  8
1
  10
-24.613388
  20
1511.133545
  0
VERTEX
  8
1
  10
-9.825638
  20
1516.346802
  0
VERTEX
  8
1
  10
6.288788
  20
1527.809937
  0
VERTEX
  8
1
  10
19.605713
  20
1542.764526
  0
VERTEX
  8
1
  10
25.007294
  20
1550.732788
  0
VERTEX
  8
1
  10
29.791321
  20
1559.060059
  0
VERTEX
  8
1
  10
37.366302
  20
1576.511475
  0
VERTEX
  8
1
  10
40.164001
  20
1584.825317
  0
VERTEX
  8
1
  10
41.006836
  20
1587.810791
  0
VERTEX
  8
1
  10
41.378174
  20
1589.317871
  0
VERTEX
  8
1
  10
41.745911
  20
1590.826050
  0
VERTEX
  8
1
  10
42.046539
  20
1592.349976
  0
VERTEX
  8
1
  10
42.347626
  20
1593.876343
  0
VERTEX
  8
1
  10
45.215088
  20
1592.783691
  0
VERTEX
  8
1
  10
48.086060
  20
1591.701294
  0
VERTEX
  8
1
  10
47.855042
  20
1590.450073
  0
VERTEX
  8
1
  10
47.624023
  20
1589.198975
  0
VERTEX
  8
1
  10
47.312653
  20
1587.966675
  0
VERTEX
  8
1
  10
47.001282
  20
1586.734375
  0
VERTEX
  8
1
  10
45.250793
  20
1580.622314
  0
VERTEX
  8
1
  10
42.295288
  20
1572.240112
  0
VERTEX
  8
1
  10
38.950714
  20
1564.016357
  0
VERTEX
  8
1
  10
35.129272
  20
1556.020020
  0
VERTEX
  8
1
  10
27.209961
  20
1542.826416
  0
VERTEX
  8
1
  10
17.828644
  20
1530.709473
  0
VERTEX
  8
1
  10
6.916138
  20
1520.064697
  0
VERTEX
  8
1
  10
-5.559723
  20
1511.475952
  0
VERTEX
  8
1
  10
-19.486816
  20
1505.798096
  0
SEQEND
  0
POINT
  8
2
  10
-34.306503
  20
1503.546387
  0
POINT
  8
2
  10
-106.345154
  20
1596.668335
  0
POINT
  8
2
  10
-100.234528
  20
1596.687988
  0
POINT
  8
2
  10
-34.326172
  20
1509.947510
  0
POINT
  8
2
  10
42.347626
  20
1593.876343
  0
POINT
  8
2
  10
48.086060
  20
1591.701294
  0
POINT
  8
3
  10
-40.937241
  20
1504.778564
  0
POINT
  8
3
  10
-47.448700
  20
1506.553345
  0
POINT
  8
3
  10
-55.116394
  20
1509.867920
  0
POINT
  8
3
  10
-62.311966
  20
1514.176880
  0
POINT
  8
3
  10
-69.004303
  20
1519.282959
  0
POINT
  8
3
  10
-75.102371
  20
1525.134277
  0
POINT
  8
3
  10
-80.536041
  20
1531.652832
  0
POINT
  8
3
  10
-85.495529
  20
1538.567627
  0
POINT
  8
3
  10
-89.991272
  20
1545.813721
  0
POINT
  8
3
  10
-93.913010
  20
1553.409424
  0
POINT
  8
3
  10
-97.357956
  20
1561.250977
  0
POINT
  8
3
  10
-100.361374
  20
1569.284424
  0
POINT
  8
3
  10
-102.807663
  20
1577.517944
  0
POINT
  8
3
  10
-104.762482
  20
1585.891846
  0
POINT
  8
3
  10
-106.128082
  20
1594.387817
  0
POINT
  8
3
  10
-100.108292
  20
1595.369263
  0
POINT
  8
3
  10
-99.982056
  20
1594.050415
  0
POINT
  8
3
  10
-99.784698
  20
1592.740967
  0
POINT
  8
3
  10
-99.587326
  20
1591.431519
  0
POINT
  8
3
  10
-99.133011
  20
1588.823608
  0
POINT
  8
3
  10
-97.105469
  20
1579.802612
  0
POINT
  8
3
  10
-94.517029
  20
1571.053833
  0
POINT
  8
3
  10
-91.255859
  20
1562.489990
  0
POINT
  8
3
  10
-83.062302
  20
1546.134033
  0
POINT
  8
3
  10
-77.722107
  20
1538.201660
  0
POINT
  8
3
  10
-71.783234
  20
1530.674438
  0
POINT
  8
3
  10
-57.060989
  20
1518.190308
  0
POINT
  8
3
  10
-43.508682
  20
1511.891357
  0
POINT
  8
3
  10
-24.613388
  20
1511.133545
  0
POINT
  8
3
  10
-9.825638
  20
1516.346802
  0
POINT
  8
3
  10
6.288788
  20
1527.809937
  0
POINT
  8
3
  10
19.605713
  20
1542.764526
  0
POINT
  8
3
  10
25.007294
  20
1550.732788
  0
POINT
  8
3
  10
29.791321
  20
1559.060059
  0
POINT
  8
3
  10
37.366302
  20
1576.511475
  0
POINT
  8
3
  10
40.164001
  20
1584.825317
  0
POINT
  8
3
  10
41.006836
  20
1587.810791
  0
POINT
  8
3
  10
41.378174
  20
1589.317871
  0
POINT
  8
3
  10
41.745911
  20
1590.826050
  0
POINT
  8
3
  10
42.046539
  20
1592.349976
  0
POINT
  8
3
  10
45.215088
  20
1592.783691
  0
POINT
  8
3
  10
47.855042
  20
1590.450073
  0
POINT
  8
3
  10
47.624023
  20
1589.198975
  0
POINT
  8
3
  10
47.312653
  20
1587.966675
  0
POINT
  8
3
  10
47.001282
  20
1586.734375
  0
POINT
  8
3
  10
45.250793
  20
1580.622314
  0
POINT
  8
3
  10
42.295288
  20
1572.240112
  0
POINT
  8
3
  10
38.950714
  20
1564.016357
  0
POINT
  8
3
  10
35.129272
  20
1556.020020
  0
POINT
  8
3
  10
27.209961
  20
1542.826416
  0
POINT
  8
3
  10
17.828644
  20
1530.709473
  0
POINT
  8
3
  10
6.916138
  20
1520.064697
  0
POINT
  8
3
  10
-5.559723
  20
1511.475952
  0
POINT
  8
3
  10
-19.486816
  20
1505.798096
  0
POLYLINE
  8
84
  66
1
  70
1
  250
2
  0
VERTEX
  8
84
  10
-34.306503
  20
1503.546387
  0
VERTEX
  8
84
  10
-40.937241
  20
1504.778564
  0
VERTEX
  8
84
  10
-47.448700
  20
1506.553345
  0
VERTEX
  8
84
  10
-55.116394
  20
1509.867920
  0
VERTEX
  8
84
  10
-62.311966
  20
1514.176880
  0
VERTEX
  8
84
  10
-69.004303
  20
1519.282959
  0
VERTEX
  8
84
  10
-75.102371
  20
1525.134277
  0
VERTEX
  8
84
  10
-80.536041
  20
1531.652832
  0
VERTEX
  8
84
  10
-85.495529
  20
1538.567627
  0
VERTEX
  8
84
  10
-89.991272
  20
1545.813721
  0
VERTEX
  8
84
  10
-93.913010
  20
1553.409424
  0
VERTEX
  8
84
  10
-97.357956
  20
1561.250977
  0
VERTEX
  8
84
  10
-100.361374
  20
1569.284424
  0
VERTEX
  8
84
  10
-102.807663
  20
1577.517944
  0
VERTEX
  8
84
  10
-104.762482
  20
1585.891846
  0
VERTEX
  8
84
  10
-106.128082
  20
1594.387817
  0
VERTEX
  8
84
  10
-106.345154
  20
1596.668335
  0
VERTEX
  8
84
  10
-100.234528
  20
1596.687988
  0
VERTEX
  8
84
  10
-100.108292
  20
1595.369263
  0
VERTEX
  8
84
  10
-99.982056
  20
1594.050415
  0
VERTEX
  8
84
  10
-99.784698
  20
1592.740967
  0
VERTEX
  8
84
  10
-99.587326
  20
1591.431519
  0
VERTEX
  8
84
  10
-99.133011
  20
1588.823608
  0
VERTEX
  8
84
  10
-97.105469
  20
1579.802612
  0
VERTEX
  8
84
  10
-94.517029
  20
1571.053833
  0
VERTEX
  8
84
  10
-91.255859
  20
1562.489990
  0
VERTEX
  8
84
  10
-83.062302
  20
1546.134033
  0
VERTEX
  8
84
  10
-77.722107
  20
1538.201660
  0
VERTEX
  8
84
  10
-71.783234
  20
1530.674438
  0
VERTEX
  8
84
  10
-57.060989
  20
1518.190308
  0
VERTEX
  8
84
  10
-43.508682
  20
1511.891357
  0
VERTEX
  8
84
  10
-34.326172
  20
1509.947510
  0
VERTEX
  8
84
  10
-24.613388
  20
1511.133545
  0
VERTEX
  8
84
  10
-9.825638
  20
1516.346802
  0
VERTEX
  8
84
  10
6.288788
  20
1527.809937
  0
VERTEX
  8
84
  10
19.605713
  20
1542.764526
  0
VERTEX
  8
84
  10
25.007294
  20
1550.732788
  0
VERTEX
  8
84
  10
29.791321
  20
1559.060059
  0
VERTEX
  8
84
  10
37.366302
  20
1576.511475
  0
VERTEX
  8
84
  10
40.164001
  20
1584.825317
  0
VERTEX
  8
84
  10
41.006836
  20
1587.810791
  0
VERTEX
  8
84
  10
41.378174
  20
1589.317871
  0
VERTEX
  8
84
  10
41.745911
  20
1590.826050
  0
VERTEX
  8
84
  10
42.046539
  20
1592.349976
  0
VERTEX
  8
84
  10
42.347626
  20
1593.876343
  0
VERTEX
  8
84
  10
45.215088
  20
1592.783691
  0
VERTEX
  8
84
  10
48.086060
  20
1591.701294
  0
VERTEX
  8
84
  10
47.855042
  20
1590.450073
  0
VERTEX
  8
84
  10
47.624023
  20
1589.198975
  0
VERTEX
  8
84
  10
47.312653
  20
1587.966675
  0
VERTEX
  8
84
  10
47.001282
  20
1586.734375
  0
VERTEX
  8
84
  10
45.250793
  20
1580.622314
  0
VERTEX
  8
84
  10
42.295288
  20
1572.240112
  0
VERTEX
  8
84
  10
38.950714
  20
1564.016357
  0
VERTEX
  8
84
  10
35.129272
  20
1556.020020
  0
VERTEX
  8
84
  10
27.209961
  20
1542.826416
  0
VERTEX
  8
84
  10
17.828644
  20
1530.709473
  0
VERTEX
  8
84
  10
6.916138
  20
1520.064697
  0
VERTEX
  8
84
  10
-5.559723
  20
1511.475952
  0
VERTEX
  8
84
  10
-19.486816
  20
1505.798096
  0
SEQEND
  0
POINT
  8
2
  10
-34.306503
  20
1503.546387
  0
POINT
  8
2
  10
-106.345154
  20
1596.668335
  0
POINT
  8
2
  10
-100.234528
  20
1596.687988
  0
POINT
  8
2
  10
-34.326172
  20
1509.947510
  0
POINT
  8
2
  10
42.347626
  20
1593.876343
  0
POINT
  8
2
  10
48.086060
  20
1591.701294
  0
POINT
  8
3
  10
-40.937241
  20
1504.778564
  0
POINT
  8
3
  10
-47.448700
  20
1506.553345
  0
POINT
  8
3
  10
-55.116394
  20
1509.867920
  0
POINT
  8
3
  10
-62.311966
  20
1514.176880
  0
POINT
  8
3
  10
-69.004303
  20
1519.282959
  0
POINT
  8
3
  10
-75.102371
  20
1525.134277
  0
POINT
  8
3
  10
-80.536041
  20
1531.652832
  0
POINT
  8
3
  10
-85.495529
  20
1538.567627
  0
POINT
  8
3
  10
-89.991272
  20
1545.813721
  0
POINT
  8
3
  10
-93.913010
  20
1553.409424
  0
POINT
  8
3
  10
-97.357956
  20
1561.250977
  0
POINT
  8
3
  10
-100.361374
  20
1569.284424
  0
POINT
  8
3
  10
-102.807663
  20
1577.517944
  0
POINT
  8
3
  10
-104.762482
  20
1585.891846
  0
POINT
  8
3
  10
-106.128082
  20
1594.387817
  0
POINT
  8
3
  10
-100.108292
  20
1595.369263
  0
POINT
  8
3
  10
-99.982056
  20
1594.050415
  0
POINT
  8
3
  10
-99.784698
  20
1592.740967
  0
POINT
  8
3
  10
-99.587326
  20
1591.431519
  0
POINT
  8
3
  10
-99.133011
  20
1588.823608
  0
POINT
  8
3
  10
-97.105469
  20
1579.802612
  0
POINT
  8
3
  10
-94.517029
  20
1571.053833
  0
POINT
  8
3
  10
-91.255859
  20
1562.489990
  0
POINT
  8
3
  10
-83.062302
  20
1546.134033
  0
POINT
  8
3
  10
-77.722107
  20
1538.201660
  0
POINT
  8
3
  10
-71.783234
  20
1530.674438
  0
POINT
  8
3
  10
-57.060989
  20
1518.190308
  0
POINT
  8
3
  10
-43.508682
  20
1511.891357
  0
POINT
  8
3
  10
-24.613388
  20
1511.133545
  0
POINT
  8
3
  10
-9.825638
  20
1516.346802
  0
POINT
  8
3
  10
6.288788
  20
1527.809937
  0
POINT
  8
3
  10
19.605713
  20
1542.764526
  0
POINT
  8
3
  10
25.007294
  20
1550.732788
  0
POINT
  8
3
  10
29.791321
  20
1559.060059
  0
POINT
  8
3
  10
37.366302
  20
1576.511475
  0
POINT
  8
3
  10
40.164001
  20
1584.825317
  0
POINT
  8
3
  10
41.006836
  20
1587.810791
  0
POINT
  8
3
  10
41.378174
  20
1589.317871
  0
POINT
  8
3
  10
41.745911
  20
1590.826050
  0
POINT
  8
3
  10
42.046539
  20
1592.349976
  0
POINT
  8
3
  10
45.215088
  20
1592.783691
  0
POINT
  8
3
  10
47.855042
  20
1590.450073
  0
POINT
  8
3
  10
47.624023
  20
1589.198975
  0
POINT
  8
3
  10
47.312653
  20
1587.966675
  0
POINT
  8
3
  10
47.001282
  20
1586.734375
  0
POINT
  8
3
  10
45.250793
  20
1580.622314
  0
POINT
  8
3
  10
42.295288
  20
1572.240112
  0
POINT
  8
3
  10
38.950714
  20
1564.016357
  0
POINT
  8
3
  10
35.129272
  20
1556.020020
  0
POINT
  8
3
  10
27.209961
  20
1542.826416
  0
POINT
  8
3
  10
17.828644
  20
1530.709473
  0
POINT
  8
3
  10
6.916138
  20
1520.064697
  0
POINT
  8
3
  10
-5.559723
  20
1511.475952
  0
POINT
  8
3
  10
-19.486816
  20
1505.798096
  0
LINE
  8
7
  10
18.249794
  20
1473.597900
  11
-76.508888
  21
1626.636475
  0
POLYLINE
  8
8
  66
1
  70
0
  250
0
  0
VERTEX
  8
8
  10
-59.332718
  20
1512.271606
  0
VERTEX
  8
8
  10
-34.326187
  20
1509.947510
  0
SEQEND
  0
POINT
  8
2
  10
-59.332718
  20
1512.271606
  0
POINT
  8
2
  10
-34.326187
  20
1509.947510
  0
POLYLINE
  8
85
  66
1
  70
0
  250
1
  0
VERTEX
  8
85
  10
-59.332718
  20
1512.271606
  0
VERTEX
  8
85
  10
-34.326187
  20
1509.947510
  0
SEQEND
  0
POINT
  8
2
  10
-59.332718
  20
1512.271606
  0
POINT
  8
2
  10
-34.326187
  20
1509.947510
  0
POLYLINE
  8
8
  66
1
  70
0
  250
0
  0
VERTEX
  8
8
  10
-34.326187
  20
1509.947510
  0
VERTEX
  8
8
  10
-34.306503
  20
1503.546509
  0
SEQEND
  0
POINT
  8
2
  10
-34.326187
  20
1509.947510
  0
POINT
  8
2
  10
-34.306503
  20
1503.546509
  0
POLYLINE
  8
85
  66
1
  70
0
  250
1
  0
VERTEX
  8
85
  10
-34.326187
  20
1509.947510
  0
VERTEX
  8
85
  10
-34.306503
  20
1503.546509
  0
SEQEND
  0
POINT
  8
2
  10
-34.326187
  20
1509.947510
  0
POINT
  8
2
  10
-34.306503
  20
1503.546509
  0
POLYLINE
  8
8
  66
1
  70
0
  250
0
  0
VERTEX
  8
8
  10
-29.679062
  20
1510.365845
  0
VERTEX
  8
8
  10
-34.326019
  20
1509.909668
  0
SEQEND
  0
POINT
  8
2
  10
-29.679062
  20
1510.365845
  0
POINT
  8
2
  10
-34.326019
  20
1509.909668
  0
POLYLINE
  8
85
  66
1
  70
0
  250
1
  0
VERTEX
  8
85
  10
-29.679062
  20
1510.365845
  0
VERTEX
  8
85
  10
-34.326019
  20
1509.909668
  0
SEQEND
  0
POINT
  8
2
  10
-29.679062
  20
1510.365845
  0
POINT
  8
2
  10
-34.326019
  20
1509.909668
  0
POLYLINE
  8
8
  66
1
  70
0
  250
0
  0
VERTEX
  8
8
  10
-3.019699
  20
1512.983398
  0
VERTEX
  8
8
  10
-29.306625
  20
1510.402466
  0
SEQEND
  0
POINT
  8
2
  10
-3.019699
  20
1512.983398
  0
POINT
  8
2
  10
-29.306625
  20
1510.402466
  0
POLYLINE
  8
85
  66
1
  70
0
  250
1
  0
VERTEX
  8
85
  10
-3.019699
  20
1512.983398
  0
VERTEX
  8
85
  10
-29.306625
  20
1510.402466
  0
SEQEND
  0
POINT
  8
2
  10
-3.019699
  20
1512.983398
  0
POINT
  8
2
  10
-29.306625
  20
1510.402466
  0
POLYLINE
  8
8
  66
1
  70
0
  250
0
  0
VERTEX
  8
8
  10
-34.306427
  20
1503.546021
  0
VERTEX
  8
8
  10
-34.326157
  20
1509.947754
  0
SEQEND
  0
POINT
  8
2
  10
-34.306427
  20
1503.546021
  0
POINT
  8
2
  10
-34.326157
  20
1509.947754
  0
POLYLINE
  8
85
  66
1
  70
0
  250
1
  0
VERTEX
  8
85
  10
-34.306427
  20
1503.546021
  0
VERTEX
  8
85
  10
-34.326157
  20
1509.947754
  0
SEQEND
  0
POINT
  8
2
  10
-34.306427
  20
1503.546021
  0
POINT
  8
2
  10
-34.326157
  20
1509.947754
  0
ENDBLK
  0
BLOCK
  8
0
  2
Pattern2D_1546990_M
  70
64
  10
0
  20
0
  0
TEXT
  8
1
  10
-514.506287
  20
1550.116943
  50
0.000000
  51
0.000000
  71
0.000000
  1
PIECE NAME: Pattern2D_1546990
  7
STANDARD
  0
TEXT
  8
1
  10
-514.506287
  20
1545.116943
  50
0.000000
  51
0.000000
  71
0.000000
  1
SIZE: M
  7
STANDARD
  0
TEXT
  8
1
  10
-514.506287
  20
1535.116943
  50
0.000000
  51
0.000000
  71
0.000000
  1
QUANTITY: 1
  7
STANDARD
  0
TEXT
  8
1
  10
-514.506287
  20
1535.116943
  40
0.250000
  50
0.000000
  1
ROTATION: 0
  7
STANDARD
  0
POLYLINE
  8
1
  66
1
  70
1
  250
2
  0
VERTEX
  8
1
  10
-509.329346
  20
1503.546387
  0
VERTEX
  8
1
  10
-502.698608
  20
1504.778564
  0
VERTEX
  8
1
  10
-496.187134
  20
1506.553345
  0
VERTEX
  8
1
  10
-488.519440
  20
1509.867920
  0
VERTEX
  8
1
  10
-481.323853
  20
1514.176880
  0
VERTEX
  8
1
  10
-474.631531
  20
1519.282959
  0
VERTEX
  8
1
  10
-468.533447
  20
1525.134277
  0
VERTEX
  8
1
  10
-463.099792
  20
1531.652832
  0
VERTEX
  8
1
  10
-458.140320
  20
1538.567627
  0
VERTEX
  8
1
  10
-453.644562
  20
1545.813721
  0
VERTEX
  8
1
  10
-449.722839
  20
1553.409424
  0
VERTEX
  8
1
  10
-446.277893
  20
1561.250977
  0
VERTEX
  8
1
  10
-443.274475
  20
1569.284424
  0
VERTEX
  8
1
  10
-440.828186
  20
1577.517944
  0
VERTEX
  8
1
  10
-438.873352
  20
1585.891846
  0
VERTEX
  8
1
  10
-437.507751
  20
1594.387817
  0
VERTEX
  8
1
  10
-437.290680
  20
1596.668335
  0
VERTEX
  8
1
  10
-443.401306
  20
1596.687988
  0
VERTEX
  8
1
  10
-443.527527
  20
1595.369263
  0
VERTEX
  8
1
  10
-443.653778
  20
1594.050415
  0
VERTEX
  8
1
  10
-443.851135
  20
1592.740967
  0
VERTEX
  8
1
  10
-444.048523
  20
1591.431519
  0
VERTEX
  8
1
  10
-444.502808
  20
1588.823608
  0
VERTEX
  8
1
  10
-446.530365
  20
1579.802612
  0
VERTEX
  8
1
  10
-449.118805
  20
1571.053833
  0
VERTEX
  8
1
  10
-452.379974
  20
1562.489990
  0
VERTEX
  8
1
  10
-460.573547
  20
1546.134033
  0
VERTEX
  8
1
  10
-465.913727
  20
1538.201660
  0
VERTEX
  8
1
  10
-471.852600
  20
1530.674438
  0
VERTEX
  8
1
  10
-486.574829
  20
1518.190308
  0
VERTEX
  8
1
  10
-500.127136
  20
1511.891357
  0
VERTEX
  8
1
  10
-509.309662
  20
1509.947510
  0
VERTEX
  8
1
  10
-519.022461
  20
1511.133545
  0
VERTEX
  8
1
  10
-533.810181
  20
1516.346802
  0
VERTEX
  8
1
  10
-549.924622
  20
1527.809937
  0
VERTEX
  8
1
  10
-563.241577
  20
1542.764526
  0
VERTEX
  8
1
  10
-568.643127
  20
1550.732788
  0
VERTEX
  8
1
  10
-573.427124
  20
1559.060059
  0
VERTEX
  8
1
  10
-581.002136
  20
1576.511475
  0
VERTEX
  8
1
  10
-583.799805
  20
1584.825317
  0
VERTEX
  8
1
  10
-584.642700
  20
1587.810791
  0
VERTEX
  8
1
  10
-585.014038
  20
1589.317871
  0
VERTEX
  8
1
  10
-585.381714
  20
1590.826050
  0
VERTEX
  8
1
  10
-585.682373
  20
1592.349976
  0
VERTEX
  8
1
  10
-585.983459
  20
1593.876343
  0
VERTEX
  8
1
  10
-588.850952
  20
1592.783691
  0
VERTEX
  8
1
  10
-591.721924
  20
1591.701294
  0
VERTEX
  8
1
  10
-591.490845
  20
1590.450073
  0
VERTEX
  8
1
  10
-591.259888
  20
1589.198975
  0
VERTEX
  8
1
  10
-590.948486
  20
1587.966675
  0
VERTEX
  8
1
  10
-590.637085
  20
1586.734375
  0
VERTEX
  8
1
  10
-588.886597
  20
1580.622314
  0
VERTEX
  8
1
  10
-585.931152
  20
1572.240112
  0
VERTEX
  8
1
  10
-582.586548
  20
1564.016357
  0
VERTEX
  8
1
  10
-578.765137
  20
1556.020020
  0
VERTEX
  8
1
  10
-570.845825
  20
1542.826416
  0
VERTEX
  8
1
  10
-561.464478
  20
1530.709473
  0
VERTEX
  8
1
  10
-550.552002
  20
1520.064697
  0
VERTEX
  8
1
  10
-538.076111
  20
1511.475952
  0
VERTEX
  8
1
  10
-524.149048
  20
1505.798096
  0
SEQEND
  0
POINT
  8
2
  10
-509.329346
  20
1503.546387
  0
POINT
  8
2
  10
-437.290680
  20
1596.668335
  0
POINT
  8
2
  10
-443.401306
  20
1596.687988
  0
POINT
  8
2
  10
-509.309662
  20
1509.947510
  0
POINT
  8
2
  10
-585.983459
  20
1593.876343
  0
POINT
  8
2
  10
-591.721924
  20
1591.701294
  0
POINT
  8
3
  10
-502.698608
  20
1504.778564
  0
POINT
  8
3
  10
-496.187134
  20
1506.553345
  0
POINT
  8
3
  10
-488.519440
  20
1509.867920
  0
POINT
  8
3
  10
-481.323853
  20
1514.176880
  0
POINT
  8
3
  10
-474.631531
  20
1519.282959
  0
POINT
  8
3
  10
-468.533447
  20
1525.134277
  0
POINT
  8
3
  10
-463.099792
  20
1531.652832
  0
POINT
  8
3
  10
-458.140320
  20
1538.567627
  0
POINT
  8
3
  10
-453.644562
  20
1545.813721
  0
POINT
  8
3
  10
-449.722839
  20
1553.409424
  0
POINT
  8
3
  10
-446.277893
  20
1561.250977
  0
POINT
  8
3
  10
-443.274475
  20
1569.284424
  0
POINT
  8
3
  10
-440.828186
  20
1577.517944
  0
POINT
  8
3
  10
-438.873352
  20
1585.891846
  0
POINT
  8
3
  10
-437.507751
  20
1594.387817
  0
POINT
  8
3
  10
-443.527527
  20
1595.369263
  0
POINT
  8
3
  10
-443.653778
  20
1594.050415
  0
POINT
  8
3
  10
-443.851135
  20
1592.740967
  0
POINT
  8
3
  10
-444.048523
  20
1591.431519
  0
POINT
  8
3
  10
-444.502808
  20
1588.823608
  0
POINT
  8
3
  10
-446.530365
  20
1579.802612
  0
POINT
  8
3
  10
-449.118805
  20
1571.053833
  0
POINT
  8
3
  10
-452.379974
  20
1562.489990
  0
POINT
  8
3
  10
-460.573547
  20
1546.134033
  0
POINT
  8
3
  10
-465.913727
  20
1538.201660
  0
POINT
  8
3
  10
-471.852600
  20
1530.674438
  0
POINT
  8
3
  10
-486.574829
  20
1518.190308
  0
POINT
  8
3
  10
-500.127136
  20
1511.891357
  0
POINT
  8
3
  10
-519.022461
  20
1511.133545
  0
POINT
  8
3
  10
-533.810181
  20
1516.346802
  0
POINT
  8
3
  10
-549.924622
  20
1527.809937
  0
POINT
  8
3
  10
-563.241577
  20
1542.764526
  0
POINT
  8
3
  10
-568.643127
  20
1550.732788
  0
POINT
  8
3
  10
-573.427124
  20
1559.060059
  0
POINT
  8
3
  10
-581.002136
  20
1576.511475
  0
POINT
  8
3
  10
-583.799805
  20
1584.825317
  0
POINT
  8
3
  10
-584.642700
  20
1587.810791
  0
POINT
  8
3
  10
-585.014038
  20
1589.317871
  0
POINT
  8
3
  10
-585.381714
  20
1590.826050
  0
POINT
  8
3
  10
-585.682373
  20
1592.349976
  0
POINT
  8
3
  10
-588.850952
  20
1592.783691
  0
POINT
  8
3
  10
-591.490845
  20
1590.450073
  0
POINT
  8
3
  10
-591.259888
  20
1589.198975
  0
POINT
  8
3
  10
-590.948486
  20
1587.966675
  0
POINT
  8
3
  10
-590.637085
  20
1586.734375
  0
POINT
  8
3
  10
-588.886597
  20
1580.622314
  0
POINT
  8
3
  10
-585.931152
  20
1572.240112
  0
POINT
  8
3
  10
-582.586548
  20
1564.016357
  0
POINT
  8
3
  10
-578.765137
  20
1556.020020
  0
POINT
  8
3
  10
-570.845825
  20
1542.826416
  0
POINT
  8
3
  10
-561.464478
  20
1530.709473
  0
POINT
  8
3
  10
-550.552002
  20
1520.064697
  0
POINT
  8
3
  10
-538.076111
  20
1511.475952
  0
POINT
  8
3
  10
-524.149048
  20
1505.798096
  0
POLYLINE
  8
84
  66
1
  70
1
  250
2
  0
VERTEX
  8
84
  10
-509.329346
  20
1503.546387
  0
VERTEX
  8
84
  10
-502.698608
  20
1504.778564
  0
VERTEX
  8
84
  10
-496.187134
  20
1506.553345
  0
VERTEX
  8
84
  10
-488.519440
  20
1509.867920
  0
VERTEX
  8
84
  10
-481.323853
  20
1514.176880
  0
VERTEX
  8
84
  10
-474.631531
  20
1519.282959
  0
VERTEX
  8
84
  10
-468.533447
  20
1525.134277
  0
VERTEX
  8
84
  10
-463.099792
  20
1531.652832
  0
VERTEX
  8
84
  10
-458.140320
  20
1538.567627
  0
VERTEX
  8
84
  10
-453.644562
  20
1545.813721
  0
VERTEX
  8
84
  10
-449.722839
  20
1553.409424
  0
VERTEX
  8
84
  10
-446.277893
  20
1561.250977
  0
VERTEX
  8
84
  10
-443.274475
  20
1569.284424
  0
VERTEX
  8
84
  10
-440.828186
  20
1577.517944
  0
VERTEX
  8
84
  10
-438.873352
  20
1585.891846
  0
VERTEX
  8
84
  10
-437.507751
  20
1594.387817
  0
VERTEX
  8
84
  10
-437.290680
  20
1596.668335
  0
VERTEX
  8
84
  10
-443.401306
  20
1596.687988
  0
VERTEX
  8
84
  10
-443.527527
  20
1595.369263
  0
VERTEX
  8
84
  10
-443.653778
  20
1594.050415
  0
VERTEX
  8
84
  10
-443.851135
  20
1592.740967
  0
VERTEX
  8
84
  10
-444.048523
  20
1591.431519
  0
VERTEX
  8
84
  10
-444.502808
  20
1588.823608
  0
VERTEX
  8
84
  10
-446.530365
  20
1579.802612
  0
VERTEX
  8
84
  10
-449.118805
  20
1571.053833
  0
VERTEX
  8
84
  10
-452.379974
  20
1562.489990
  0
VERTEX
  8
84
  10
-460.573547
  20
1546.134033
  0
VERTEX
  8
84
  10
-465.913727
  20
1538.201660
  0
VERTEX
  8
84
  10
-471.852600
  20
1530.674438
  0
VERTEX
  8
84
  10
-486.574829
  20
1518.190308
  0
VERTEX
  8
84
  10
-500.127136
  20
1511.891357
  0
VERTEX
  8
84
  10
-509.309662
  20
1509.947510
  0
VERTEX
  8
84
  10
-519.022461
  20
1511.133545
  0
VERTEX
  8
84
  10
-533.810181
  20
1516.346802
  0
VERTEX
  8
84
  10
-549.924622
  20
1527.809937
  0
VERTEX
  8
84
  10
-563.241577
  20
1542.764526
  0
VERTEX
  8
84
  10
-568.643127
  20
1550.732788
  0
VERTEX
  8
84
  10
-573.427124
  20
1559.060059
  0
VERTEX
  8
84
  10
-581.002136
  20
1576.511475
  0
VERTEX
  8
84
  10
-583.799805
  20
1584.825317
  0
VERTEX
  8
84
  10
-584.642700
  20
1587.810791
  0
VERTEX
  8
84
  10
-585.014038
  20
1589.317871
  0
VERTEX
  8
84
  10
-585.381714
  20
1590.826050
  0
VERTEX
  8
84
  10
-585.682373
  20
1592.349976
  0
VERTEX
  8
84
  10
-585.983459
  20
1593.876343
  0
VERTEX
  8
84
  10
-588.850952
  20
1592.783691
  0
VERTEX
  8
84
  10
-591.721924
  20
1591.701294
  0
VERTEX
  8
84
  10
-591.490845
  20
1590.450073
  0
VERTEX
  8
84
  10
-591.259888
  20
1589.198975
  0
VERTEX
  8
84
  10
-590.948486
  20
1587.966675
  0
VERTEX
  8
84
  10
-590.637085
  20
1586.734375
  0
VERTEX
  8
84
  10
-588.886597
  20
1580.622314
  0
VERTEX
  8
84
  10
-585.931152
  20
1572.240112
  0
VERTEX
  8
84
  10
-582.586548
  20
1564.016357
  0
VERTEX
  8
84
  10
-578.765137
  20
1556.020020
  0
VERTEX
  8
84
  10
-570.845825
  20
1542.826416
  0
VERTEX
  8
84
  10
-561.464478
  20
1530.709473
  0
VERTEX
  8
84
  10
-550.552002
  20
1520.064697
  0
VERTEX
  8
84
  10
-538.076111
  20
1511.475952
  0
VERTEX
  8
84
  10
-524.149048
  20
1505.798096
  0
SEQEND
  0
POINT
  8
2
  10
-509.329346
  20
1503.546387
  0
POINT
  8
2
  10
-437.290680
  20
1596.668335
  0
POINT
  8
2
  10
-443.401306
  20
1596.687988
  0
POINT
  8
2
  10
-509.309662
  20
1509.947510
  0
POINT
  8
2
  10
-585.983459
  20
1593.876343
  0
POINT
  8
2
  10
-591.721924
  20
1591.701294
  0
POINT
  8
3
  10
-502.698608
  20
1504.778564
  0
POINT
  8
3
  10
-496.187134
  20
1506.553345
  0
POINT
  8
3
  10
-488.519440
  20
1509.867920
  0
POINT
  8
3
  10
-481.323853
  20
1514.176880
  0
POINT
  8
3
  10
-474.631531
  20
1519.282959
  0
POINT
  8
3
  10
-468.533447
  20
1525.134277
  0
POINT
  8
3
  10
-463.099792
  20
1531.652832
  0
POINT
  8
3
  10
-458.140320
  20
1538.567627
  0
POINT
  8
3
  10
-453.644562
  20
1545.813721
  0
POINT
  8
3
  10
-449.722839
  20
1553.409424
  0
POINT
  8
3
  10
-446.277893
  20
1561.250977
  0
POINT
  8
3
  10
-443.274475
  20
1569.284424
  0
POINT
  8
3
  10
-440.828186
  20
1577.517944
  0
POINT
  8
3
  10
-438.873352
  20
1585.891846
  0
POINT
  8
3
  10
-437.507751
  20
1594.387817
  0
POINT
  8
3
  10
-443.527527
  20
1595.369263
  0
POINT
  8
3
  10
-443.653778
  20
1594.050415
  0
POINT
  8
3
  10
-443.851135
  20
1592.740967
  0
POINT
  8
3
  10
-444.048523
  20
1591.431519
  0
POINT
  8
3
  10
-444.502808
  20
1588.823608
  0
POINT
  8
3
  10
-446.530365
  20
1579.802612
  0
POINT
  8
3
  10
-449.118805
  20
1571.053833
  0
POINT
  8
3
  10
-452.379974
  20
1562.489990
  0
POINT
  8
3
  10
-460.573547
  20
1546.134033
  0
POINT
  8
3
  10
-465.913727
  20
1538.201660
  0
POINT
  8
3
  10
-471.852600
  20
1530.674438
  0
POINT
  8
3
  10
-486.574829
  20
1518.190308
  0
POINT
  8
3
  10
-500.127136
  20
1511.891357
  0
POINT
  8
3
  10
-519.022461
  20
1511.133545
  0
POINT
  8
3
  10
-533.810181
  20
1516.346802
  0
POINT
  8
3
  10
-549.924622
  20
1527.809937
  0
POINT
  8
3
  10
-563.241577
  20
1542.764526
  0
POINT
  8
3
  10
-568.643127
  20
1550.732788
  0
POINT
  8
3
  10
-573.427124
  20
1559.060059
  0
POINT
  8
3
  10
-581.002136
  20
1576.511475
  0
POINT
  8
3
  10
-583.799805
  20
1584.825317
  0
POINT
  8
3
  10
-584.642700
  20
1587.810791
  0
POINT
  8
3
  10
-585.014038
  20
1589.317871
  0
POINT
  8
3
  10
-585.381714
  20
1590.826050
  0
POINT
  8
3
  10
-585.682373
  20
1592.349976
  0
POINT
  8
3
  10
-588.850952
  20
1592.783691
  0
POINT
  8
3
  10
-591.490845
  20
1590.450073
  0
POINT
  8
3
  10
-591.259888
  20
1589.198975
  0
POINT
  8
3
  10
-590.948486
  20
1587.966675
  0
POINT
  8
3
  10
-590.637085
  20
1586.734375
  0
POINT
  8
3
  10
-588.886597
  20
1580.622314
  0
POINT
  8
3
  10
-585.931152
  20
1572.240112
  0
POINT
  8
3
  10
-582.586548
  20
1564.016357
  0
POINT
  8
3
  10
-578.765137
  20
1556.020020
  0
POINT
  8
3
  10
-570.845825
  20
1542.826416
  0
POINT
  8
3
  10
-561.464478
  20
1530.709473
  0
POINT
  8
3
  10
-550.552002
  20
1520.064697
  0
POINT
  8
3
  10
-538.076111
  20
1511.475952
  0
POINT
  8
3
  10
-524.149048
  20
1505.798096
  0
LINE
  8
7
  10
-568.890625
  20
1478.407104
  11
-460.121948
  21
1621.827271
  0
POLYLINE
  8
8
  66
1
  70
0
  250
0
  0
VERTEX
  8
8
  10
-484.303101
  20
1512.271606
  0
VERTEX
  8
8
  10
-509.309631
  20
1509.947510
  0
SEQEND
  0
POINT
  8
2
  10
-484.303101
  20
1512.271606
  0
POINT
  8
2
  10
-509.309631
  20
1509.947510
  0
POLYLINE
  8
85
  66
1
  70
0
  250
1
  0
VERTEX
  8
85
  10
-484.303101
  20
1512.271606
  0
VERTEX
  8
85
  10
-509.309631
  20
1509.947510
  0
SEQEND
  0
POINT
  8
2
  10
-484.303101
  20
1512.271606
  0
POINT
  8
2
  10
-509.309631
  20
1509.947510
  0
POLYLINE
  8
8
  66
1
  70
0
  250
0
  0
VERTEX
  8
8
  10
-509.309631
  20
1509.947510
  0
VERTEX
  8
8
  10
-509.329346
  20
1503.546509
  0
SEQEND
  0
POINT
  8
2
  10
-509.309631
  20
1509.947510
  0
POINT
  8
2
  10
-509.329346
  20
1503.546509
  0
POLYLINE
  8
85
  66
1
  70
0
  250
1
  0
VERTEX
  8
85
  10
-509.309631
  20
1509.947510
  0
VERTEX
  8
85
  10
-509.329346
  20
1503.546509
  0
SEQEND
  0
POINT
  8
2
  10
-509.309631
  20
1509.947510
  0
POINT
  8
2
  10
-509.329346
  20
1503.546509
  0
POLYLINE
  8
8
  66
1
  70
0
  250
0
  0
VERTEX
  8
8
  10
-513.956726
  20
1510.365845
  0
VERTEX
  8
8
  10
-509.309784
  20
1509.909668
  0
SEQEND
  0
POINT
  8
2
  10
-513.956726
  20
1510.365845
  0
POINT
  8
2
  10
-509.309784
  20
1509.909668
  0
POLYLINE
  8
85
  66
1
  70
0
  250
1
  0
VERTEX
  8
85
  10
-513.956726
  20
1510.365845
  0
VERTEX
  8
85
  10
-509.309784
  20
1509.909668
  0
SEQEND
  0
POINT
  8
2
  10
-513.956726
  20
1510.365845
  0
POINT
  8
2
  10
-509.309784
  20
1509.909668
  0
POLYLINE
  8
8
  66
1
  70
0
  250
0
  0
VERTEX
  8
8
  10
-540.616089
  20
1512.983398
  0
VERTEX
  8
8
  10
-514.329163
  20
1510.402466
  0
SEQEND
  0
POINT
  8
2
  10
-540.616089
  20
1512.983398
  0
POINT
  8
2
  10
-514.329163
  20
1510.402466
  0
POLYLINE
  8
85
  66
1
  70
0
  250
1
  0
VERTEX
  8
85
  10
-540.616089
  20
1512.983398
  0
VERTEX
  8
85
  10
-514.329163
  20
1510.402466
  0
SEQEND
  0
POINT
  8
2
  10
-540.616089
  20
1512.983398
  0
POINT
  8
2
  10
-514.329163
  20
1510.402466
  0
POLYLINE
  8
8
  66
1
  70
0
  250
0
  0
VERTEX
  8
8
  10
-509.329376
  20
1503.546021
  0
VERTEX
  8
8
  10
-509.309631
  20
1509.947754
  0
SEQEND
  0
POINT
  8
2
  10
-509.329376
  20
1503.546021
  0
POINT
  8
2
  10
-509.309631
  20
1509.947754
  0
POLYLINE
  8
85
  66
1
  70
0
  250
1
  0
VERTEX
  8
85
  10
-509.329376
  20
1503.546021
  0
VERTEX
  8
85
  10
-509.309631
  20
1509.947754
  0
SEQEND
  0
POINT
  8
2
  10
-509.329376
  20
1503.546021
  0
POINT
  8
2
  10
-509.309631
  20
1509.947754
  0
ENDBLK
  0
BLOCK
  8
0
  2
Pattern2D_1545470_M
  70
64
  10
0
  20
0
  0
TEXT
  8
1
  10
-273.209015
  20
1330.122559
  50
0.000000
  51
0.000000
  71
0.000000
  1
PIECE NAME: Pattern2D_1545470
  7
STANDARD
  0
TEXT
  8
1
  10
-273.209015
  20
1325.122559
  50
0.000000
  51
0.000000
  71
0.000000
  1
SIZE: M
  7
STANDARD
  0
TEXT
  8
1
  10
-273.209015
  20
1315.122559
  50
0.000000
  51
0.000000
  71
0.000000
  1
QUANTITY: 1
  7
STANDARD
  0
TEXT
  8
1
  10
-273.209015
  20
1315.122559
  40
0.250000
  50
0.000000
  1
ROTATION: 0
  7
STANDARD
  0
POLYLINE
  8
1
  66
1
  70
1
  250
2
  0
VERTEX
  8
1
  10
-40.241119
  20
1288.419067
  0
VERTEX
  8
1
  10
-43.443497
  20
1314.613647
  0
VERTEX
  8
1
  10
-50.170441
  20
1390.774902
  0
VERTEX
  8
1
  10
-52.941483
  20
1391.014160
  0
VERTEX
  8
1
  10
-62.383011
  20
1388.805908
  0
VERTEX
  8
1
  10
-71.259415
  20
1384.686646
  0
VERTEX
  8
1
  10
-80.099121
  20
1380.439087
  0
VERTEX
  8
1
  10
-89.577576
  20
1378.359009
  0
VERTEX
  8
1
  10
-99.046600
  20
1380.489624
  0
VERTEX
  8
1
  10
-107.895538
  20
1384.686523
  0
VERTEX
  8
1
  10
-116.780670
  20
1388.776001
  0
VERTEX
  8
1
  10
-126.213242
  20
1391.014038
  0
VERTEX
  8
1
  10
-135.746490
  20
1388.726563
  0
VERTEX
  8
1
  10
-144.757553
  20
1384.686646
  0
VERTEX
  8
1
  10
-153.588211
  20
1380.409424
  0
VERTEX
  8
1
  10
-163.075470
  20
1378.359009
  0
VERTEX
  8
1
  10
-172.535782
  20
1380.518799
  0
VERTEX
  8
1
  10
-181.393188
  20
1384.686768
  0
VERTEX
  8
1
  10
-190.269745
  20
1388.805786
  0
VERTEX
  8
1
  10
-199.711349
  20
1391.013916
  0
VERTEX
  8
1
  10
-209.152863
  20
1388.805786
  0
VERTEX
  8
1
  10
-218.029282
  20
1384.686646
  0
VERTEX
  8
1
  10
-227.075165
  20
1380.468018
  0
VERTEX
  8
1
  10
-231.624207
  20
1378.995972
  0
VERTEX
  8
1
  10
-236.346985
  20
1378.359009
  0
VERTEX
  8
1
  10
-245.845200
  20
1380.468140
  0
VERTEX
  8
1
  10
-254.664917
  20
1384.686646
  0
VERTEX
  8
1
  10
-265.746277
  20
1389.608398
  0
VERTEX
  8
1
  10
-270.269104
  20
1390.780029
  0
VERTEX
  8
1
  10
-273.209015
  20
1391.014038
  0
VERTEX
  8
1
  10
-276.148926
  20
1390.780029
  0
VERTEX
  8
1
  10
-280.671753
  20
1389.608398
  0
VERTEX
  8
1
  10
-291.753113
  20
1384.686646
  0
VERTEX
  8
1
  10
-300.572845
  20
1380.468140
  0
VERTEX
  8
1
  10
-310.071045
  20
1378.359009
  0
VERTEX
  8
1
  10
-314.793823
  20
1378.995972
  0
VERTEX
  8
1
  10
-319.342865
  20
1380.468018
  0
VERTEX
  8
1
  10
-328.388733
  20
1384.686646
  0
VERTEX
  8
1
  10
-337.265167
  20
1388.805786
  0
VERTEX
  8
1
  10
-346.706665
  20
1391.013916
  0
VERTEX
  8
1
  10
-356.148285
  20
1388.805786
  0
VERTEX
  8
1
  10
-365.024841
  20
1384.686768
  0
VERTEX
  8
1
  10
-373.882263
  20
1380.518799
  0
VERTEX
  8
1
  10
-383.342560
  20
1378.359009
  0
VERTEX
  8
1
  10
-392.829834
  20
1380.409424
  0
VERTEX
  8
1
  10
-401.660461
  20
1384.686646
  0
VERTEX
  8
1
  10
-410.671539
  20
1388.726563
  0
VERTEX
  8
1
  10
-420.204773
  20
1391.014038
  0
VERTEX
  8
1
  10
-429.637360
  20
1388.776001
  0
VERTEX
  8
1
  10
-438.522491
  20
1384.686523
  0
VERTEX
  8
1
  10
-447.371429
  20
1380.489624
  0
VERTEX
  8
1
  10
-456.840454
  20
1378.359009
  0
VERTEX
  8
1
  10
-466.318909
  20
1380.439087
  0
VERTEX
  8
1
  10
-475.158630
  20
1384.686646
  0
VERTEX
  8
1
  10
-484.035034
  20
1388.805908
  0
VERTEX
  8
1
  10
-493.476563
  20
1391.014160
  0
VERTEX
  8
1
  10
-496.247620
  20
1390.774902
  0
VERTEX
  8
1
  10
-502.974548
  20
1314.613647
  0
VERTEX
  8
1
  10
-506.176910
  20
1288.419067
  0
VERTEX
  8
1
  10
-493.563080
  20
1286.993164
  0
VERTEX
  8
1
  10
-484.018005
  20
1285.704834
  0
VERTEX
  8
1
  10
-474.239929
  20
1284.261108
  0
VERTEX
  8
1
  10
-461.609802
  20
1282.391479
  0
VERTEX
  8
1
  10
-448.924194
  20
1280.573364
  0
VERTEX
  8
1
  10
-427.115356
  20
1277.697632
  0
VERTEX
  8
1
  10
-405.254639
  20
1275.276855
  0
VERTEX
  8
1
  10
-383.351990
  20
1273.318359
  0
VERTEX
  8
1
  10
-361.417694
  20
1271.763184
  0
VERTEX
  8
1
  10
-339.464447
  20
1270.555542
  0
VERTEX
  8
1
  10
-317.495331
  20
1269.679810
  0
VERTEX
  8
1
  10
-295.515137
  20
1269.230957
  0
VERTEX
  8
1
  10
-273.209015
  20
1269.230957
  0
VERTEX
  8
1
  10
-250.902924
  20
1269.230957
  0
VERTEX
  8
1
  10
-228.921173
  20
1269.679810
  0
VERTEX
  8
1
  10
-206.950546
  20
1270.555664
  0
VERTEX
  8
1
  10
-184.995789
  20
1271.763550
  0
VERTEX
  8
1
  10
-163.059982
  20
1273.318848
  0
VERTEX
  8
1
  10
-141.155823
  20
1275.277588
  0
VERTEX
  8
1
  10
-119.293610
  20
1277.698730
  0
VERTEX
  8
1
  10
-97.483276
  20
1280.574829
  0
VERTEX
  8
1
  10
-84.800430
  20
1282.392700
  0
VERTEX
  8
1
  10
-72.168381
  20
1284.262573
  0
VERTEX
  8
1
  10
-62.400192
  20
1285.704834
  0
VERTEX
  8
1
  10
-52.854980
  20
1286.993164
  0
SEQEND
  0
POINT
  8
2
  10
-40.241119
  20
1288.419067
  0
POINT
  8
2
  10
-43.443497
  20
1314.613647
  0
POINT
  8
2
  10
-50.170441
  20
1390.774902
  0
POINT
  8
2
  10
-496.247620
  20
1390.774902
  0
POINT
  8
2
  10
-502.974548
  20
1314.613647
  0
POINT
  8
2
  10
-506.176910
  20
1288.419067
  0
POINT
  8
3
  10
-52.941483
  20
1391.014160
  0
POINT
  8
3
  10
-62.383011
  20
1388.805908
  0
POINT
  8
3
  10
-71.259415
  20
1384.686646
  0
POINT
  8
3
  10
-80.099121
  20
1380.439087
  0
POINT
  8
3
  10
-89.577576
  20
1378.359009
  0
POINT
  8
3
  10
-99.046600
  20
1380.489624
  0
POINT
  8
3
  10
-107.895538
  20
1384.686523
  0
POINT
  8
3
  10
-116.780670
  20
1388.776001
  0
POINT
  8
3
  10
-126.213242
  20
1391.014038
  0
POINT
  8
3
  10
-135.746490
  20
1388.726563
  0
POINT
  8
3
  10
-144.757553
  20
1384.686646
  0
POINT
  8
3
  10
-153.588211
  20
1380.409424
  0
POINT
  8
3
  10
-163.075470
  20
1378.359009
  0
POINT
  8
3
  10
-172.535782
  20
1380.518799
  0
POINT
  8
3
  10
-181.393188
  20
1384.686768
  0
POINT
  8
3
  10
-190.269745
  20
1388.805786
  0
POINT
  8
3
  10
-199.711349
  20
1391.013916
  0
POINT
  8
3
  10
-209.152863
  20
1388.805786
  0
POINT
  8
3
  10
-218.029282
  20
1384.686646
  0
POINT
  8
3
  10
-227.075165
  20
1380.468018
  0
POINT
  8
3
  10
-231.624207
  20
1378.995972
  0
POINT
  8
3
  10
-236.346985
  20
1378.359009
  0
POINT
  8
3
  10
-245.845200
  20
1380.468140
  0
POINT
  8
3
  10
-254.664917
  20
1384.686646
  0
POINT
  8
3
  10
-265.746277
  20
1389.608398
  0
POINT
  8
3
  10
-270.269104
  20
1390.780029
  0
POINT
  8
3
  10
-273.209015
  20
1391.014038
  0
POINT
  8
3
  10
-276.148926
  20
1390.780029
  0
POINT
  8
3
  10
-280.671753
  20
1389.608398
  0
POINT
  8
3
  10
-291.753113
  20
1384.686646
  0
POINT
  8
3
  10
-300.572845
  20
1380.468140
  0
POINT
  8
3
  10
-310.071045
  20
1378.359009
  0
POINT
  8
3
  10
-314.793823
  20
1378.995972
  0
POINT
  8
3
  10
-319.342865
  20
1380.468018
  0
POINT
  8
3
  10
-328.388733
  20
1384.686646
  0
POINT
  8
3
  10
-337.265167
  20
1388.805786
  0
POINT
  8
3
  10
-346.706665
  20
1391.013916
  0
POINT
  8
3
  10
-356.148285
  20
1388.805786
  0
POINT
  8
3
  10
-365.024841
  20
1384.686768
  0
POINT
  8
3
  10
-373.882263
  20
1380.518799
  0
POINT
  8
3
  10
-383.342560
  20
1378.359009
  0
POINT
  8
3
  10
-392.829834
  20
1380.409424
  0
POINT
  8
3
  10
-401.660461
  20
1384.686646
  0
POINT
  8
3
  10
-410.671539
  20
1388.726563
  0
POINT
  8
3
  10
-420.204773
  20
1391.014038
  0
POINT
  8
3
  10
-429.637360
  20
1388.776001
  0
POINT
  8
3
  10
-438.522491
  20
1384.686523
  0
POINT
  8
3
  10
-447.371429
  20
1380.489624
  0
POINT
  8
3
  10
-456.840454
  20
1378.359009
  0
POINT
  8
3
  10
-466.318909
  20
1380.439087
  0
POINT
  8
3
  10
-475.158630
  20
1384.686646
  0
POINT
  8
3
  10
-484.035034
  20
1388.805908
  0
POINT
  8
3
  10
-493.476563
  20
1391.014160
  0
POINT
  8
3
  10
-493.563080
  20
1286.993164
  0
POINT
  8
3
  10
-484.018005
  20
1285.704834
  0
POINT
  8
3
  10
-474.239929
  20
1284.261108
  0
POINT
  8
3
  10
-461.609802
  20
1282.391479
  0
POINT
  8
3
  10
-448.924194
  20
1280.573364
  0
POINT
  8
3
  10
-427.115356
  20
1277.697632
  0
POINT
  8
3
  10
-405.254639
  20
1275.276855
  0
POINT
  8
3
  10
-383.351990
  20
1273.318359
  0
POINT
  8
3
  10
-361.417694
  20
1271.763184
  0
POINT
  8
3
  10
-339.464447
  20
1270.555542
  0
POINT
  8
3
  10
-317.495331
  20
1269.679810
  0
POINT
  8
3
  10
-295.515137
  20
1269.230957
  0
POINT
  8
3
  10
-273.209015
  20
1269.230957
  0
POINT
  8
3
  10
-250.902924
  20
1269.230957
  0
POINT
  8
3
  10
-228.921173
  20
1269.679810
  0
POINT
  8
3
  10
-206.950546
  20
1270.555664
  0
POINT
  8
3
  10
-184.995789
  20
1271.763550
  0
POINT
  8
3
  10
-163.059982
  20
1273.318848
  0
POINT
  8
3
  10
-141.155823
  20
1275.277588
  0
POINT
  8
3
  10
-119.293610
  20
1277.698730
  0
POINT
  8
3
  10
-97.483276
  20
1280.574829
  0
POINT
  8
3
  10
-84.800430
  20
1282.392700
  0
POINT
  8
3
  10
-72.168381
  20
1284.262573
  0
POINT
  8
3
  10
-62.400192
  20
1285.704834
  0
POINT
  8
3
  10
-52.854980
  20
1286.993164
  0
POLYLINE
  8
84
  66
1
  70
1
  250
2
  0
VERTEX
  8
84
  10
-40.241119
  20
1288.419067
  0
VERTEX
  8
84
  10
-43.443497
  20
1314.613647
  0
VERTEX
  8
84
  10
-50.170441
  20
1390.774902
  0
VERTEX
  8
84
  10
-52.941483
  20
1391.014160
  0
VERTEX
  8
84
  10
-62.383011
  20
1388.805908
  0
VERTEX
  8
84
  10
-71.259415
  20
1384.686646
  0
VERTEX
  8
84
  10
-80.099121
  20
1380.439087
  0
VERTEX
  8
84
  10
-89.577576
  20
1378.359009
  0
VERTEX
  8
84
  10
-99.046600
  20
1380.489624
  0
VERTEX
  8
84
  10
-107.895538
  20
1384.686523
  0
VERTEX
  8
84
  10
-116.780670
  20
1388.776001
  0
VERTEX
  8
84
  10
-126.213242
  20
1391.014038
  0
VERTEX
  8
84
  10
-135.746490
  20
1388.726563
  0
VERTEX
  8
84
  10
-144.757553
  20
1384.686646
  0
VERTEX
  8
84
  10
-153.588211
  20
1380.409424
  0
VERTEX
  8
84
  10
-163.075470
  20
1378.359009
  0
VERTEX
  8
84
  10
-172.535782
  20
1380.518799
  0
VERTEX
  8
84
  10
-181.393188
  20
1384.686768
  0
VERTEX
  8
84
  10
-190.269745
  20
1388.805786
  0
VERTEX
  8
84
  10
-199.711349
  20
1391.013916
  0
VERTEX
  8
84
  10
-209.152863
  20
1388.805786
  0
VERTEX
  8
84
  10
-218.029282
  20
1384.686646
  0
VERTEX
  8
84
  10
-227.075165
  20
1380.468018
  0
VERTEX
  8
84
  10
-231.624207
  20
1378.995972
  0
VERTEX
  8
84
  10
-236.346985
  20
1378.359009
  0
VERTEX
  8
84
  10
-245.845200
  20
1380.468140
  0
VERTEX
  8
84
  10
-254.664917
  20
1384.686646
  0
VERTEX
  8
84
  10
-265.746277
  20
1389.608398
  0
VERTEX
  8
84
  10
-270.269104
  20
1390.780029
  0
VERTEX
  8
84
  10
-273.209015
  20
1391.014038
  0
VERTEX
  8
84
  10
-276.148926
  20
1390.780029
  0
VERTEX
  8
84
  10
-280.671753
  20
1389.608398
  0
VERTEX
  8
84
  10
-291.753113
  20
1384.686646
  0
VERTEX
  8
84
  10
-300.572845
  20
1380.468140
  0
VERTEX
  8
84
  10
-310.071045
  20
1378.359009
  0
VERTEX
  8
84
  10
-314.793823
  20
1378.995972
  0
VERTEX
  8
84
  10
-319.342865
  20
1380.468018
  0
VERTEX
  8
84
  10
-328.388733
  20
1384.686646
  0
VERTEX
  8
84
  10
-337.265167
  20
1388.805786
  0
VERTEX
  8
84
  10
-346.706665
  20
1391.013916
  0
VERTEX
  8
84
  10
-356.148285
  20
1388.805786
  0
VERTEX
  8
84
  10
-365.024841
  20
1384.686768
  0
VERTEX
  8
84
  10
-373.882263
  20
1380.518799
  0
VERTEX
  8
84
  10
-383.342560
  20
1378.359009
  0
VERTEX
  8
84
  10
-392.829834
  20
1380.409424
  0
VERTEX
  8
84
  10
-401.660461
  20
1384.686646
  0
VERTEX
  8
84
  10
-410.671539
  20
1388.726563
  0
VERTEX
  8
84
  10
-420.204773
  20
1391.014038
  0
VERTEX
  8
84
  10
-429.637360
  20
1388.776001
  0
VERTEX
  8
84
  10
-438.522491
  20
1384.686523
  0
VERTEX
  8
84
  10
-447.371429
  20
1380.489624
  0
VERTEX
  8
84
  10
-456.840454
  20
1378.359009
  0
VERTEX
  8
84
  10
-466.318909
  20
1380.439087
  0
VERTEX
  8
84
  10
-475.158630
  20
1384.686646
  0
VERTEX
  8
84
  10
-484.035034
  20
1388.805908
  0
VERTEX
  8
84
  10
-493.476563
  20
1391.014160
  0
VERTEX
  8
84
  10
-496.247620
  20
1390.774902
  0
VERTEX
  8
84
  10
-502.974548
  20
1314.613647
  0
VERTEX
  8
84
  10
-506.176910
  20
1288.419067
  0
VERTEX
  8
84
  10
-493.563080
  20
1286.993164
  0
VERTEX
  8
84
  10
-484.018005
  20
1285.704834
  0
VERTEX
  8
84
  10
-474.239929
  20
1284.261108
  0
VERTEX
  8
84
  10
-461.609802
  20
1282.391479
  0
VERTEX
  8
84
  10
-448.924194
  20
1280.573364
  0
VERTEX
  8
84
  10
-427.115356
  20
1277.697632
  0
VERTEX
  8
84
  10
-405.254639
  20
1275.276855
  0
VERTEX
  8
84
  10
-383.351990
  20
1273.318359
  0
VERTEX
  8
84
  10
-361.417694
  20
1271.763184
  0
VERTEX
  8
84
  10
-339.464447
  20
1270.555542
  0
VERTEX
  8
84
  10
-317.495331
  20
1269.679810
  0
VERTEX
  8
84
  10
-295.515137
  20
1269.230957
  0
VERTEX
  8
84
  10
-273.209015
  20
1269.230957
  0
VERTEX
  8
84
  10
-250.902924
  20
1269.230957
  0
VERTEX
  8
84
  10
-228.921173
  20
1269.679810
  0
VERTEX
  8
84
  10
-206.950546
  20
1270.555664
  0
VERTEX
  8
84
  10
-184.995789
  20
1271.763550
  0
VERTEX
  8
84
  10
-163.059982
  20
1273.318848
  0
VERTEX
  8
84
  10
-141.155823
  20
1275.277588
  0
VERTEX
  8
84
  10
-119.293610
  20
1277.698730
  0
VERTEX
  8
84
  10
-97.483276
  20
1280.574829
  0
VERTEX
  8
84
  10
-84.800430
  20
1282.392700
  0
VERTEX
  8
84
  10
-72.168381
  20
1284.262573
  0
VERTEX
  8
84
  10
-62.400192
  20
1285.704834
  0
VERTEX
  8
84
  10
-52.854980
  20
1286.993164
  0
SEQEND
  0
POINT
  8
2
  10
-40.241119
  20
1288.419067
  0
POINT
  8
2
  10
-43.443497
  20
1314.613647
  0
POINT
  8
2
  10
-50.170441
  20
1390.774902
  0
POINT
  8
2
  10
-496.247620
  20
1390.774902
  0
POINT
  8
2
  10
-502.974548
  20
1314.613647
  0
POINT
  8
2
  10
-506.176910
  20
1288.419067
  0
POINT
  8
3
  10
-52.941483
  20
1391.014160
  0
POINT
  8
3
  10
-62.383011
  20
1388.805908
  0
POINT
  8
3
  10
-71.259415
  20
1384.686646
  0
POINT
  8
3
  10
-80.099121
  20
1380.439087
  0
POINT
  8
3
  10
-89.577576
  20
1378.359009
  0
POINT
  8
3
  10
-99.046600
  20
1380.489624
  0
POINT
  8
3
  10
-107.895538
  20
1384.686523
  0
POINT
  8
3
  10
-116.780670
  20
1388.776001
  0
POINT
  8
3
  10
-126.213242
  20
1391.014038
  0
POINT
  8
3
  10
-135.746490
  20
1388.726563
  0
POINT
  8
3
  10
-144.757553
  20
1384.686646
  0
POINT
  8
3
  10
-153.588211
  20
1380.409424
  0
POINT
  8
3
  10
-163.075470
  20
1378.359009
  0
POINT
  8
3
  10
-172.535782
  20
1380.518799
  0
POINT
  8
3
  10
-181.393188
  20
1384.686768
  0
POINT
  8
3
  10
-190.269745
  20
1388.805786
  0
POINT
  8
3
  10
-199.711349
  20
1391.013916
  0
POINT
  8
3
  10
-209.152863
  20
1388.805786
  0
POINT
  8
3
  10
-218.029282
  20
1384.686646
  0
POINT
  8
3
  10
-227.075165
  20
1380.468018
  0
POINT
  8
3
  10
-231.624207
  20
1378.995972
  0
POINT
  8
3
  10
-236.346985
  20
1378.359009
  0
POINT
  8
3
  10
-245.845200
  20
1380.468140
  0
POINT
  8
3
  10
-254.664917
  20
1384.686646
  0
POINT
  8
3
  10
-265.746277
  20
1389.608398
  0
POINT
  8
3
  10
-270.269104
  20
1390.780029
  0
POINT
  8
3
  10
-273.209015
  20
1391.014038
  0
POINT
  8
3
  10
-276.148926
  20
1390.780029
  0
POINT
  8
3
  10
-280.671753
  20
1389.608398
  0
POINT
  8
3
  10
-291.753113
  20
1384.686646
  0
POINT
  8
3
  10
-300.572845
  20
1380.468140
  0
POINT
  8
3
  10
-310.071045
  20
1378.359009
  0
POINT
  8
3
  10
-314.793823
  20
1378.995972
  0
POINT
  8
3
  10
-319.342865
  20
1380.468018
  0
POINT
  8
3
  10
-328.388733
  20
1384.686646
  0
POINT
  8
3
  10
-337.265167
  20
1388.805786
  0
POINT
  8
3
  10
-346.706665
  20
1391.013916
  0
POINT
  8
3
  10
-356.148285
  20
1388.805786
  0
POINT
  8
3
  10
-365.024841
  20
1384.686768
  0
POINT
  8
3
  10
-373.882263
  20
1380.518799
  0
POINT
  8
3
  10
-383.342560
  20
1378.359009
  0
POINT
  8
3
  10
-392.829834
  20
1380.409424
  0
POINT
  8
3
  10
-401.660461
  20
1384.686646
  0
POINT
  8
3
  10
-410.671539
  20
1388.726563
  0
POINT
  8
3
  10
-420.204773
  20
1391.014038
  0
POINT
  8
3
  10
-429.637360
  20
1388.776001
  0
POINT
  8
3
  10
-438.522491
  20
1384.686523
  0
POINT
  8
3
  10
-447.371429
  20
1380.489624
  0
POINT
  8
3
  10
-456.840454
  20
1378.359009
  0
POINT
  8
3
  10
-466.318909
  20
1380.439087
  0
POINT
  8
3
  10
-475.158630
  20
1384.686646
  0
POINT
  8
3
  10
-484.035034
  20
1388.805908
  0
POINT
  8
3
  10
-493.476563
  20
1391.014160
  0
POINT
  8
3
  10
-493.563080
  20
1286.993164
  0
POINT
  8
3
  10
-484.018005
  20
1285.704834
  0
POINT
  8
3
  10
-474.239929
  20
1284.261108
  0
POINT
  8
3
  10
-461.609802
  20
1282.391479
  0
POINT
  8
3
  10
-448.924194
  20
1280.573364
  0
POINT
  8
3
  10
-427.115356
  20
1277.697632
  0
POINT
  8
3
  10
-405.254639
  20
1275.276855
  0
POINT
  8
3
  10
-383.351990
  20
1273.318359
  0
POINT
  8
3
  10
-361.417694
  20
1271.763184
  0
POINT
  8
3
  10
-339.464447
  20
1270.555542
  0
POINT
  8
3
  10
-317.495331
  20
1269.679810
  0
POINT
  8
3
  10
-295.515137
  20
1269.230957
  0
POINT
  8
3
  10
-273.209015
  20
1269.230957
  0
POINT
  8
3
  10
-250.902924
  20
1269.230957
  0
POINT
  8
3
  10
-228.921173
  20
1269.679810
  0
POINT
  8
3
  10
-206.950546
  20
1270.555664
  0
POINT
  8
3
  10
-184.995789
  20
1271.763550
  0
POINT
  8
3
  10
-163.059982
  20
1273.318848
  0
POINT
  8
3
  10
-141.155823
  20
1275.277588
  0
POINT
  8
3
  10
-119.293610
  20
1277.698730
  0
POINT
  8
3
  10
-97.483276
  20
1280.574829
  0
POINT
  8
3
  10
-84.800430
  20
1282.392700
  0
POINT
  8
3
  10
-72.168381
  20
1284.262573
  0
POINT
  8
3
  10
-62.400192
  20
1285.704834
  0
POINT
  8
3
  10
-52.854980
  20
1286.993164
  0
LINE
  8
7
  10
-273.209015
  20
1240.122559
  11
-273.209015
  21
1420.122559
  0
POLYLINE
  8
8
  66
1
  70
0
  250
1
  0
VERTEX
  8
8
  10
-502.974548
  20
1314.613647
  0
VERTEX
  8
8
  10
-490.536194
  20
1313.207642
  0
VERTEX
  8
8
  10
-470.635315
  20
1310.395630
  0
VERTEX
  8
8
  10
-419.526093
  20
1303.364624
  0
VERTEX
  8
8
  10
-374.975159
  20
1299.146606
  0
VERTEX
  8
8
  10
-330.198059
  20
1296.568481
  0
VERTEX
  8
8
  10
-295.371521
  20
1295.630981
  0
VERTEX
  8
8
  10
-273.209015
  20
1295.630981
  0
VERTEX
  8
8
  10
-251.046509
  20
1295.630981
  0
VERTEX
  8
8
  10
-216.219971
  20
1296.568481
  0
VERTEX
  8
8
  10
-171.442871
  20
1299.146606
  0
VERTEX
  8
8
  10
-126.891937
  20
1303.364624
  0
VERTEX
  8
8
  10
-75.782700
  20
1310.395630
  0
VERTEX
  8
8
  10
-55.881851
  20
1313.207642
  0
VERTEX
  8
8
  10
-43.443497
  20
1314.613647
  0
SEQEND
  0
POINT
  8
2
  10
-502.974548
  20
1314.613647
  0
POINT
  8
2
  10
-43.443497
  20
1314.613647
  0
POINT
  8
3
  10
-490.536194
  20
1313.207642
  0
POINT
  8
3
  10
-470.635315
  20
1310.395630
  0
POINT
  8
3
  10
-419.526093
  20
1303.364624
  0
POINT
  8
3
  10
-374.975159
  20
1299.146606
  0
POINT
  8
3
  10
-330.198059
  20
1296.568481
  0
POINT
  8
3
  10
-295.371521
  20
1295.630981
  0
POINT
  8
3
  10
-273.209015
  20
1295.630981
  0
POINT
  8
3
  10
-251.046509
  20
1295.630981
  0
POINT
  8
3
  10
-216.219971
  20
1296.568481
  0
POINT
  8
3
  10
-171.442871
  20
1299.146606
  0
POINT
  8
3
  10
-126.891937
  20
1303.364624
  0
POINT
  8
3
  10
-75.782700
  20
1310.395630
  0
POINT
  8
3
  10
-55.881851
  20
1313.207642
  0
POLYLINE
  8
85
  66
1
  70
0
  250
1
  0
VERTEX
  8
85
  10
-502.974548
  20
1314.613647
  0
VERTEX
  8
85
  10
-490.536194
  20
1313.207642
  0
VERTEX
  8
85
  10
-470.635315
  20
1310.395630
  0
VERTEX
  8
85
  10
-419.526093
  20
1303.364624
  0
VERTEX
  8
85
  10
-374.975159
  20
1299.146606
  0
VERTEX
  8
85
  10
-330.198059
  20
1296.568481
  0
VERTEX
  8
85
  10
-295.371521
  20
1295.630981
  0
VERTEX
  8
85
  10
-273.209015
  20
1295.630981
  0
VERTEX
  8
85
  10
-251.046509
  20
1295.630981
  0
VERTEX
  8
85
  10
-216.219971
  20
1296.568481
  0
VERTEX
  8
85
  10
-171.442871
  20
1299.146606
  0
VERTEX
  8
85
  10
-126.891937
  20
1303.364624
  0
VERTEX
  8
85
  10
-75.782700
  20
1310.395630
  0
VERTEX
  8
85
  10
-55.881851
  20
1313.207642
  0
VERTEX
  8
85
  10
-43.443497
  20
1314.613647
  0
SEQEND
  0
POINT
  8
2
  10
-502.974548
  20
1314.613647
  0
POINT
  8
2
  10
-43.443497
  20
1314.613647
  0
POINT
  8
3
  10
-490.536194
  20
1313.207642
  0
POINT
  8
3
  10
-470.635315
  20
1310.395630
  0
POINT
  8
3
  10
-419.526093
  20
1303.364624
  0
POINT
  8
3
  10
-374.975159
  20
1299.146606
  0
POINT
  8
3
  10
-330.198059
  20
1296.568481
  0
POINT
  8
3
  10
-295.371521
  20
1295.630981
  0
POINT
  8
3
  10
-273.209015
  20
1295.630981
  0
POINT
  8
3
  10
-251.046509
  20
1295.630981
  0
POINT
  8
3
  10
-216.219971
  20
1296.568481
  0
POINT
  8
3
  10
-171.442871
  20
1299.146606
  0
POINT
  8
3
  10
-126.891937
  20
1303.364624
  0
POINT
  8
3
  10
-75.782700
  20
1310.395630
  0
POINT
  8
3
  10
-55.881851
  20
1313.207642
  0
POLYLINE
  8
8
  66
1
  70
0
  250
1
  0
VERTEX
  8
8
  10
-501.215149
  20
1334.533447
  0
VERTEX
  8
8
  10
-488.243225
  20
1333.067139
  0
VERTEX
  8
8
  10
-477.974335
  20
1331.681152
  0
VERTEX
  8
8
  10
-467.902893
  20
1330.194214
  0
VERTEX
  8
8
  10
-443.380676
  20
1326.618896
  0
VERTEX
  8
8
  10
-418.811401
  20
1323.409790
  0
VERTEX
  8
8
  10
-394.174744
  20
1320.810303
  0
VERTEX
  8
8
  10
-369.487885
  20
1318.796875
  0
VERTEX
  8
8
  10
-344.767517
  20
1317.276367
  0
VERTEX
  8
8
  10
-320.026062
  20
1316.187744
  0
VERTEX
  8
8
  10
-295.268341
  20
1315.630981
  0
VERTEX
  8
8
  10
-273.209015
  20
1315.630981
  0
VERTEX
  8
8
  10
-251.149750
  20
1315.630981
  0
VERTEX
  8
8
  10
-226.393219
  20
1316.187744
  0
VERTEX
  8
8
  10
-201.652939
  20
1317.276245
  0
VERTEX
  8
8
  10
-176.933746
  20
1318.796631
  0
VERTEX
  8
8
  10
-152.248077
  20
1320.809814
  0
VERTEX
  8
8
  10
-127.612625
  20
1323.409058
  0
VERTEX
  8
8
  10
-103.044479
  20
1326.617798
  0
VERTEX
  8
8
  10
-78.523422
  20
1330.192871
  0
VERTEX
  8
8
  10
-68.443604
  20
1331.681152
  0
VERTEX
  8
8
  10
-58.174927
  20
1333.067139
  0
VERTEX
  8
8
  10
-45.202896
  20
1334.533447
  0
SEQEND
  0
POINT
  8
2
  10
-501.215149
  20
1334.533447
  0
POINT
  8
2
  10
-45.202896
  20
1334.533447
  0
POINT
  8
3
  10
-488.243225
  20
1333.067139
  0
POINT
  8
3
  10
-477.974335
  20
1331.681152
  0
POINT
  8
3
  10
-467.902893
  20
1330.194214
  0
POINT
  8
3
  10
-443.380676
  20
1326.618896
  0
POINT
  8
3
  10
-418.811401
  20
1323.409790
  0
POINT
  8
3
  10
-394.174744
  20
1320.810303
  0
POINT
  8
3
  10
-369.487885
  20
1318.796875
  0
POINT
  8
3
  10
-344.767517
  20
1317.276367
  0
POINT
  8
3
  10
-320.026062
  20
1316.187744
  0
POINT
  8
3
  10
-295.268341
  20
1315.630981
  0
POINT
  8
3
  10
-273.209015
  20
1315.630981
  0
POINT
  8
3
  10
-251.149750
  20
1315.630981
  0
POINT
  8
3
  10
-226.393219
  20
1316.187744
  0
POINT
  8
3
  10
-201.652939
  20
1317.276245
  0
POINT
  8
3
  10
-176.933746
  20
1318.796631
  0
POINT
  8
3
  10
-152.248077
  20
1320.809814
  0
POINT
  8
3
  10
-127.612625
  20
1323.409058
  0
POINT
  8
3
  10
-103.044479
  20
1326.617798
  0
POINT
  8
3
  10
-78.523422
  20
1330.192871
  0
POINT
  8
3
  10
-68.443604
  20
1331.681152
  0
POINT
  8
3
  10
-58.174927
  20
1333.067139
  0
POLYLINE
  8
85
  66
1
  70
0
  250
1
  0
VERTEX
  8
85
  10
-501.215149
  20
1334.533447
  0
VERTEX
  8
85
  10
-488.243225
  20
1333.067139
  0
VERTEX
  8
85
  10
-477.974335
  20
1331.681152
  0
VERTEX
  8
85
  10
-467.902893
  20
1330.194214
  0
VERTEX
  8
85
  10
-443.380676
  20
1326.618896
  0
VERTEX
  8
85
  10
-418.811401
  20
1323.409790
  0
VERTEX
  8
85
  10
-394.174744
  20
1320.810303
  0
VERTEX
  8
85
  10
-369.487885
  20
1318.796875
  0
VERTEX
  8
85
  10
-344.767517
  20
1317.276367
  0
VERTEX
  8
85
  10
-320.026062
  20
1316.187744
  0
VERTEX
  8
85
  10
-295.268341
  20
1315.630981
  0
VERTEX
  8
85
  10
-273.209015
  20
1315.630981
  0
VERTEX
  8
85
  10
-251.149750
  20
1315.630981
  0
VERTEX
  8
85
  10
-226.393219
  20
1316.187744
  0
VERTEX
  8
85
  10
-201.652939
  20
1317.276245
  0
VERTEX
  8
85
  10
-176.933746
  20
1318.796631
  0
VERTEX
  8
85
  10
-152.248077
  20
1320.809814
  0
VERTEX
  8
85
  10
-127.612625
  20
1323.409058
  0
VERTEX
  8
85
  10
-103.044479
  20
1326.617798
  0
VERTEX
  8
85
  10
-78.523422
  20
1330.192871
  0
VERTEX
  8
85
  10
-68.443604
  20
1331.681152
  0
VERTEX
  8
85
  10
-58.174927
  20
1333.067139
  0
VERTEX
  8
85
  10
-45.202896
  20
1334.533447
  0
SEQEND
  0
POINT
  8
2
  10
-501.215149
  20
1334.533447
  0
POINT
  8
2
  10
-45.202896
  20
1334.533447
  0
POINT
  8
3
  10
-488.243225
  20
1333.067139
  0
POINT
  8
3
  10
-477.974335
  20
1331.681152
  0
POINT
  8
3
  10
-467.902893
  20
1330.194214
  0
POINT
  8
3
  10
-443.380676
  20
1326.618896
  0
POINT
  8
3
  10
-418.811401
  20
1323.409790
  0
POINT
  8
3
  10
-394.174744
  20
1320.810303
  0
POINT
  8
3
  10
-369.487885
  20
1318.796875
  0
POINT
  8
3
  10
-344.767517
  20
1317.276367
  0
POINT
  8
3
  10
-320.026062
  20
1316.187744
  0
POINT
  8
3
  10
-295.268341
  20
1315.630981
  0
POINT
  8
3
  10
-273.209015
  20
1315.630981
  0
POINT
  8
3
  10
-251.149750
  20
1315.630981
  0
POINT
  8
3
  10
-226.393219
  20
1316.187744
  0
POINT
  8
3
  10
-201.652939
  20
1317.276245
  0
POINT
  8
3
  10
-176.933746
  20
1318.796631
  0
POINT
  8
3
  10
-152.248077
  20
1320.809814
  0
POINT
  8
3
  10
-127.612625
  20
1323.409058
  0
POINT
  8
3
  10
-103.044479
  20
1326.617798
  0
POINT
  8
3
  10
-78.523422
  20
1330.192871
  0
POINT
  8
3
  10
-68.443604
  20
1331.681152
  0
POINT
  8
3
  10
-58.174927
  20
1333.067139
  0
POLYLINE
  8
8
  66
1
  70
0
  250
1
  0
VERTEX
  8
8
  10
-505.400574
  20
1294.768921
  0
VERTEX
  8
8
  10
-492.829529
  20
1293.155029
  0
VERTEX
  8
8
  10
-483.183105
  20
1291.676270
  0
VERTEX
  8
8
  10
-473.367737
  20
1290.030273
  0
VERTEX
  8
8
  10
-448.098602
  20
1285.849365
  0
VERTEX
  8
8
  10
-422.780396
  20
1282.104980
  0
VERTEX
  8
8
  10
-397.393066
  20
1279.072144
  0
VERTEX
  8
8
  10
-371.954498
  20
1276.720459
  0
VERTEX
  8
8
  10
-346.481537
  20
1274.945068
  0
VERTEX
  8
8
  10
-320.986786
  20
1273.676880
  0
VERTEX
  8
8
  10
-295.475281
  20
1273.032349
  0
VERTEX
  8
8
  10
-273.209015
  20
1273.032349
  0
VERTEX
  8
8
  10
-250.942749
  20
1273.032349
  0
VERTEX
  8
8
  10
-225.429840
  20
1273.677002
  0
VERTEX
  8
8
  10
-199.933716
  20
1274.945190
  0
VERTEX
  8
8
  10
-174.459351
  20
1276.720703
  0
VERTEX
  8
8
  10
-149.019379
  20
1279.072754
  0
VERTEX
  8
8
  10
-123.630692
  20
1282.105957
  0
VERTEX
  8
8
  10
-98.311096
  20
1285.850708
  0
VERTEX
  8
8
  10
-73.040604
  20
1290.031982
  0
VERTEX
  8
8
  10
-63.234970
  20
1291.676270
  0
VERTEX
  8
8
  10
-53.588440
  20
1293.155029
  0
VERTEX
  8
8
  10
-41.017441
  20
1294.768921
  0
SEQEND
  0
POINT
  8
2
  10
-505.400574
  20
1294.768921
  0
POINT
  8
2
  10
-41.017441
  20
1294.768921
  0
POINT
  8
3
  10
-492.829529
  20
1293.155029
  0
POINT
  8
3
  10
-483.183105
  20
1291.676270
  0
POINT
  8
3
  10
-473.367737
  20
1290.030273
  0
POINT
  8
3
  10
-448.098602
  20
1285.849365
  0
POINT
  8
3
  10
-422.780396
  20
1282.104980
  0
POINT
  8
3
  10
-397.393066
  20
1279.072144
  0
POINT
  8
3
  10
-371.954498
  20
1276.720459
  0
POINT
  8
3
  10
-346.481537
  20
1274.945068
  0
POINT
  8
3
  10
-320.986786
  20
1273.676880
  0
POINT
  8
3
  10
-295.475281
  20
1273.032349
  0
POINT
  8
3
  10
-273.209015
  20
1273.032349
  0
POINT
  8
3
  10
-250.942749
  20
1273.032349
  0
POINT
  8
3
  10
-225.429840
  20
1273.677002
  0
POINT
  8
3
  10
-199.933716
  20
1274.945190
  0
POINT
  8
3
  10
-174.459351
  20
1276.720703
  0
POINT
  8
3
  10
-149.019379
  20
1279.072754
  0
POINT
  8
3
  10
-123.630692
  20
1282.105957
  0
POINT
  8
3
  10
-98.311096
  20
1285.850708
  0
POINT
  8
3
  10
-73.040604
  20
1290.031982
  0
POINT
  8
3
  10
-63.234970
  20
1291.676270
  0
POINT
  8
3
  10
-53.588440
  20
1293.155029
  0
POLYLINE
  8
85
  66
1
  70
0
  250
1
  0
VERTEX
  8
85
  10
-505.400574
  20
1294.768921
  0
VERTEX
  8
85
  10
-492.829529
  20
1293.155029
  0
VERTEX
  8
85
  10
-483.183105
  20
1291.676270
  0
VERTEX
  8
85
  10
-473.367737
  20
1290.030273
  0
VERTEX
  8
85
  10
-448.098602
  20
1285.849365
  0
VERTEX
  8
85
  10
-422.780396
  20
1282.104980
  0
VERTEX
  8
85
  10
-397.393066
  20
1279.072144
  0
VERTEX
  8
85
  10
-371.954498
  20
1276.720459
  0
VERTEX
  8
85
  10
-346.481537
  20
1274.945068
  0
VERTEX
  8
85
  10
-320.986786
  20
1273.676880
  0
VERTEX
  8
85
  10
-295.475281
  20
1273.032349
  0
VERTEX
  8
85
  10
-273.209015
  20
1273.032349
  0
VERTEX
  8
85
  10
-250.942749
  20
1273.032349
  0
VERTEX
  8
85
  10
-225.429840
  20
1273.677002
  0
VERTEX
  8
85
  10
-199.933716
  20
1274.945190
  0
VERTEX
  8
85
  10
-174.459351
  20
1276.720703
  0
VERTEX
  8
85
  10
-149.019379
  20
1279.072754
  0
VERTEX
  8
85
  10
-123.630692
  20
1282.105957
  0
VERTEX
  8
85
  10
-98.311096
  20
1285.850708
  0
VERTEX
  8
85
  10
-73.040604
  20
1290.031982
  0
VERTEX
  8
85
  10
-63.234970
  20
1291.676270
  0
VERTEX
  8
85
  10
-53.588440
  20
1293.155029
  0
VERTEX
  8
85
  10
-41.017441
  20
1294.768921
  0
SEQEND
  0
POINT
  8
2
  10
-505.400574
  20
1294.768921
  0
POINT
  8
2
  10
-41.017441
  20
1294.768921
  0
POINT
  8
3
  10
-492.829529
  20
1293.155029
  0
POINT
  8
3
  10
-483.183105
  20
1291.676270
  0
POINT
  8
3
  10
-473.367737
  20
1290.030273
  0
POINT
  8
3
  10
-448.098602
  20
1285.849365
  0
POINT
  8
3
  10
-422.780396
  20
1282.104980
  0
POINT
  8
3
  10
-397.393066
  20
1279.072144
  0
POINT
  8
3
  10
-371.954498
  20
1276.720459
  0
POINT
  8
3
  10
-346.481537
  20
1274.945068
  0
POINT
  8
3
  10
-320.986786
  20
1273.676880
  0
POINT
  8
3
  10
-295.475281
  20
1273.032349
  0
POINT
  8
3
  10
-273.209015
  20
1273.032349
  0
POINT
  8
3
  10
-250.942749
  20
1273.032349
  0
POINT
  8
3
  10
-225.429840
  20
1273.677002
  0
POINT
  8
3
  10
-199.933716
  20
1274.945190
  0
POINT
  8
3
  10
-174.459351
  20
1276.720703
  0
POINT
  8
3
  10
-149.019379
  20
1279.072754
  0
POINT
  8
3
  10
-123.630692
  20
1282.105957
  0
POINT
  8
3
  10
-98.311096
  20
1285.850708
  0
POINT
  8
3
  10
-73.040604
  20
1290.031982
  0
POINT
  8
3
  10
-63.234970
  20
1291.676270
  0
POINT
  8
3
  10
-53.588440
  20
1293.155029
  0
POLYLINE
  8
8
  66
1
  70
0
  250
1
  0
VERTEX
  8
8
  10
-500.652100
  20
1340.907837
  0
VERTEX
  8
8
  10
-487.509827
  20
1339.422241
  0
VERTEX
  8
8
  10
-477.140015
  20
1338.022583
  0
VERTEX
  8
8
  10
-467.030640
  20
1336.530151
  0
VERTEX
  8
8
  10
-454.775085
  20
1334.715454
  0
VERTEX
  8
8
  10
-442.551331
  20
1332.960938
  0
VERTEX
  8
8
  10
-421.608093
  20
1330.190918
  0
VERTEX
  8
8
  10
-400.614807
  20
1327.858521
  0
VERTEX
  8
8
  10
-379.580780
  20
1325.973755
  0
VERTEX
  8
8
  10
-358.516205
  20
1324.477905
  0
VERTEX
  8
8
  10
-337.433441
  20
1323.314575
  0
VERTEX
  8
8
  10
-316.335449
  20
1322.468140
  0
VERTEX
  8
8
  10
-295.226746
  20
1322.031006
  0
VERTEX
  8
8
  10
-273.209015
  20
1322.031006
  0
VERTEX
  8
8
  10
-251.191345
  20
1322.031006
  0
VERTEX
  8
8
  10
-230.084091
  20
1322.468018
  0
VERTEX
  8
8
  10
-208.987549
  20
1323.314697
  0
VERTEX
  8
8
  10
-187.906250
  20
1324.477783
  0
VERTEX
  8
8
  10
-166.843094
  20
1325.973267
  0
VERTEX
  8
8
  10
-145.810516
  20
1327.857666
  0
VERTEX
  8
8
  10
-124.818619
  20
1330.189697
  0
VERTEX
  8
8
  10
-103.876801
  20
1332.959473
  0
VERTEX
  8
8
  10
-91.650665
  20
1334.714233
  0
VERTEX
  8
8
  10
-79.395752
  20
1336.528687
  0
VERTEX
  8
8
  10
-69.278839
  20
1338.022461
  0
VERTEX
  8
8
  10
-58.908401
  20
1339.422241
  0
VERTEX
  8
8
  10
-45.765930
  20
1340.907837
  0
SEQEND
  0
POINT
  8
2
  10
-500.652100
  20
1340.907837
  0
POINT
  8
2
  10
-45.765930
  20
1340.907837
  0
POINT
  8
3
  10
-487.509827
  20
1339.422241
  0
POINT
  8
3
  10
-477.140015
  20
1338.022583
  0
POINT
  8
3
  10
-467.030640
  20
1336.530151
  0
POINT
  8
3
  10
-454.775085
  20
1334.715454
  0
POINT
  8
3
  10
-442.551331
  20
1332.960938
  0
POINT
  8
3
  10
-421.608093
  20
1330.190918
  0
POINT
  8
3
  10
-400.614807
  20
1327.858521
  0
POINT
  8
3
  10
-379.580780
  20
1325.973755
  0
POINT
  8
3
  10
-358.516205
  20
1324.477905
  0
POINT
  8
3
  10
-337.433441
  20
1323.314575
  0
POINT
  8
3
  10
-316.335449
  20
1322.468140
  0
POINT
  8
3
  10
-295.226746
  20
1322.031006
  0
POINT
  8
3
  10
-273.209015
  20
1322.031006
  0
POINT
  8
3
  10
-251.191345
  20
1322.031006
  0
POINT
  8
3
  10
-230.084091
  20
1322.468018
  0
POINT
  8
3
  10
-208.987549
  20
1323.314697
  0
POINT
  8
3
  10
-187.906250
  20
1324.477783
  0
POINT
  8
3
  10
-166.843094
  20
1325.973267
  0
POINT
  8
3
  10
-145.810516
  20
1327.857666
  0
POINT
  8
3
  10
-124.818619
  20
1330.189697
  0
POINT
  8
3
  10
-103.876801
  20
1332.959473
  0
POINT
  8
3
  10
-91.650665
  20
1334.714233
  0
POINT
  8
3
  10
-79.395752
  20
1336.528687
  0
POINT
  8
3
  10
-69.278839
  20
1338.022461
  0
POINT
  8
3
  10
-58.908401
  20
1339.422241
  0
POLYLINE
  8
85
  66
1
  70
0
  250
1
  0
VERTEX
  8
85
  10
-500.652100
  20
1340.907837
  0
VERTEX
  8
85
  10
-487.509827
  20
1339.422241
  0
VERTEX
  8
85
  10
-477.140015
  20
1338.022583
  0
VERTEX
  8
85
  10
-467.030640
  20
1336.530151
  0
VERTEX
  8
85
  10
-454.775085
  20
1334.715454
  0
VERTEX
  8
85
  10
-442.551331
  20
1332.960938
  0
VERTEX
  8
85
  10
-421.608093
  20
1330.190918
  0
VERTEX
  8
85
  10
-400.614807
  20
1327.858521
  0
VERTEX
  8
85
  10
-379.580780
  20
1325.973755
  0
VERTEX
  8
85
  10
-358.516205
  20
1324.477905
  0
VERTEX
  8
85
  10
-337.433441
  20
1323.314575
  0
VERTEX
  8
85
  10
-316.335449
  20
1322.468140
  0
VERTEX
  8
85
  10
-295.226746
  20
1322.031006
  0
VERTEX
  8
85
  10
-273.209015
  20
1322.031006
  0
VERTEX
  8
85
  10
-251.191345
  20
1322.031006
  0
VERTEX
  8
85
  10
-230.084091
  20
1322.468018
  0
VERTEX
  8
85
  10
-208.987549
  20
1323.314697
  0
VERTEX
  8
85
  10
-187.906250
  20
1324.477783
  0
VERTEX
  8
85
  10
-166.843094
  20
1325.973267
  0
VERTEX
  8
85
  10
-145.810516
  20
1327.857666
  0
VERTEX
  8
85
  10
-124.818619
  20
1330.189697
  0
VERTEX
  8
85
  10
-103.876801
  20
1332.959473
  0
VERTEX
  8
85
  10
-91.650665
  20
1334.714233
  0
VERTEX
  8
85
  10
-79.395752
  20
1336.528687
  0
VERTEX
  8
85
  10
-69.278839
  20
1338.022461
  0
VERTEX
  8
85
  10
-58.908401
  20
1339.422241
  0
VERTEX
  8
85
  10
-45.765930
  20
1340.907837
  0
SEQEND
  0
POINT
  8
2
  10
-500.652100
  20
1340.907837
  0
POINT
  8
2
  10
-45.765930
  20
1340.907837
  0
POINT
  8
3
  10
-487.509827
  20
1339.422241
  0
POINT
  8
3
  10
-477.140015
  20
1338.022583
  0
POINT
  8
3
  10
-467.030640
  20
1336.530151
  0
POINT
  8
3
  10
-454.775085
  20
1334.715454
  0
POINT
  8
3
  10
-442.551331
  20
1332.960938
  0
POINT
  8
3
  10
-421.608093
  20
1330.190918
  0
POINT
  8
3
  10
-400.614807
  20
1327.858521
  0
POINT
  8
3
  10
-379.580780
  20
1325.973755
  0
POINT
  8
3
  10
-358.516205
  20
1324.477905
  0
POINT
  8
3
  10
-337.433441
  20
1323.314575
  0
POINT
  8
3
  10
-316.335449
  20
1322.468140
  0
POINT
  8
3
  10
-295.226746
  20
1322.031006
  0
POINT
  8
3
  10
-273.209015
  20
1322.031006
  0
POINT
  8
3
  10
-251.191345
  20
1322.031006
  0
POINT
  8
3
  10
-230.084091
  20
1322.468018
  0
POINT
  8
3
  10
-208.987549
  20
1323.314697
  0
POINT
  8
3
  10
-187.906250
  20
1324.477783
  0
POINT
  8
3
  10
-166.843094
  20
1325.973267
  0
POINT
  8
3
  10
-145.810516
  20
1327.857666
  0
POINT
  8
3
  10
-124.818619
  20
1330.189697
  0
POINT
  8
3
  10
-103.876801
  20
1332.959473
  0
POINT
  8
3
  10
-91.650665
  20
1334.714233
  0
POINT
  8
3
  10
-79.395752
  20
1336.528687
  0
POINT
  8
3
  10
-69.278839
  20
1338.022461
  0
POINT
  8
3
  10
-58.908401
  20
1339.422241
  0
POLYLINE
  8
8
  66
1
  70
0
  250
1
  0
VERTEX
  8
8
  10
-49.884644
  20
1387.539185
  0
VERTEX
  8
8
  10
-53.002731
  20
1387.808350
  0
VERTEX
  8
8
  10
-54.557343
  20
1387.737793
  0
VERTEX
  8
8
  10
-56.163025
  20
1387.477783
  0
VERTEX
  8
8
  10
-65.431000
  20
1384.006348
  0
VERTEX
  8
8
  10
-74.320999
  20
1379.560181
  0
VERTEX
  8
8
  10
-78.513733
  20
1377.643433
  0
VERTEX
  8
8
  10
-82.856491
  20
1376.134155
  0
VERTEX
  8
8
  10
-87.357422
  20
1375.264893
  0
VERTEX
  8
8
  10
-89.589539
  20
1375.154785
  0
VERTEX
  8
8
  10
-91.818970
  20
1375.282349
  0
VERTEX
  8
8
  10
-97.864975
  20
1376.662109
  0
VERTEX
  8
8
  10
-103.630966
  20
1379.018311
  0
VERTEX
  8
8
  10
-109.222473
  20
1381.796997
  0
VERTEX
  8
8
  10
-114.207169
  20
1384.208252
  0
VERTEX
  8
8
  10
-119.310486
  20
1386.333496
  0
VERTEX
  8
8
  10
-124.636398
  20
1387.715698
  0
VERTEX
  8
8
  10
-126.204544
  20
1387.808350
  0
VERTEX
  8
8
  10
-127.793686
  20
1387.705566
  0
VERTEX
  8
8
  10
-133.180313
  20
1386.290649
  0
VERTEX
  8
8
  10
-138.364349
  20
1384.190308
  0
VERTEX
  8
8
  10
-143.429718
  20
1381.797241
  0
VERTEX
  8
8
  10
-149.017975
  20
1378.963501
  0
VERTEX
  8
8
  10
-154.792496
  20
1376.576050
  0
VERTEX
  8
8
  10
-160.869766
  20
1375.252563
  0
VERTEX
  8
8
  10
-163.104523
  20
1375.154907
  0
VERTEX
  8
8
  10
-165.330826
  20
1375.294556
  0
VERTEX
  8
8
  10
-171.366409
  20
1376.695313
  0
VERTEX
  8
8
  10
-177.130676
  20
1379.039673
  0
VERTEX
  8
8
  10
-182.724136
  20
1381.799194
  0
VERTEX
  8
8
  10
-187.698151
  20
1384.227295
  0
VERTEX
  8
8
  10
-192.795929
  20
1386.358398
  0
VERTEX
  8
8
  10
-198.125183
  20
1387.714966
  0
VERTEX
  8
8
  10
-199.711609
  20
1387.808716
  0
VERTEX
  8
8
  10
-201.298645
  20
1387.715088
  0
VERTEX
  8
8
  10
-206.629318
  20
1386.358032
  0
VERTEX
  8
8
  10
-211.727112
  20
1384.222778
  0
VERTEX
  8
8
  10
-216.703613
  20
1381.796509
  0
VERTEX
  8
8
  10
-221.239807
  20
1379.553223
  0
VERTEX
  8
8
  10
-226.010666
  20
1377.460083
  0
VERTEX
  8
8
  10
-230.877899
  20
1375.885010
  0
VERTEX
  8
8
  10
-233.573685
  20
1375.363281
  0
VERTEX
  8
8
  10
-236.301941
  20
1375.153687
  0
VERTEX
  8
8
  10
-238.574921
  20
1375.259766
  0
VERTEX
  8
8
  10
-244.640457
  20
1376.627319
  0
VERTEX
  8
8
  10
-250.418274
  20
1379.001343
  0
VERTEX
  8
8
  10
-256.015625
  20
1381.808960
  0
VERTEX
  8
8
  10
-261.250366
  20
1384.369751
  0
VERTEX
  8
8
  10
-266.644470
  20
1386.542603
  0
VERTEX
  8
8
  10
-270.765625
  20
1387.610229
  0
VERTEX
  8
8
  10
-273.208984
  20
1387.804688
  0
VERTEX
  8
8
  10
-275.652374
  20
1387.610229
  0
VERTEX
  8
8
  10
-279.773560
  20
1386.542603
  0
VERTEX
  8
8
  10
-286.431427
  20
1383.779053
  0
VERTEX
  8
8
  10
-292.888428
  20
1380.536987
  0
VERTEX
  8
8
  10
-299.433533
  20
1377.492188
  0
VERTEX
  8
8
  10
-303.566101
  20
1376.079468
  0
VERTEX
  8
8
  10
-307.843109
  20
1375.259766
  0
VERTEX
  8
8
  10
-310.116089
  20
1375.153687
  0
VERTEX
  8
8
  10
-312.844360
  20
1375.363281
  0
VERTEX
  8
8
  10
-315.540100
  20
1375.885010
  0
VERTEX
  8
8
  10
-320.407410
  20
1377.460083
  0
VERTEX
  8
8
  10
-328.540741
  20
1381.203857
  0
VERTEX
  8
8
  10
-336.615631
  20
1385.086060
  0
VERTEX
  8
8
  10
-345.119324
  20
1387.715088
  0
VERTEX
  8
8
  10
-346.706482
  20
1387.808716
  0
VERTEX
  8
8
  10
-348.292816
  20
1387.714966
  0
VERTEX
  8
8
  10
-353.622070
  20
1386.358521
  0
VERTEX
  8
8
  10
-358.719879
  20
1384.227295
  0
VERTEX
  8
8
  10
-363.693909
  20
1381.799194
  0
VERTEX
  8
8
  10
-369.287384
  20
1379.039673
  0
VERTEX
  8
8
  10
-375.051605
  20
1376.695190
  0
VERTEX
  8
8
  10
-381.087219
  20
1375.294556
  0
VERTEX
  8
8
  10
-383.313507
  20
1375.154907
  0
VERTEX
  8
8
  10
-385.548248
  20
1375.252563
  0
VERTEX
  8
8
  10
-391.625610
  20
1376.576050
  0
VERTEX
  8
8
  10
-397.400208
  20
1378.963623
  0
VERTEX
  8
8
  10
-402.988495
  20
1381.797363
  0
VERTEX
  8
8
  10
-408.053802
  20
1384.190308
  0
VERTEX
  8
8
  10
-413.237732
  20
1386.290649
  0
VERTEX
  8
8
  10
-418.624268
  20
1387.705566
  0
VERTEX
  8
8
  10
-420.213409
  20
1387.808350
  0
VERTEX
  8
8
  10
-421.781586
  20
1387.715698
  0
VERTEX
  8
8
  10
-427.107666
  20
1386.333496
  0
VERTEX
  8
8
  10
-432.211121
  20
1384.208130
  0
VERTEX
  8
8
  10
-437.195923
  20
1381.796753
  0
VERTEX
  8
8
  10
-442.787384
  20
1379.018311
  0
VERTEX
  8
8
  10
-448.553223
  20
1376.661987
  0
VERTEX
  8
8
  10
-454.599121
  20
1375.282349
  0
VERTEX
  8
8
  10
-456.828491
  20
1375.154785
  0
VERTEX
  8
8
  10
-459.060791
  20
1375.264893
  0
VERTEX
  8
8
  10
-465.130554
  20
1376.612793
  0
VERTEX
  8
8
  10
-470.909119
  20
1378.982910
  0
VERTEX
  8
8
  10
-476.499847
  20
1381.804199
  0
VERTEX
  8
8
  10
-483.236755
  20
1385.020996
  0
VERTEX
  8
8
  10
-490.254974
  20
1387.477783
  0
VERTEX
  8
8
  10
-491.860718
  20
1387.737793
  0
VERTEX
  8
8
  10
-493.415283
  20
1387.808350
  0
VERTEX
  8
8
  10
-496.533386
  20
1387.539185
  0
SEQEND
  0
POINT
  8
2
  10
-49.884644
  20
1387.539185
  0
POINT
  8
2
  10
-496.533386
  20
1387.539185
  0
POINT
  8
3
  10
-53.002731
  20
1387.808350
  0
POINT
  8
3
  10
-54.557343
  20
1387.737793
  0
POINT
  8
3
  10
-56.163025
  20
1387.477783
  0
POINT
  8
3
  10
-65.431000
  20
1384.006348
  0
POINT
  8
3
  10
-74.320999
  20
1379.560181
  0
POINT
  8
3
  10
-78.513733
  20
1377.643433
  0
POINT
  8
3
  10
-82.856491
  20
1376.134155
  0
POINT
  8
3
  10
-87.357422
  20
1375.264893
  0
POINT
  8
3
  10
-89.589539
  20
1375.154785
  0
POINT
  8
3
  10
-91.818970
  20
1375.282349
  0
POINT
  8
3
  10
-97.864975
  20
1376.662109
  0
POINT
  8
3
  10
-103.630966
  20
1379.018311
  0
POINT
  8
3
  10
-109.222473
  20
1381.796997
  0
POINT
  8
3
  10
-114.207169
  20
1384.208252
  0
POINT
  8
3
  10
-119.310486
  20
1386.333496
  0
POINT
  8
3
  10
-124.636398
  20
1387.715698
  0
POINT
  8
3
  10
-126.204544
  20
1387.808350
  0
POINT
  8
3
  10
-127.793686
  20
1387.705566
  0
POINT
  8
3
  10
-133.180313
  20
1386.290649
  0
POINT
  8
3
  10
-138.364349
  20
1384.190308
  0
POINT
  8
3
  10
-143.429718
  20
1381.797241
  0
POINT
  8
3
  10
-149.017975
  20
1378.963501
  0
POINT
  8
3
  10
-154.792496
  20
1376.576050
  0
POINT
  8
3
  10
-160.869766
  20
1375.252563
  0
POINT
  8
3
  10
-163.104523
  20
1375.154907
  0
POINT
  8
3
  10
-165.330826
  20
1375.294556
  0
POINT
  8
3
  10
-171.366409
  20
1376.695313
  0
POINT
  8
3
  10
-177.130676
  20
1379.039673
  0
POINT
  8
3
  10
-182.724136
  20
1381.799194
  0
POINT
  8
3
  10
-187.698151
  20
1384.227295
  0
POINT
  8
3
  10
-192.795929
  20
1386.358398
  0
POINT
  8
3
  10
-198.125183
  20
1387.714966
  0
POINT
  8
3
  10
-199.711609
  20
1387.808716
  0
POINT
  8
3
  10
-201.298645
  20
1387.715088
  0
POINT
  8
3
  10
-206.629318
  20
1386.358032
  0
POINT
  8
3
  10
-211.727112
  20
1384.222778
  0
POINT
  8
3
  10
-216.703613
  20
1381.796509
  0
POINT
  8
3
  10
-221.239807
  20
1379.553223
  0
POINT
  8
3
  10
-226.010666
  20
1377.460083
  0
POINT
  8
3
  10
-230.877899
  20
1375.885010
  0
POINT
  8
3
  10
-233.573685
  20
1375.363281
  0
POINT
  8
3
  10
-236.301941
  20
1375.153687
  0
POINT
  8
3
  10
-238.574921
  20
1375.259766
  0
POINT
  8
3
  10
-244.640457
  20
1376.627319
  0
POINT
  8
3
  10
-250.418274
  20
1379.001343
  0
POINT
  8
3
  10
-256.015625
  20
1381.808960
  0
POINT
  8
3
  10
-261.250366
  20
1384.369751
  0
POINT
  8
3
  10
-266.644470
  20
1386.542603
  0
POINT
  8
3
  10
-270.765625
  20
1387.610229
  0
POINT
  8
3
  10
-273.208984
  20
1387.804688
  0
POINT
  8
3
  10
-275.652374
  20
1387.610229
  0
POINT
  8
3
  10
-279.773560
  20
1386.542603
  0
POINT
  8
3
  10
-286.431427
  20
1383.779053
  0
POINT
  8
3
  10
-292.888428
  20
1380.536987
  0
POINT
  8
3
  10
-299.433533
  20
1377.492188
  0
POINT
  8
3
  10
-303.566101
  20
1376.079468
  0
POINT
  8
3
  10
-307.843109
  20
1375.259766
  0
POINT
  8
3
  10
-310.116089
  20
1375.153687
  0
POINT
  8
3
  10
-312.844360
  20
1375.363281
  0
POINT
  8
3
  10
-315.540100
  20
1375.885010
  0
POINT
  8
3
  10
-320.407410
  20
1377.460083
  0
POINT
  8
3
  10
-328.540741
  20
1381.203857
  0
POINT
  8
3
  10
-336.615631
  20
1385.086060
  0
POINT
  8
3
  10
-345.119324
  20
1387.715088
  0
POINT
  8
3
  10
-346.706482
  20
1387.808716
  0
POINT
  8
3
  10
-348.292816
  20
1387.714966
  0
POINT
  8
3
  10
-353.622070
  20
1386.358521
  0
POINT
  8
3
  10
-358.719879
  20
1384.227295
  0
POINT
  8
3
  10
-363.693909
  20
1381.799194
  0
POINT
  8
3
  10
-369.287384
  20
1379.039673
  0
POINT
  8
3
  10
-375.051605
  20
1376.695190
  0
POINT
  8
3
  10
-381.087219
  20
1375.294556
  0
POINT
  8
3
  10
-383.313507
  20
1375.154907
  0
POINT
  8
3
  10
-385.548248
  20
1375.252563
  0
POINT
  8
3
  10
-391.625610
  20
1376.576050
  0
POINT
  8
3
  10
-397.400208
  20
1378.963623
  0
POINT
  8
3
  10
-402.988495
  20
1381.797363
  0
POINT
  8
3
  10
-408.053802
  20
1384.190308
  0
POINT
  8
3
  10
-413.237732
  20
1386.290649
  0
POINT
  8
3
  10
-418.624268
  20
1387.705566
  0
POINT
  8
3
  10
-420.213409
  20
1387.808350
  0
POINT
  8
3
  10
-421.781586
  20
1387.715698
  0
POINT
  8
3
  10
-427.107666
  20
1386.333496
  0
POINT
  8
3
  10
-432.211121
  20
1384.208130
  0
POINT
  8
3
  10
-437.195923
  20
1381.796753
  0
POINT
  8
3
  10
-442.787384
  20
1379.018311
  0
POINT
  8
3
  10
-448.553223
  20
1376.661987
  0
POINT
  8
3
  10
-454.599121
  20
1375.282349
  0
POINT
  8
3
  10
-456.828491
  20
1375.154785
  0
POINT
  8
3
  10
-459.060791
  20
1375.264893
  0
POINT
  8
3
  10
-465.130554
  20
1376.612793
  0
POINT
  8
3
  10
-470.909119
  20
1378.982910
  0
POINT
  8
3
  10
-476.499847
  20
1381.804199
  0
POINT
  8
3
  10
-483.236755
  20
1385.020996
  0
POINT
  8
3
  10
-490.254974
  20
1387.477783
  0
POINT
  8
3
  10
-491.860718
  20
1387.737793
  0
POINT
  8
3
  10
-493.415283
  20
1387.808350
  0
POLYLINE
  8
85
  66
1
  70
0
  250
1
  0
VERTEX
  8
85
  10
-49.884644
  20
1387.539185
  0
VERTEX
  8
85
  10
-53.002731
  20
1387.808350
  0
VERTEX
  8
85
  10
-54.557343
  20
1387.737793
  0
VERTEX
  8
85
  10
-56.163025
  20
1387.477783
  0
VERTEX
  8
85
  10
-65.431000
  20
1384.006348
  0
VERTEX
  8
85
  10
-74.320999
  20
1379.560181
  0
VERTEX
  8
85
  10
-78.513733
  20
1377.643433
  0
VERTEX
  8
85
  10
-82.856491
  20
1376.134155
  0
VERTEX
  8
85
  10
-87.357422
  20
1375.264893
  0
VERTEX
  8
85
  10
-89.589539
  20
1375.154785
  0
VERTEX
  8
85
  10
-91.818970
  20
1375.282349
  0
VERTEX
  8
85
  10
-97.864975
  20
1376.662109
  0
VERTEX
  8
85
  10
-103.630966
  20
1379.018311
  0
VERTEX
  8
85
  10
-109.222473
  20
1381.796997
  0
VERTEX
  8
85
  10
-114.207169
  20
1384.208252
  0
VERTEX
  8
85
  10
-119.310486
  20
1386.333496
  0
VERTEX
  8
85
  10
-124.636398
  20
1387.715698
  0
VERTEX
  8
85
  10
-126.204544
  20
1387.808350
  0
VERTEX
  8
85
  10
-127.793686
  20
1387.705566
  0
VERTEX
  8
85
  10
-133.180313
  20
1386.290649
  0
VERTEX
  8
85
  10
-138.364349
  20
1384.190308
  0
VERTEX
  8
85
  10
-143.429718
  20
1381.797241
  0
VERTEX
  8
85
  10
-149.017975
  20
1378.963501
  0
VERTEX
  8
85
  10
-154.792496
  20
1376.576050
  0
VERTEX
  8
85
  10
-160.869766
  20
1375.252563
  0
VERTEX
  8
85
  10
-163.104523
  20
1375.154907
  0
VERTEX
  8
85
  10
-165.330826
  20
1375.294556
  0
VERTEX
  8
85
  10
-171.366409
  20
1376.695313
  0
VERTEX
  8
85
  10
-177.130676
  20
1379.039673
  0
VERTEX
  8
85
  10
-182.724136
  20
1381.799194
  0
VERTEX
  8
85
  10
-187.698151
  20
1384.227295
  0
VERTEX
  8
85
  10
-192.795929
  20
1386.358398
  0
VERTEX
  8
85
  10
-198.125183
  20
1387.714966
  0
VERTEX
  8
85
  10
-199.711609
  20
1387.808716
  0
VERTEX
  8
85
  10
-201.298645
  20
1387.715088
  0
VERTEX
  8
85
  10
-206.629318
  20
1386.358032
  0
VERTEX
  8
85
  10
-211.727112
  20
1384.222778
  0
VERTEX
  8
85
  10
-216.703613
  20
1381.796509
  0
VERTEX
  8
85
  10
-221.239807
  20
1379.553223
  0
VERTEX
  8
85
  10
-226.010666
  20
1377.460083
  0
VERTEX
  8
85
  10
-230.877899
  20
1375.885010
  0
VERTEX
  8
85
  10
-233.573685
  20
1375.363281
  0
VERTEX
  8
85
  10
-236.301941
  20
1375.153687
  0
VERTEX
  8
85
  10
-238.574921
  20
1375.259766
  0
VERTEX
  8
85
  10
-244.640457
  20
1376.627319
  0
VERTEX
  8
85
  10
-250.418274
  20
1379.001343
  0
VERTEX
  8
85
  10
-256.015625
  20
1381.808960
  0
VERTEX
  8
85
  10
-261.250366
  20
1384.369751
  0
VERTEX
  8
85
  10
-266.644470
  20
1386.542603
  0
VERTEX
  8
85
  10
-270.765625
  20
1387.610229
  0
VERTEX
  8
85
  10
-273.208984
  20
1387.804688
  0
VERTEX
  8
85
  10
-275.652374
  20
1387.610229
  0
VERTEX
  8
85
  10
-279.773560
  20
1386.542603
  0
VERTEX
  8
85
  10
-286.431427
  20
1383.779053
  0
VERTEX
  8
85
  10
-292.888428
  20
1380.536987
  0
VERTEX
  8
85
  10
-299.433533
  20
1377.492188
  0
VERTEX
  8
85
  10
-303.566101
  20
1376.079468
  0
VERTEX
  8
85
  10
-307.843109
  20
1375.259766
  0
VERTEX
  8
85
  10
-310.116089
  20
1375.153687
  0
VERTEX
  8
85
  10
-312.844360
  20
1375.363281
  0
VERTEX
  8
85
  10
-315.540100
  20
1375.885010
  0
VERTEX
  8
85
  10
-320.407410
  20
1377.460083
  0
VERTEX
  8
85
  10
-328.540741
  20
1381.203857
  0
VERTEX
  8
85
  10
-336.615631
  20
1385.086060
  0
VERTEX
  8
85
  10
-345.119324
  20
1387.715088
  0
VERTEX
  8
85
  10
-346.706482
  20
1387.808716
  0
VERTEX
  8
85
  10
-348.292816
  20
1387.714966
  0
VERTEX
  8
85
  10
-353.622070
  20
1386.358521
  0
VERTEX
  8
85
  10
-358.719879
  20
1384.227295
  0
VERTEX
  8
85
  10
-363.693909
  20
1381.799194
  0
VERTEX
  8
85
  10
-369.287384
  20
1379.039673
  0
VERTEX
  8
85
  10
-375.051605
  20
1376.695190
  0
VERTEX
  8
85
  10
-381.087219
  20
1375.294556
  0
VERTEX
  8
85
  10
-383.313507
  20
1375.154907
  0
VERTEX
  8
85
  10
-385.548248
  20
1375.252563
  0
VERTEX
  8
85
  10
-391.625610
  20
1376.576050
  0
VERTEX
  8
85
  10
-397.400208
  20
1378.963623
  0
VERTEX
  8
85
  10
-402.988495
  20
1381.797363
  0
VERTEX
  8
85
  10
-408.053802
  20
1384.190308
  0
VERTEX
  8
85
  10
-413.237732
  20
1386.290649
  0
VERTEX
  8
85
  10
-418.624268
  20
1387.705566
  0
VERTEX
  8
85
  10
-420.213409
  20
1387.808350
  0
VERTEX
  8
85
  10
-421.781586
  20
1387.715698
  0
VERTEX
  8
85
  10
-427.107666
  20
1386.333496
  0
VERTEX
  8
85
  10
-432.211121
  20
1384.208130
  0
VERTEX
  8
85
  10
-437.195923
  20
1381.796753
  0
VERTEX
  8
85
  10
-442.787384
  20
1379.018311
  0
VERTEX
  8
85
  10
-448.553223
  20
1376.661987
  0
VERTEX
  8
85
  10
-454.599121
  20
1375.282349
  0
VERTEX
  8
85
  10
-456.828491
  20
1375.154785
  0
VERTEX
  8
85
  10
-459.060791
  20
1375.264893
  0
VERTEX
  8
85
  10
-465.130554
  20
1376.612793
  0
VERTEX
  8
85
  10
-470.909119
  20
1378.982910
  0
VERTEX
  8
85
  10
-476.499847
  20
1381.804199
  0
VERTEX
  8
85
  10
-483.236755
  20
1385.020996
  0
VERTEX
  8
85
  10
-490.254974
  20
1387.477783
  0
VERTEX
  8
85
  10
-491.860718
  20
1387.737793
  0
VERTEX
  8
85
  10
-493.415283
  20
1387.808350
  0
VERTEX
  8
85
  10
-496.533386
  20
1387.539185
  0
SEQEND
  0
POINT
  8
2
  10
-49.884644
  20
1387.539185
  0
POINT
  8
2
  10
-496.533386
  20
1387.539185
  0
POINT
  8
3
  10
-53.002731
  20
1387.808350
  0
POINT
  8
3
  10
-54.557343
  20
1387.737793
  0
POINT
  8
3
  10
-56.163025
  20
1387.477783
  0
POINT
  8
3
  10
-65.431000
  20
1384.006348
  0
POINT
  8
3
  10
-74.320999
  20
1379.560181
  0
POINT
  8
3
  10
-78.513733
  20
1377.643433
  0
POINT
  8
3
  10
-82.856491
  20
1376.134155
  0
POINT
  8
3
  10
-87.357422
  20
1375.264893
  0
POINT
  8
3
  10
-89.589539
  20
1375.154785
  0
POINT
  8
3
  10
-91.818970
  20
1375.282349
  0
POINT
  8
3
  10
-97.864975
  20
1376.662109
  0
POINT
  8
3
  10
-103.630966
  20
1379.018311
  0
POINT
  8
3
  10
-109.222473
  20
1381.796997
  0
POINT
  8
3
  10
-114.207169
  20
1384.208252
  0
POINT
  8
3
  10
-119.310486
  20
1386.333496
  0
POINT
  8
3
  10
-124.636398
  20
1387.715698
  0
POINT
  8
3
  10
-126.204544
  20
1387.808350
  0
POINT
  8
3
  10
-127.793686
  20
1387.705566
  0
POINT
  8
3
  10
-133.180313
  20
1386.290649
  0
POINT
  8
3
  10
-138.364349
  20
1384.190308
  0
POINT
  8
3
  10
-143.429718
  20
1381.797241
  0
POINT
  8
3
  10
-149.017975
  20
1378.963501
  0
POINT
  8
3
  10
-154.792496
  20
1376.576050
  0
POINT
  8
3
  10
-160.869766
  20
1375.252563
  0
POINT
  8
3
  10
-163.104523
  20
1375.154907
  0
POINT
  8
3
  10
-165.330826
  20
1375.294556
  0
POINT
  8
3
  10
-171.366409
  20
1376.695313
  0
POINT
  8
3
  10
-177.130676
  20
1379.039673
  0
POINT
  8
3
  10
-182.724136
  20
1381.799194
  0
POINT
  8
3
  10
-187.698151
  20
1384.227295
  0
POINT
  8
3
  10
-192.795929
  20
1386.358398
  0
POINT
  8
3
  10
-198.125183
  20
1387.714966
  0
POINT
  8
3
  10
-199.711609
  20
1387.808716
  0
POINT
  8
3
  10
-201.298645
  20
1387.715088
  0
POINT
  8
3
  10
-206.629318
  20
1386.358032
  0
POINT
  8
3
  10
-211.727112
  20
1384.222778
  0
POINT
  8
3
  10
-216.703613
  20
1381.796509
  0
POINT
  8
3
  10
-221.239807
  20
1379.553223
  0
POINT
  8
3
  10
-226.010666
  20
1377.460083
  0
POINT
  8
3
  10
-230.877899
  20
1375.885010
  0
POINT
  8
3
  10
-233.573685
  20
1375.363281
  0
POINT
  8
3
  10
-236.301941
  20
1375.153687
  0
POINT
  8
3
  10
-238.574921
  20
1375.259766
  0
POINT
  8
3
  10
-244.640457
  20
1376.627319
  0
POINT
  8
3
  10
-250.418274
  20
1379.001343
  0
POINT
  8
3
  10
-256.015625
  20
1381.808960
  0
POINT
  8
3
  10
-261.250366
  20
1384.369751
  0
POINT
  8
3
  10
-266.644470
  20
1386.542603
  0
POINT
  8
3
  10
-270.765625
  20
1387.610229
  0
POINT
  8
3
  10
-273.208984
  20
1387.804688
  0
POINT
  8
3
  10
-275.652374
  20
1387.610229
  0
POINT
  8
3
  10
-279.773560
  20
1386.542603
  0
POINT
  8
3
  10
-286.431427
  20
1383.779053
  0
POINT
  8
3
  10
-292.888428
  20
1380.536987
  0
POINT
  8
3
  10
-299.433533
  20
1377.492188
  0
POINT
  8
3
  10
-303.566101
  20
1376.079468
  0
POINT
  8
3
  10
-307.843109
  20
1375.259766
  0
POINT
  8
3
  10
-310.116089
  20
1375.153687
  0
POINT
  8
3
  10
-312.844360
  20
1375.363281
  0
POINT
  8
3
  10
-315.540100
  20
1375.885010
  0
POINT
  8
3
  10
-320.407410
  20
1377.460083
  0
POINT
  8
3
  10
-328.540741
  20
1381.203857
  0
POINT
  8
3
  10
-336.615631
  20
1385.086060
  0
POINT
  8
3
  10
-345.119324
  20
1387.715088
  0
POINT
  8
3
  10
-346.706482
  20
1387.808716
  0
POINT
  8
3
  10
-348.292816
  20
1387.714966
  0
POINT
  8
3
  10
-353.622070
  20
1386.358521
  0
POINT
  8
3
  10
-358.719879
  20
1384.227295
  0
POINT
  8
3
  10
-363.693909
  20
1381.799194
  0
POINT
  8
3
  10
-369.287384
  20
1379.039673
  0
POINT
  8
3
  10
-375.051605
  20
1376.695190
  0
POINT
  8
3
  10
-381.087219
  20
1375.294556
  0
POINT
  8
3
  10
-383.313507
  20
1375.154907
  0
POINT
  8
3
  10
-385.548248
  20
1375.252563
  0
POINT
  8
3
  10
-391.625610
  20
1376.576050
  0
POINT
  8
3
  10
-397.400208
  20
1378.963623
  0
POINT
  8
3
  10
-402.988495
  20
1381.797363
  0
POINT
  8
3
  10
-408.053802
  20
1384.190308
  0
POINT
  8
3
  10
-413.237732
  20
1386.290649
  0
POINT
  8
3
  10
-418.624268
  20
1387.705566
  0
POINT
  8
3
  10
-420.213409
  20
1387.808350
  0
POINT
  8
3
  10
-421.781586
  20
1387.715698
  0
POINT
  8
3
  10
-427.107666
  20
1386.333496
  0
POINT
  8
3
  10
-432.211121
  20
1384.208130
  0
POINT
  8
3
  10
-437.195923
  20
1381.796753
  0
POINT
  8
3
  10
-442.787384
  20
1379.018311
  0
POINT
  8
3
  10
-448.553223
  20
1376.661987
  0
POINT
  8
3
  10
-454.599121
  20
1375.282349
  0
POINT
  8
3
  10
-456.828491
  20
1375.154785
  0
POINT
  8
3
  10
-459.060791
  20
1375.264893
  0
POINT
  8
3
  10
-465.130554
  20
1376.612793
  0
POINT
  8
3
  10
-470.909119
  20
1378.982910
  0
POINT
  8
3
  10
-476.499847
  20
1381.804199
  0
POINT
  8
3
  10
-483.236755
  20
1385.020996
  0
POINT
  8
3
  10
-490.254974
  20
1387.477783
  0
POINT
  8
3
  10
-491.860718
  20
1387.737793
  0
POINT
  8
3
  10
-493.415283
  20
1387.808350
  0
POLYLINE
  8
8
  66
1
  70
0
  250
0
  0
VERTEX
  8
8
  10
-388.091766
  20
1377.421509
  0
VERTEX
  8
8
  10
-388.091766
  20
1378.889282
  0
SEQEND
  0
POINT
  8
2
  10
-388.091766
  20
1377.421509
  0
POINT
  8
2
  10
-388.091766
  20
1378.889282
  0
POLYLINE
  8
85
  66
1
  70
0
  250
1
  0
VERTEX
  8
85
  10
-388.091766
  20
1377.421509
  0
VERTEX
  8
85
  10
-388.091766
  20
1378.889282
  0
SEQEND
  0
POINT
  8
2
  10
-388.091766
  20
1377.421509
  0
POINT
  8
2
  10
-388.091766
  20
1378.889282
  0
POLYLINE
  8
8
  66
1
  70
0
  250
0
  0
VERTEX
  8
8
  10
-158.326263
  20
1377.421509
  0
VERTEX
  8
8
  10
-158.326263
  20
1378.889282
  0
SEQEND
  0
POINT
  8
2
  10
-158.326263
  20
1377.421509
  0
POINT
  8
2
  10
-158.326263
  20
1378.889282
  0
POLYLINE
  8
85
  66
1
  70
0
  250
1
  0
VERTEX
  8
85
  10
-158.326263
  20
1377.421509
  0
VERTEX
  8
85
  10
-158.326263
  20
1378.889282
  0
SEQEND
  0
POINT
  8
2
  10
-158.326263
  20
1377.421509
  0
POINT
  8
2
  10
-158.326263
  20
1378.889282
  0
POLYLINE
  8
8
  66
1
  70
0
  250
0
  0
VERTEX
  8
8
  10
-273.209015
  20
1295.630981
  0
VERTEX
  8
8
  10
-273.209015
  20
1391.014038
  0
SEQEND
  0
POINT
  8
2
  10
-273.209015
  20
1295.630981
  0
POINT
  8
2
  10
-273.209015
  20
1391.014038
  0
POLYLINE
  8
85
  66
1
  70
0
  250
1
  0
VERTEX
  8
85
  10
-273.209015
  20
1295.630981
  0
VERTEX
  8
85
  10
-273.209015
  20
1391.014038
  0
SEQEND
  0
POINT
  8
2
  10
-273.209015
  20
1295.630981
  0
POINT
  8
2
  10
-273.209015
  20
1391.014038
  0
POLYLINE
  8
8
  66
1
  70
0
  250
0
  0
VERTEX
  8
8
  10
-502.974548
  20
1314.613647
  0
VERTEX
  8
8
  10
-490.536194
  20
1313.207642
  0
VERTEX
  8
8
  10
-470.635315
  20
1310.395630
  0
VERTEX
  8
8
  10
-419.526093
  20
1303.364624
  0
VERTEX
  8
8
  10
-374.975159
  20
1299.146606
  0
VERTEX
  8
8
  10
-330.198059
  20
1296.568481
  0
VERTEX
  8
8
  10
-295.371521
  20
1295.630981
  0
VERTEX
  8
8
  10
-273.209015
  20
1295.630981
  0
VERTEX
  8
8
  10
-251.046509
  20
1295.630981
  0
VERTEX
  8
8
  10
-216.219971
  20
1296.568481
  0
VERTEX
  8
8
  10
-171.442871
  20
1299.146606
  0
VERTEX
  8
8
  10
-126.891937
  20
1303.364624
  0
VERTEX
  8
8
  10
-75.782700
  20
1310.395630
  0
VERTEX
  8
8
  10
-55.881851
  20
1313.207642
  0
VERTEX
  8
8
  10
-43.443497
  20
1314.613647
  0
SEQEND
  0
POINT
  8
2
  10
-502.974548
  20
1314.613647
  0
POINT
  8
2
  10
-43.443497
  20
1314.613647
  0
POINT
  8
3
  10
-490.536194
  20
1313.207642
  0
POINT
  8
3
  10
-470.635315
  20
1310.395630
  0
POINT
  8
3
  10
-419.526093
  20
1303.364624
  0
POINT
  8
3
  10
-374.975159
  20
1299.146606
  0
POINT
  8
3
  10
-330.198059
  20
1296.568481
  0
POINT
  8
3
  10
-295.371521
  20
1295.630981
  0
POINT
  8
3
  10
-273.209015
  20
1295.630981
  0
POINT
  8
3
  10
-251.046509
  20
1295.630981
  0
POINT
  8
3
  10
-216.219971
  20
1296.568481
  0
POINT
  8
3
  10
-171.442871
  20
1299.146606
  0
POINT
  8
3
  10
-126.891937
  20
1303.364624
  0
POINT
  8
3
  10
-75.782700
  20
1310.395630
  0
POINT
  8
3
  10
-55.881851
  20
1313.207642
  0
POLYLINE
  8
85
  66
1
  70
0
  250
1
  0
VERTEX
  8
85
  10
-502.974548
  20
1314.613647
  0
VERTEX
  8
85
  10
-490.536194
  20
1313.207642
  0
VERTEX
  8
85
  10
-470.635315
  20
1310.395630
  0
VERTEX
  8
85
  10
-419.526093
  20
1303.364624
  0
VERTEX
  8
85
  10
-374.975159
  20
1299.146606
  0
VERTEX
  8
85
  10
-330.198059
  20
1296.568481
  0
VERTEX
  8
85
  10
-295.371521
  20
1295.630981
  0
VERTEX
  8
85
  10
-273.209015
  20
1295.630981
  0
VERTEX
  8
85
  10
-251.046509
  20
1295.630981
  0
VERTEX
  8
85
  10
-216.219971
  20
1296.568481
  0
VERTEX
  8
85
  10
-171.442871
  20
1299.146606
  0
VERTEX
  8
85
  10
-126.891937
  20
1303.364624
  0
VERTEX
  8
85
  10
-75.782700
  20
1310.395630
  0
VERTEX
  8
85
  10
-55.881851
  20
1313.207642
  0
VERTEX
  8
85
  10
-43.443497
  20
1314.613647
  0
SEQEND
  0
POINT
  8
2
  10
-502.974548
  20
1314.613647
  0
POINT
  8
2
  10
-43.443497
  20
1314.613647
  0
POINT
  8
3
  10
-490.536194
  20
1313.207642
  0
POINT
  8
3
  10
-470.635315
  20
1310.395630
  0
POINT
  8
3
  10
-419.526093
  20
1303.364624
  0
POINT
  8
3
  10
-374.975159
  20
1299.146606
  0
POINT
  8
3
  10
-330.198059
  20
1296.568481
  0
POINT
  8
3
  10
-295.371521
  20
1295.630981
  0
POINT
  8
3
  10
-273.209015
  20
1295.630981
  0
POINT
  8
3
  10
-251.046509
  20
1295.630981
  0
POINT
  8
3
  10
-216.219971
  20
1296.568481
  0
POINT
  8
3
  10
-171.442871
  20
1299.146606
  0
POINT
  8
3
  10
-126.891937
  20
1303.364624
  0
POINT
  8
3
  10
-75.782700
  20
1310.395630
  0
POINT
  8
3
  10
-55.881851
  20
1313.207642
  0
ENDBLK
  0
BLOCK
  8
0
  2
Pattern2D_1546985_M
  70
64
  10
0
  20
0
  0
TEXT
  8
1
  10
240.047760
  20
1332.628784
  50
0.000000
  51
0.000000
  71
0.000000
  1
PIECE NAME: Pattern2D_1546985
  7
STANDARD
  0
TEXT
  8
1
  10
240.047760
  20
1327.628784
  50
0.000000
  51
0.000000
  71
0.000000
  1
SIZE: M
  7
STANDARD
  0
TEXT
  8
1
  10
240.047760
  20
1317.628784
  50
0.000000
  51
0.000000
  71
0.000000
  1
QUANTITY: 1
  7
STANDARD
  0
TEXT
  8
1
  10
240.047760
  20
1317.628784
  40
0.250000
  50
0.000000
  1
ROTATION: 0
  7
STANDARD
  0
POLYLINE
  8
1
  66
1
  70
1
  250
2
  0
VERTEX
  8
1
  10
469.895325
  20
1284.366089
  0
VERTEX
  8
1
  10
469.813263
  20
1310.792480
  0
VERTEX
  8
1
  10
462.989258
  20
1386.916504
  0
VERTEX
  8
1
  10
460.315063
  20
1387.192627
  0
VERTEX
  8
1
  10
450.846191
  20
1385.062012
  0
VERTEX
  8
1
  10
441.997345
  20
1380.865234
  0
VERTEX
  8
1
  10
433.005432
  20
1376.744507
  0
VERTEX
  8
1
  10
423.453003
  20
1374.537354
  0
VERTEX
  8
1
  10
414.039368
  20
1376.854980
  0
VERTEX
  8
1
  10
405.135315
  20
1380.865234
  0
VERTEX
  8
1
  10
396.304565
  20
1385.142090
  0
VERTEX
  8
1
  10
386.817383
  20
1387.192749
  0
VERTEX
  8
1
  10
377.356934
  20
1385.032959
  0
VERTEX
  8
1
  10
368.499207
  20
1380.865234
  0
VERTEX
  8
1
  10
359.623047
  20
1376.745605
  0
VERTEX
  8
1
  10
350.181549
  20
1374.537354
  0
VERTEX
  8
1
  10
340.759033
  20
1376.825806
  0
VERTEX
  8
1
  10
331.863342
  20
1380.865234
  0
VERTEX
  8
1
  10
323.005890
  20
1385.032959
  0
VERTEX
  8
1
  10
313.545654
  20
1387.192627
  0
VERTEX
  8
1
  10
304.004089
  20
1384.956543
  0
VERTEX
  8
1
  10
295.001556
  20
1380.865234
  0
VERTEX
  8
1
  10
286.181580
  20
1376.646729
  0
VERTEX
  8
1
  10
276.683838
  20
1374.537354
  0
VERTEX
  8
1
  10
271.954041
  20
1375.296509
  0
VERTEX
  8
1
  10
267.411560
  20
1376.881348
  0
VERTEX
  8
1
  10
258.365448
  20
1380.865234
  0
VERTEX
  8
1
  10
247.510483
  20
1385.786621
  0
VERTEX
  8
1
  10
242.987656
  20
1386.958740
  0
VERTEX
  8
1
  10
240.047974
  20
1387.192627
  0
VERTEX
  8
1
  10
237.107834
  20
1386.958740
  0
VERTEX
  8
1
  10
232.585007
  20
1385.786621
  0
VERTEX
  8
1
  10
221.730042
  20
1380.865234
  0
VERTEX
  8
1
  10
212.683929
  20
1376.881348
  0
VERTEX
  8
1
  10
208.141449
  20
1375.296509
  0
VERTEX
  8
1
  10
203.411636
  20
1374.537354
  0
VERTEX
  8
1
  10
193.913895
  20
1376.646729
  0
VERTEX
  8
1
  10
185.093933
  20
1380.865234
  0
VERTEX
  8
1
  10
176.091400
  20
1384.956543
  0
VERTEX
  8
1
  10
166.549835
  20
1387.192627
  0
VERTEX
  8
1
  10
157.089600
  20
1385.032959
  0
VERTEX
  8
1
  10
148.232147
  20
1380.865234
  0
VERTEX
  8
1
  10
139.336472
  20
1376.825806
  0
VERTEX
  8
1
  10
129.913940
  20
1374.537354
  0
VERTEX
  8
1
  10
120.472458
  20
1376.745605
  0
VERTEX
  8
1
  10
111.596283
  20
1380.865234
  0
VERTEX
  8
1
  10
102.738556
  20
1385.032959
  0
VERTEX
  8
1
  10
93.278107
  20
1387.192749
  0
VERTEX
  8
1
  10
83.790939
  20
1385.142090
  0
VERTEX
  8
1
  10
74.960175
  20
1380.865234
  0
VERTEX
  8
1
  10
66.056122
  20
1376.854980
  0
VERTEX
  8
1
  10
56.642471
  20
1374.537354
  0
VERTEX
  8
1
  10
47.090057
  20
1376.744507
  0
VERTEX
  8
1
  10
38.098145
  20
1380.865234
  0
VERTEX
  8
1
  10
29.249313
  20
1385.062012
  0
VERTEX
  8
1
  10
19.780441
  20
1387.192627
  0
VERTEX
  8
1
  10
17.106232
  20
1386.916382
  0
VERTEX
  8
1
  10
10.282227
  20
1310.792480
  0
VERTEX
  8
1
  10
10.200195
  20
1284.366211
  0
VERTEX
  8
1
  10
24.968124
  20
1283.632324
  0
VERTEX
  8
1
  10
50.258987
  20
1282.311523
  0
VERTEX
  8
1
  10
60.677628
  20
1281.838867
  0
VERTEX
  8
1
  10
71.753937
  20
1281.374512
  0
VERTEX
  8
1
  10
83.153046
  20
1280.924072
  0
VERTEX
  8
1
  10
94.497391
  20
1280.494873
  0
VERTEX
  8
1
  10
105.463379
  20
1280.091797
  0
VERTEX
  8
1
  10
115.862518
  20
1279.714966
  0
VERTEX
  8
1
  10
128.008606
  20
1279.460205
  0
VERTEX
  8
1
  10
140.766876
  20
1279.189819
  0
VERTEX
  8
1
  10
153.935425
  20
1278.919067
  0
VERTEX
  8
1
  10
167.121948
  20
1278.667358
  0
VERTEX
  8
1
  10
179.870972
  20
1278.454834
  0
VERTEX
  8
1
  10
191.828552
  20
1278.300781
  0
VERTEX
  8
1
  10
203.905960
  20
1278.189087
  0
VERTEX
  8
1
  10
215.962967
  20
1278.116455
  0
VERTEX
  8
1
  10
228.019958
  20
1278.076660
  0
VERTEX
  8
1
  10
240.047745
  20
1278.064819
  0
VERTEX
  8
1
  10
252.075531
  20
1278.076660
  0
VERTEX
  8
1
  10
264.132538
  20
1278.116455
  0
VERTEX
  8
1
  10
276.189514
  20
1278.189087
  0
VERTEX
  8
1
  10
288.266937
  20
1278.300781
  0
VERTEX
  8
1
  10
300.224518
  20
1278.454834
  0
VERTEX
  8
1
  10
312.973541
  20
1278.667358
  0
VERTEX
  8
1
  10
326.160065
  20
1278.919067
  0
VERTEX
  8
1
  10
339.328613
  20
1279.189819
  0
VERTEX
  8
1
  10
352.086884
  20
1279.460205
  0
VERTEX
  8
1
  10
364.233063
  20
1279.714966
  0
VERTEX
  8
1
  10
374.632172
  20
1280.091797
  0
VERTEX
  8
1
  10
385.606567
  20
1280.495239
  0
VERTEX
  8
1
  10
396.942383
  20
1280.924072
  0
VERTEX
  8
1
  10
408.341797
  20
1281.374512
  0
VERTEX
  8
1
  10
419.418091
  20
1281.838867
  0
VERTEX
  8
1
  10
429.836517
  20
1282.311523
  0
VERTEX
  8
1
  10
455.127625
  20
1283.632324
  0
SEQEND
  0
POINT
  8
2
  10
469.895325
  20
1284.366089
  0
POINT
  8
2
  10
469.813263
  20
1310.792480
  0
POINT
  8
2
  10
462.989258
  20
1386.916504
  0
POINT
  8
2
  10
17.106232
  20
1386.916382
  0
POINT
  8
2
  10
10.282227
  20
1310.792480
  0
POINT
  8
2
  10
10.200195
  20
1284.366211
  0
POINT
  8
3
  10
460.315063
  20
1387.192627
  0
POINT
  8
3
  10
450.846191
  20
1385.062012
  0
POINT
  8
3
  10
441.997345
  20
1380.865234
  0
POINT
  8
3
  10
433.005432
  20
1376.744507
  0
POINT
  8
3
  10
423.453003
  20
1374.537354
  0
POINT
  8
3
  10
414.039368
  20
1376.854980
  0
POINT
  8
3
  10
405.135315
  20
1380.865234
  0
POINT
  8
3
  10
396.304565
  20
1385.142090
  0
POINT
  8
3
  10
386.817383
  20
1387.192749
  0
POINT
  8
3
  10
377.356934
  20
1385.032959
  0
POINT
  8
3
  10
368.499207
  20
1380.865234
  0
POINT
  8
3
  10
359.623047
  20
1376.745605
  0
POINT
  8
3
  10
350.181549
  20
1374.537354
  0
POINT
  8
3
  10
340.759033
  20
1376.825806
  0
POINT
  8
3
  10
331.863342
  20
1380.865234
  0
POINT
  8
3
  10
323.005890
  20
1385.032959
  0
POINT
  8
3
  10
313.545654
  20
1387.192627
  0
POINT
  8
3
  10
304.004089
  20
1384.956543
  0
POINT
  8
3
  10
295.001556
  20
1380.865234
  0
POINT
  8
3
  10
286.181580
  20
1376.646729
  0
POINT
  8
3
  10
276.683838
  20
1374.537354
  0
POINT
  8
3
  10
271.954041
  20
1375.296509
  0
POINT
  8
3
  10
267.411560
  20
1376.881348
  0
POINT
  8
3
  10
258.365448
  20
1380.865234
  0
POINT
  8
3
  10
247.510483
  20
1385.786621
  0
POINT
  8
3
  10
242.987656
  20
1386.958740
  0
POINT
  8
3
  10
240.047974
  20
1387.192627
  0
POINT
  8
3
  10
237.107834
  20
1386.958740
  0
POINT
  8
3
  10
232.585007
  20
1385.786621
  0
POINT
  8
3
  10
221.730042
  20
1380.865234
  0
POINT
  8
3
  10
212.683929
  20
1376.881348
  0
POINT
  8
3
  10
208.141449
  20
1375.296509
  0
POINT
  8
3
  10
203.411636
  20
1374.537354
  0
POINT
  8
3
  10
193.913895
  20
1376.646729
  0
POINT
  8
3
  10
185.093933
  20
1380.865234
  0
POINT
  8
3
  10
176.091400
  20
1384.956543
  0
POINT
  8
3
  10
166.549835
  20
1387.192627
  0
POINT
  8
3
  10
157.089600
  20
1385.032959
  0
POINT
  8
3
  10
148.232147
  20
1380.865234
  0
POINT
  8
3
  10
139.336472
  20
1376.825806
  0
POINT
  8
3
  10
129.913940
  20
1374.537354
  0
POINT
  8
3
  10
120.472458
  20
1376.745605
  0
POINT
  8
3
  10
111.596283
  20
1380.865234
  0
POINT
  8
3
  10
102.738556
  20
1385.032959
  0
POINT
  8
3
  10
93.278107
  20
1387.192749
  0
POINT
  8
3
  10
83.790939
  20
1385.142090
  0
POINT
  8
3
  10
74.960175
  20
1380.865234
  0
POINT
  8
3
  10
66.056122
  20
1376.854980
  0
POINT
  8
3
  10
56.642471
  20
1374.537354
  0
POINT
  8
3
  10
47.090057
  20
1376.744507
  0
POINT
  8
3
  10
38.098145
  20
1380.865234
  0
POINT
  8
3
  10
29.249313
  20
1385.062012
  0
POINT
  8
3
  10
19.780441
  20
1387.192627
  0
POINT
  8
3
  10
24.968124
  20
1283.632324
  0
POINT
  8
3
  10
50.258987
  20
1282.311523
  0
POINT
  8
3
  10
60.677628
  20
1281.838867
  0
POINT
  8
3
  10
71.753937
  20
1281.374512
  0
POINT
  8
3
  10
83.153046
  20
1280.924072
  0
POINT
  8
3
  10
94.497391
  20
1280.494873
  0
POINT
  8
3
  10
105.463379
  20
1280.091797
  0
POINT
  8
3
  10
115.862518
  20
1279.714966
  0
POINT
  8
3
  10
128.008606
  20
1279.460205
  0
POINT
  8
3
  10
140.766876
  20
1279.189819
  0
POINT
  8
3
  10
153.935425
  20
1278.919067
  0
POINT
  8
3
  10
167.121948
  20
1278.667358
  0
POINT
  8
3
  10
179.870972
  20
1278.454834
  0
POINT
  8
3
  10
191.828552
  20
1278.300781
  0
POINT
  8
3
  10
203.905960
  20
1278.189087
  0
POINT
  8
3
  10
215.962967
  20
1278.116455
  0
POINT
  8
3
  10
228.019958
  20
1278.076660
  0
POINT
  8
3
  10
240.047745
  20
1278.064819
  0
POINT
  8
3
  10
252.075531
  20
1278.076660
  0
POINT
  8
3
  10
264.132538
  20
1278.116455
  0
POINT
  8
3
  10
276.189514
  20
1278.189087
  0
POINT
  8
3
  10
288.266937
  20
1278.300781
  0
POINT
  8
3
  10
300.224518
  20
1278.454834
  0
POINT
  8
3
  10
312.973541
  20
1278.667358
  0
POINT
  8
3
  10
326.160065
  20
1278.919067
  0
POINT
  8
3
  10
339.328613
  20
1279.189819
  0
POINT
  8
3
  10
352.086884
  20
1279.460205
  0
POINT
  8
3
  10
364.233063
  20
1279.714966
  0
POINT
  8
3
  10
374.632172
  20
1280.091797
  0
POINT
  8
3
  10
385.606567
  20
1280.495239
  0
POINT
  8
3
  10
396.942383
  20
1280.924072
  0
POINT
  8
3
  10
408.341797
  20
1281.374512
  0
POINT
  8
3
  10
419.418091
  20
1281.838867
  0
POINT
  8
3
  10
429.836517
  20
1282.311523
  0
POINT
  8
3
  10
455.127625
  20
1283.632324
  0
POLYLINE
  8
84
  66
1
  70
1
  250
2
  0
VERTEX
  8
84
  10
469.895325
  20
1284.366089
  0
VERTEX
  8
84
  10
469.813263
  20
1310.792480
  0
VERTEX
  8
84
  10
462.989258
  20
1386.916504
  0
VERTEX
  8
84
  10
460.315063
  20
1387.192627
  0
VERTEX
  8
84
  10
450.846191
  20
1385.062012
  0
VERTEX
  8
84
  10
441.997345
  20
1380.865234
  0
VERTEX
  8
84
  10
433.005432
  20
1376.744507
  0
VERTEX
  8
84
  10
423.453003
  20
1374.537354
  0
VERTEX
  8
84
  10
414.039368
  20
1376.854980
  0
VERTEX
  8
84
  10
405.135315
  20
1380.865234
  0
VERTEX
  8
84
  10
396.304565
  20
1385.142090
  0
VERTEX
  8
84
  10
386.817383
  20
1387.192749
  0
VERTEX
  8
84
  10
377.356934
  20
1385.032959
  0
VERTEX
  8
84
  10
368.499207
  20
1380.865234
  0
VERTEX
  8
84
  10
359.623047
  20
1376.745605
  0
VERTEX
  8
84
  10
350.181549
  20
1374.537354
  0
VERTEX
  8
84
  10
340.759033
  20
1376.825806
  0
VERTEX
  8
84
  10
331.863342
  20
1380.865234
  0
VERTEX
  8
84
  10
323.005890
  20
1385.032959
  0
VERTEX
  8
84
  10
313.545654
  20
1387.192627
  0
VERTEX
  8
84
  10
304.004089
  20
1384.956543
  0
VERTEX
  8
84
  10
295.001556
  20
1380.865234
  0
VERTEX
  8
84
  10
286.181580
  20
1376.646729
  0
VERTEX
  8
84
  10
276.683838
  20
1374.537354
  0
VERTEX
  8
84
  10
271.954041
  20
1375.296509
  0
VERTEX
  8
84
  10
267.411560
  20
1376.881348
  0
VERTEX
  8
84
  10
258.365448
  20
1380.865234
  0
VERTEX
  8
84
  10
247.510483
  20
1385.786621
  0
VERTEX
  8
84
  10
242.987656
  20
1386.958740
  0
VERTEX
  8
84
  10
240.047974
  20
1387.192627
  0
VERTEX
  8
84
  10
237.107834
  20
1386.958740
  0
VERTEX
  8
84
  10
232.585007
  20
1385.786621
  0
VERTEX
  8
84
  10
221.730042
  20
1380.865234
  0
VERTEX
  8
84
  10
212.683929
  20
1376.881348
  0
VERTEX
  8
84
  10
208.141449
  20
1375.296509
  0
VERTEX
  8
84
  10
203.411636
  20
1374.537354
  0
VERTEX
  8
84
  10
193.913895
  20
1376.646729
  0
VERTEX
  8
84
  10
185.093933
  20
1380.865234
  0
VERTEX
  8
84
  10
176.091400
  20
1384.956543
  0
VERTEX
  8
84
  10
166.549835
  20
1387.192627
  0
VERTEX
  8
84
  10
157.089600
  20
1385.032959
  0
VERTEX
  8
84
  10
148.232147
  20
1380.865234
  0
VERTEX
  8
84
  10
139.336472
  20
1376.825806
  0
VERTEX
  8
84
  10
129.913940
  20
1374.537354
  0
VERTEX
  8
84
  10
120.472458
  20
1376.745605
  0
VERTEX
  8
84
  10
111.596283
  20
1380.865234
  0
VERTEX
  8
84
  10
102.738556
  20
1385.032959
  0
VERTEX
  8
84
  10
93.278107
  20
1387.192749
  0
VERTEX
  8
84
  10
83.790939
  20
1385.142090
  0
VERTEX
  8
84
  10
74.960175
  20
1380.865234
  0
VERTEX
  8
84
  10
66.056122
  20
1376.854980
  0
VERTEX
  8
84
  10
56.642471
  20
1374.537354
  0
VERTEX
  8
84
  10
47.090057
  20
1376.744507
  0
VERTEX
  8
84
  10
38.098145
  20
1380.865234
  0
VERTEX
  8
84
  10
29.249313
  20
1385.062012
  0
VERTEX
  8
84
  10
19.780441
  20
1387.192627
  0
VERTEX
  8
84
  10
17.106232
  20
1386.916382
  0
VERTEX
  8
84
  10
10.282227
  20
1310.792480
  0
VERTEX
  8
84
  10
10.200195
  20
1284.366211
  0
VERTEX
  8
84
  10
24.968124
  20
1283.632324
  0
VERTEX
  8
84
  10
50.258987
  20
1282.311523
  0
VERTEX
  8
84
  10
60.677628
  20
1281.838867
  0
VERTEX
  8
84
  10
71.753937
  20
1281.374512
  0
VERTEX
  8
84
  10
83.153046
  20
1280.924072
  0
VERTEX
  8
84
  10
94.497391
  20
1280.494873
  0
VERTEX
  8
84
  10
105.463379
  20
1280.091797
  0
VERTEX
  8
84
  10
115.862518
  20
1279.714966
  0
VERTEX
  8
84
  10
128.008606
  20
1279.460205
  0
VERTEX
  8
84
  10
140.766876
  20
1279.189819
  0
VERTEX
  8
84
  10
153.935425
  20
1278.919067
  0
VERTEX
  8
84
  10
167.121948
  20
1278.667358
  0
VERTEX
  8
84
  10
179.870972
  20
1278.454834
  0
VERTEX
  8
84
  10
191.828552
  20
1278.300781
  0
VERTEX
  8
84
  10
203.905960
  20
1278.189087
  0
VERTEX
  8
84
  10
215.962967
  20
1278.116455
  0
VERTEX
  8
84
  10
228.019958
  20
1278.076660
  0
VERTEX
  8
84
  10
240.047745
  20
1278.064819
  0
VERTEX
  8
84
  10
252.075531
  20
1278.076660
  0
VERTEX
  8
84
  10
264.132538
  20
1278.116455
  0
VERTEX
  8
84
  10
276.189514
  20
1278.189087
  0
VERTEX
  8
84
  10
288.266937
  20
1278.300781
  0
VERTEX
  8
84
  10
300.224518
  20
1278.454834
  0
VERTEX
  8
84
  10
312.973541
  20
1278.667358
  0
VERTEX
  8
84
  10
326.160065
  20
1278.919067
  0
VERTEX
  8
84
  10
339.328613
  20
1279.189819
  0
VERTEX
  8
84
  10
352.086884
  20
1279.460205
  0
VERTEX
  8
84
  10
364.233063
  20
1279.714966
  0
VERTEX
  8
84
  10
374.632172
  20
1280.091797
  0
VERTEX
  8
84
  10
385.606567
  20
1280.495239
  0
VERTEX
  8
84
  10
396.942383
  20
1280.924072
  0
VERTEX
  8
84
  10
408.341797
  20
1281.374512
  0
VERTEX
  8
84
  10
419.418091
  20
1281.838867
  0
VERTEX
  8
84
  10
429.836517
  20
1282.311523
  0
VERTEX
  8
84
  10
455.127625
  20
1283.632324
  0
SEQEND
  0
POINT
  8
2
  10
469.895325
  20
1284.366089
  0
POINT
  8
2
  10
469.813263
  20
1310.792480
  0
POINT
  8
2
  10
462.989258
  20
1386.916504
  0
POINT
  8
2
  10
17.106232
  20
1386.916382
  0
POINT
  8
2
  10
10.282227
  20
1310.792480
  0
POINT
  8
2
  10
10.200195
  20
1284.366211
  0
POINT
  8
3
  10
460.315063
  20
1387.192627
  0
POINT
  8
3
  10
450.846191
  20
1385.062012
  0
POINT
  8
3
  10
441.997345
  20
1380.865234
  0
POINT
  8
3
  10
433.005432
  20
1376.744507
  0
POINT
  8
3
  10
423.453003
  20
1374.537354
  0
POINT
  8
3
  10
414.039368
  20
1376.854980
  0
POINT
  8
3
  10
405.135315
  20
1380.865234
  0
POINT
  8
3
  10
396.304565
  20
1385.142090
  0
POINT
  8
3
  10
386.817383
  20
1387.192749
  0
POINT
  8
3
  10
377.356934
  20
1385.032959
  0
POINT
  8
3
  10
368.499207
  20
1380.865234
  0
POINT
  8
3
  10
359.623047
  20
1376.745605
  0
POINT
  8
3
  10
350.181549
  20
1374.537354
  0
POINT
  8
3
  10
340.759033
  20
1376.825806
  0
POINT
  8
3
  10
331.863342
  20
1380.865234
  0
POINT
  8
3
  10
323.005890
  20
1385.032959
  0
POINT
  8
3
  10
313.545654
  20
1387.192627
  0
POINT
  8
3
  10
304.004089
  20
1384.956543
  0
POINT
  8
3
  10
295.001556
  20
1380.865234
  0
POINT
  8
3
  10
286.181580
  20
1376.646729
  0
POINT
  8
3
  10
276.683838
  20
1374.537354
  0
POINT
  8
3
  10
271.954041
  20
1375.296509
  0
POINT
  8
3
  10
267.411560
  20
1376.881348
  0
POINT
  8
3
  10
258.365448
  20
1380.865234
  0
POINT
  8
3
  10
247.510483
  20
1385.786621
  0
POINT
  8
3
  10
242.987656
  20
1386.958740
  0
POINT
  8
3
  10
240.047974
  20
1387.192627
  0
POINT
  8
3
  10
237.107834
  20
1386.958740
  0
POINT
  8
3
  10
232.585007
  20
1385.786621
  0
POINT
  8
3
  10
221.730042
  20
1380.865234
  0
POINT
  8
3
  10
212.683929
  20
1376.881348
  0
POINT
  8
3
  10
208.141449
  20
1375.296509
  0
POINT
  8
3
  10
203.411636
  20
1374.537354
  0
POINT
  8
3
  10
193.913895
  20
1376.646729
  0
POINT
  8
3
  10
185.093933
  20
1380.865234
  0
POINT
  8
3
  10
176.091400
  20
1384.956543
  0
POINT
  8
3
  10
166.549835
  20
1387.192627
  0
POINT
  8
3
  10
157.089600
  20
1385.032959
  0
POINT
  8
3
  10
148.232147
  20
1380.865234
  0
POINT
  8
3
  10
139.336472
  20
1376.825806
  0
POINT
  8
3
  10
129.913940
  20
1374.537354
  0
POINT
  8
3
  10
120.472458
  20
1376.745605
  0
POINT
  8
3
  10
111.596283
  20
1380.865234
  0
POINT
  8
3
  10
102.738556
  20
1385.032959
  0
POINT
  8
3
  10
93.278107
  20
1387.192749
  0
POINT
  8
3
  10
83.790939
  20
1385.142090
  0
POINT
  8
3
  10
74.960175
  20
1380.865234
  0
POINT
  8
3
  10
66.056122
  20
1376.854980
  0
POINT
  8
3
  10
56.642471
  20
1374.537354
  0
POINT
  8
3
  10
47.090057
  20
1376.744507
  0
POINT
  8
3
  10
38.098145
  20
1380.865234
  0
POINT
  8
3
  10
29.249313
  20
1385.062012
  0
POINT
  8
3
  10
19.780441
  20
1387.192627
  0
POINT
  8
3
  10
24.968124
  20
1283.632324
  0
POINT
  8
3
  10
50.258987
  20
1282.311523
  0
POINT
  8
3
  10
60.677628
  20
1281.838867
  0
POINT
  8
3
  10
71.753937
  20
1281.374512
  0
POINT
  8
3
  10
83.153046
  20
1280.924072
  0
POINT
  8
3
  10
94.497391
  20
1280.494873
  0
POINT
  8
3
  10
105.463379
  20
1280.091797
  0
POINT
  8
3
  10
115.862518
  20
1279.714966
  0
POINT
  8
3
  10
128.008606
  20
1279.460205
  0
POINT
  8
3
  10
140.766876
  20
1279.189819
  0
POINT
  8
3
  10
153.935425
  20
1278.919067
  0
POINT
  8
3
  10
167.121948
  20
1278.667358
  0
POINT
  8
3
  10
179.870972
  20
1278.454834
  0
POINT
  8
3
  10
191.828552
  20
1278.300781
  0
POINT
  8
3
  10
203.905960
  20
1278.189087
  0
POINT
  8
3
  10
215.962967
  20
1278.116455
  0
POINT
  8
3
  10
228.019958
  20
1278.076660
  0
POINT
  8
3
  10
240.047745
  20
1278.064819
  0
POINT
  8
3
  10
252.075531
  20
1278.076660
  0
POINT
  8
3
  10
264.132538
  20
1278.116455
  0
POINT
  8
3
  10
276.189514
  20
1278.189087
  0
POINT
  8
3
  10
288.266937
  20
1278.300781
  0
POINT
  8
3
  10
300.224518
  20
1278.454834
  0
POINT
  8
3
  10
312.973541
  20
1278.667358
  0
POINT
  8
3
  10
326.160065
  20
1278.919067
  0
POINT
  8
3
  10
339.328613
  20
1279.189819
  0
POINT
  8
3
  10
352.086884
  20
1279.460205
  0
POINT
  8
3
  10
364.233063
  20
1279.714966
  0
POINT
  8
3
  10
374.632172
  20
1280.091797
  0
POINT
  8
3
  10
385.606567
  20
1280.495239
  0
POINT
  8
3
  10
396.942383
  20
1280.924072
  0
POINT
  8
3
  10
408.341797
  20
1281.374512
  0
POINT
  8
3
  10
419.418091
  20
1281.838867
  0
POINT
  8
3
  10
429.836517
  20
1282.311523
  0
POINT
  8
3
  10
455.127625
  20
1283.632324
  0
LINE
  8
7
  10
240.047760
  20
1242.628784
  11
240.047760
  21
1422.628784
  0
POLYLINE
  8
8
  66
1
  70
0
  250
1
  0
VERTEX
  8
8
  10
10.282227
  20
1310.792480
  0
VERTEX
  8
8
  10
26.197311
  20
1310.001465
  0
VERTEX
  8
8
  10
51.441162
  20
1308.683105
  0
VERTEX
  8
8
  10
61.746414
  20
1308.215576
  0
VERTEX
  8
8
  10
72.748978
  20
1307.754395
  0
VERTEX
  8
8
  10
84.090805
  20
1307.306274
  0
VERTEX
  8
8
  10
95.413834
  20
1306.877808
  0
VERTEX
  8
8
  10
106.359985
  20
1306.475342
  0
VERTEX
  8
8
  10
116.571198
  20
1306.105469
  0
VERTEX
  8
8
  10
128.526733
  20
1305.854736
  0
VERTEX
  8
8
  10
141.279999
  20
1305.584473
  0
VERTEX
  8
8
  10
154.422668
  20
1305.314209
  0
VERTEX
  8
8
  10
167.546478
  20
1305.063721
  0
VERTEX
  8
8
  10
180.243118
  20
1304.852051
  0
VERTEX
  8
8
  10
192.104340
  20
1304.699219
  0
VERTEX
  8
8
  10
240.047745
  20
1304.464844
  0
VERTEX
  8
8
  10
287.991150
  20
1304.699219
  0
VERTEX
  8
8
  10
299.852356
  20
1304.852051
  0
VERTEX
  8
8
  10
312.549011
  20
1305.063721
  0
VERTEX
  8
8
  10
325.672821
  20
1305.314209
  0
VERTEX
  8
8
  10
338.815491
  20
1305.584473
  0
VERTEX
  8
8
  10
351.568756
  20
1305.854736
  0
VERTEX
  8
8
  10
363.524292
  20
1306.105469
  0
VERTEX
  8
8
  10
373.735535
  20
1306.475342
  0
VERTEX
  8
8
  10
384.681641
  20
1306.877808
  0
VERTEX
  8
8
  10
396.004700
  20
1307.306274
  0
VERTEX
  8
8
  10
407.346558
  20
1307.754395
  0
VERTEX
  8
8
  10
418.349121
  20
1308.215576
  0
VERTEX
  8
8
  10
428.654327
  20
1308.683105
  0
VERTEX
  8
8
  10
453.898193
  20
1310.001465
  0
VERTEX
  8
8
  10
469.813263
  20
1310.792480
  0
SEQEND
  0
POINT
  8
2
  10
10.282227
  20
1310.792480
  0
POINT
  8
2
  10
469.813263
  20
1310.792480
  0
POINT
  8
3
  10
26.197311
  20
1310.001465
  0
POINT
  8
3
  10
51.441162
  20
1308.683105
  0
POINT
  8
3
  10
61.746414
  20
1308.215576
  0
POINT
  8
3
  10
72.748978
  20
1307.754395
  0
POINT
  8
3
  10
84.090805
  20
1307.306274
  0
POINT
  8
3
  10
95.413834
  20
1306.877808
  0
POINT
  8
3
  10
106.359985
  20
1306.475342
  0
POINT
  8
3
  10
116.571198
  20
1306.105469
  0
POINT
  8
3
  10
128.526733
  20
1305.854736
  0
POINT
  8
3
  10
141.279999
  20
1305.584473
  0
POINT
  8
3
  10
154.422668
  20
1305.314209
  0
POINT
  8
3
  10
167.546478
  20
1305.063721
  0
POINT
  8
3
  10
180.243118
  20
1304.852051
  0
POINT
  8
3
  10
192.104340
  20
1304.699219
  0
POINT
  8
3
  10
240.047745
  20
1304.464844
  0
POINT
  8
3
  10
287.991150
  20
1304.699219
  0
POINT
  8
3
  10
299.852356
  20
1304.852051
  0
POINT
  8
3
  10
312.549011
  20
1305.063721
  0
POINT
  8
3
  10
325.672821
  20
1305.314209
  0
POINT
  8
3
  10
338.815491
  20
1305.584473
  0
POINT
  8
3
  10
351.568756
  20
1305.854736
  0
POINT
  8
3
  10
363.524292
  20
1306.105469
  0
POINT
  8
3
  10
373.735535
  20
1306.475342
  0
POINT
  8
3
  10
384.681641
  20
1306.877808
  0
POINT
  8
3
  10
396.004700
  20
1307.306274
  0
POINT
  8
3
  10
407.346558
  20
1307.754395
  0
POINT
  8
3
  10
418.349121
  20
1308.215576
  0
POINT
  8
3
  10
428.654327
  20
1308.683105
  0
POINT
  8
3
  10
453.898193
  20
1310.001465
  0
POLYLINE
  8
85
  66
1
  70
0
  250
1
  0
VERTEX
  8
85
  10
10.282227
  20
1310.792480
  0
VERTEX
  8
85
  10
26.197311
  20
1310.001465
  0
VERTEX
  8
85
  10
51.441162
  20
1308.683105
  0
VERTEX
  8
85
  10
61.746414
  20
1308.215576
  0
VERTEX
  8
85
  10
72.748978
  20
1307.754395
  0
VERTEX
  8
85
  10
84.090805
  20
1307.306274
  0
VERTEX
  8
85
  10
95.413834
  20
1306.877808
  0
VERTEX
  8
85
  10
106.359985
  20
1306.475342
  0
VERTEX
  8
85
  10
116.571198
  20
1306.105469
  0
VERTEX
  8
85
  10
128.526733
  20
1305.854736
  0
VERTEX
  8
85
  10
141.279999
  20
1305.584473
  0
VERTEX
  8
85
  10
154.422668
  20
1305.314209
  0
VERTEX
  8
85
  10
167.546478
  20
1305.063721
  0
VERTEX
  8
85
  10
180.243118
  20
1304.852051
  0
VERTEX
  8
85
  10
192.104340
  20
1304.699219
  0
VERTEX
  8
85
  10
240.047745
  20
1304.464844
  0
VERTEX
  8
85
  10
287.991150
  20
1304.699219
  0
VERTEX
  8
85
  10
299.852356
  20
1304.852051
  0
VERTEX
  8
85
  10
312.549011
  20
1305.063721
  0
VERTEX
  8
85
  10
325.672821
  20
1305.314209
  0
VERTEX
  8
85
  10
338.815491
  20
1305.584473
  0
VERTEX
  8
85
  10
351.568756
  20
1305.854736
  0
VERTEX
  8
85
  10
363.524292
  20
1306.105469
  0
VERTEX
  8
85
  10
373.735535
  20
1306.475342
  0
VERTEX
  8
85
  10
384.681641
  20
1306.877808
  0
VERTEX
  8
85
  10
396.004700
  20
1307.306274
  0
VERTEX
  8
85
  10
407.346558
  20
1307.754395
  0
VERTEX
  8
85
  10
418.349121
  20
1308.215576
  0
VERTEX
  8
85
  10
428.654327
  20
1308.683105
  0
VERTEX
  8
85
  10
453.898193
  20
1310.001465
  0
VERTEX
  8
85
  10
469.813263
  20
1310.792480
  0
SEQEND
  0
POINT
  8
2
  10
10.282227
  20
1310.792480
  0
POINT
  8
2
  10
469.813263
  20
1310.792480
  0
POINT
  8
3
  10
26.197311
  20
1310.001465
  0
POINT
  8
3
  10
51.441162
  20
1308.683105
  0
POINT
  8
3
  10
61.746414
  20
1308.215576
  0
POINT
  8
3
  10
72.748978
  20
1307.754395
  0
POINT
  8
3
  10
84.090805
  20
1307.306274
  0
POINT
  8
3
  10
95.413834
  20
1306.877808
  0
POINT
  8
3
  10
106.359985
  20
1306.475342
  0
POINT
  8
3
  10
116.571198
  20
1306.105469
  0
POINT
  8
3
  10
128.526733
  20
1305.854736
  0
POINT
  8
3
  10
141.279999
  20
1305.584473
  0
POINT
  8
3
  10
154.422668
  20
1305.314209
  0
POINT
  8
3
  10
167.546478
  20
1305.063721
  0
POINT
  8
3
  10
180.243118
  20
1304.852051
  0
POINT
  8
3
  10
192.104340
  20
1304.699219
  0
POINT
  8
3
  10
240.047745
  20
1304.464844
  0
POINT
  8
3
  10
287.991150
  20
1304.699219
  0
POINT
  8
3
  10
299.852356
  20
1304.852051
  0
POINT
  8
3
  10
312.549011
  20
1305.063721
  0
POINT
  8
3
  10
325.672821
  20
1305.314209
  0
POINT
  8
3
  10
338.815491
  20
1305.584473
  0
POINT
  8
3
  10
351.568756
  20
1305.854736
  0
POINT
  8
3
  10
363.524292
  20
1306.105469
  0
POINT
  8
3
  10
373.735535
  20
1306.475342
  0
POINT
  8
3
  10
384.681641
  20
1306.877808
  0
POINT
  8
3
  10
396.004700
  20
1307.306274
  0
POINT
  8
3
  10
407.346558
  20
1307.754395
  0
POINT
  8
3
  10
418.349121
  20
1308.215576
  0
POINT
  8
3
  10
428.654327
  20
1308.683105
  0
POINT
  8
3
  10
453.898193
  20
1310.001465
  0
POLYLINE
  8
8
  66
1
  70
0
  250
1
  0
VERTEX
  8
8
  10
10.220078
  20
1290.772583
  0
VERTEX
  8
8
  10
25.271469
  20
1290.024536
  0
VERTEX
  8
8
  10
50.536316
  20
1288.705078
  0
VERTEX
  8
8
  10
60.937469
  20
1288.233154
  0
VERTEX
  8
8
  10
71.996384
  20
1287.769653
  0
VERTEX
  8
8
  10
83.383377
  20
1287.319702
  0
VERTEX
  8
8
  10
94.719559
  20
1286.890747
  0
VERTEX
  8
8
  10
105.680740
  20
1286.487793
  0
VERTEX
  8
8
  10
116.035088
  20
1286.112671
  0
VERTEX
  8
8
  10
128.134216
  20
1285.858887
  0
VERTEX
  8
8
  10
140.891266
  20
1285.588501
  0
VERTEX
  8
8
  10
154.053528
  20
1285.317871
  0
VERTEX
  8
8
  10
167.234344
  20
1285.066284
  0
VERTEX
  8
8
  10
179.950287
  20
1284.854370
  0
VERTEX
  8
8
  10
191.893463
  20
1284.700439
  0
VERTEX
  8
8
  10
203.959259
  20
1284.588867
  0
VERTEX
  8
8
  10
215.990738
  20
1284.516357
  0
VERTEX
  8
8
  10
228.032715
  20
1284.476685
  0
VERTEX
  8
8
  10
240.047745
  20
1284.464844
  0
VERTEX
  8
8
  10
252.062775
  20
1284.476685
  0
VERTEX
  8
8
  10
264.104767
  20
1284.516357
  0
VERTEX
  8
8
  10
276.136230
  20
1284.588867
  0
VERTEX
  8
8
  10
288.202026
  20
1284.700439
  0
VERTEX
  8
8
  10
300.145203
  20
1284.854370
  0
VERTEX
  8
8
  10
312.861145
  20
1285.066284
  0
VERTEX
  8
8
  10
326.041962
  20
1285.317871
  0
VERTEX
  8
8
  10
339.204224
  20
1285.588501
  0
VERTEX
  8
8
  10
351.961273
  20
1285.858887
  0
VERTEX
  8
8
  10
364.060425
  20
1286.112671
  0
VERTEX
  8
8
  10
374.414795
  20
1286.487793
  0
VERTEX
  8
8
  10
385.384399
  20
1286.891113
  0
VERTEX
  8
8
  10
396.712097
  20
1287.319702
  0
VERTEX
  8
8
  10
408.099365
  20
1287.769653
  0
VERTEX
  8
8
  10
419.158234
  20
1288.233154
  0
VERTEX
  8
8
  10
429.559235
  20
1288.705078
  0
VERTEX
  8
8
  10
454.824249
  20
1290.024536
  0
VERTEX
  8
8
  10
469.875397
  20
1290.772583
  0
SEQEND
  0
POINT
  8
2
  10
10.220078
  20
1290.772583
  0
POINT
  8
2
  10
469.875397
  20
1290.772583
  0
POINT
  8
3
  10
25.271469
  20
1290.024536
  0
POINT
  8
3
  10
50.536316
  20
1288.705078
  0
POINT
  8
3
  10
60.937469
  20
1288.233154
  0
POINT
  8
3
  10
71.996384
  20
1287.769653
  0
POINT
  8
3
  10
83.383377
  20
1287.319702
  0
POINT
  8
3
  10
94.719559
  20
1286.890747
  0
POINT
  8
3
  10
105.680740
  20
1286.487793
  0
POINT
  8
3
  10
116.035088
  20
1286.112671
  0
POINT
  8
3
  10
128.134216
  20
1285.858887
  0
POINT
  8
3
  10
140.891266
  20
1285.588501
  0
POINT
  8
3
  10
154.053528
  20
1285.317871
  0
POINT
  8
3
  10
167.234344
  20
1285.066284
  0
POINT
  8
3
  10
179.950287
  20
1284.854370
  0
POINT
  8
3
  10
191.893463
  20
1284.700439
  0
POINT
  8
3
  10
203.959259
  20
1284.588867
  0
POINT
  8
3
  10
215.990738
  20
1284.516357
  0
POINT
  8
3
  10
228.032715
  20
1284.476685
  0
POINT
  8
3
  10
240.047745
  20
1284.464844
  0
POINT
  8
3
  10
252.062775
  20
1284.476685
  0
POINT
  8
3
  10
264.104767
  20
1284.516357
  0
POINT
  8
3
  10
276.136230
  20
1284.588867
  0
POINT
  8
3
  10
288.202026
  20
1284.700439
  0
POINT
  8
3
  10
300.145203
  20
1284.854370
  0
POINT
  8
3
  10
312.861145
  20
1285.066284
  0
POINT
  8
3
  10
326.041962
  20
1285.317871
  0
POINT
  8
3
  10
339.204224
  20
1285.588501
  0
POINT
  8
3
  10
351.961273
  20
1285.858887
  0
POINT
  8
3
  10
364.060425
  20
1286.112671
  0
POINT
  8
3
  10
374.414795
  20
1286.487793
  0
POINT
  8
3
  10
385.384399
  20
1286.891113
  0
POINT
  8
3
  10
396.712097
  20
1287.319702
  0
POINT
  8
3
  10
408.099365
  20
1287.769653
  0
POINT
  8
3
  10
419.158234
  20
1288.233154
  0
POINT
  8
3
  10
429.559235
  20
1288.705078
  0
POINT
  8
3
  10
454.824249
  20
1290.024536
  0
POLYLINE
  8
85
  66
1
  70
0
  250
1
  0
VERTEX
  8
85
  10
10.220078
  20
1290.772583
  0
VERTEX
  8
85
  10
25.271469
  20
1290.024536
  0
VERTEX
  8
85
  10
50.536316
  20
1288.705078
  0
VERTEX
  8
85
  10
60.937469
  20
1288.233154
  0
VERTEX
  8
85
  10
71.996384
  20
1287.769653
  0
VERTEX
  8
85
  10
83.383377
  20
1287.319702
  0
VERTEX
  8
85
  10
94.719559
  20
1286.890747
  0
VERTEX
  8
85
  10
105.680740
  20
1286.487793
  0
VERTEX
  8
85
  10
116.035088
  20
1286.112671
  0
VERTEX
  8
85
  10
128.134216
  20
1285.858887
  0
VERTEX
  8
85
  10
140.891266
  20
1285.588501
  0
VERTEX
  8
85
  10
154.053528
  20
1285.317871
  0
VERTEX
  8
85
  10
167.234344
  20
1285.066284
  0
VERTEX
  8
85
  10
179.950287
  20
1284.854370
  0
VERTEX
  8
85
  10
191.893463
  20
1284.700439
  0
VERTEX
  8
85
  10
203.959259
  20
1284.588867
  0
VERTEX
  8
85
  10
215.990738
  20
1284.516357
  0
VERTEX
  8
85
  10
228.032715
  20
1284.476685
  0
VERTEX
  8
85
  10
240.047745
  20
1284.464844
  0
VERTEX
  8
85
  10
252.062775
  20
1284.476685
  0
VERTEX
  8
85
  10
264.104767
  20
1284.516357
  0
VERTEX
  8
85
  10
276.136230
  20
1284.588867
  0
VERTEX
  8
85
  10
288.202026
  20
1284.700439
  0
VERTEX
  8
85
  10
300.145203
  20
1284.854370
  0
VERTEX
  8
85
  10
312.861145
  20
1285.066284
  0
VERTEX
  8
85
  10
326.041962
  20
1285.317871
  0
VERTEX
  8
85
  10
339.204224
  20
1285.588501
  0
VERTEX
  8
85
  10
351.961273
  20
1285.858887
  0
VERTEX
  8
85
  10
364.060425
  20
1286.112671
  0
VERTEX
  8
85
  10
374.414795
  20
1286.487793
  0
VERTEX
  8
85
  10
385.384399
  20
1286.891113
  0
VERTEX
  8
85
  10
396.712097
  20
1287.319702
  0
VERTEX
  8
85
  10
408.099365
  20
1287.769653
  0
VERTEX
  8
85
  10
419.158234
  20
1288.233154
  0
VERTEX
  8
85
  10
429.559235
  20
1288.705078
  0
VERTEX
  8
85
  10
454.824249
  20
1290.024536
  0
VERTEX
  8
85
  10
469.875397
  20
1290.772583
  0
SEQEND
  0
POINT
  8
2
  10
10.220078
  20
1290.772583
  0
POINT
  8
2
  10
469.875397
  20
1290.772583
  0
POINT
  8
3
  10
25.271469
  20
1290.024536
  0
POINT
  8
3
  10
50.536316
  20
1288.705078
  0
POINT
  8
3
  10
60.937469
  20
1288.233154
  0
POINT
  8
3
  10
71.996384
  20
1287.769653
  0
POINT
  8
3
  10
83.383377
  20
1287.319702
  0
POINT
  8
3
  10
94.719559
  20
1286.890747
  0
POINT
  8
3
  10
105.680740
  20
1286.487793
  0
POINT
  8
3
  10
116.035088
  20
1286.112671
  0
POINT
  8
3
  10
128.134216
  20
1285.858887
  0
POINT
  8
3
  10
140.891266
  20
1285.588501
  0
POINT
  8
3
  10
154.053528
  20
1285.317871
  0
POINT
  8
3
  10
167.234344
  20
1285.066284
  0
POINT
  8
3
  10
179.950287
  20
1284.854370
  0
POINT
  8
3
  10
191.893463
  20
1284.700439
  0
POINT
  8
3
  10
203.959259
  20
1284.588867
  0
POINT
  8
3
  10
215.990738
  20
1284.516357
  0
POINT
  8
3
  10
228.032715
  20
1284.476685
  0
POINT
  8
3
  10
240.047745
  20
1284.464844
  0
POINT
  8
3
  10
252.062775
  20
1284.476685
  0
POINT
  8
3
  10
264.104767
  20
1284.516357
  0
POINT
  8
3
  10
276.136230
  20
1284.588867
  0
POINT
  8
3
  10
288.202026
  20
1284.700439
  0
POINT
  8
3
  10
300.145203
  20
1284.854370
  0
POINT
  8
3
  10
312.861145
  20
1285.066284
  0
POINT
  8
3
  10
326.041962
  20
1285.317871
  0
POINT
  8
3
  10
339.204224
  20
1285.588501
  0
POINT
  8
3
  10
351.961273
  20
1285.858887
  0
POINT
  8
3
  10
364.060425
  20
1286.112671
  0
POINT
  8
3
  10
374.414795
  20
1286.487793
  0
POINT
  8
3
  10
385.384399
  20
1286.891113
  0
POINT
  8
3
  10
396.712097
  20
1287.319702
  0
POINT
  8
3
  10
408.099365
  20
1287.769653
  0
POINT
  8
3
  10
419.158234
  20
1288.233154
  0
POINT
  8
3
  10
429.559235
  20
1288.705078
  0
POINT
  8
3
  10
454.824249
  20
1290.024536
  0
POLYLINE
  8
8
  66
1
  70
0
  250
1
  0
VERTEX
  8
8
  10
12.069199
  20
1330.726685
  0
VERTEX
  8
8
  10
27.122375
  20
1329.978516
  0
VERTEX
  8
8
  10
52.346710
  20
1328.661133
  0
VERTEX
  8
8
  10
62.555786
  20
1328.197998
  0
VERTEX
  8
8
  10
73.501755
  20
1327.739136
  0
VERTEX
  8
8
  10
84.798370
  20
1327.292847
  0
VERTEX
  8
8
  10
96.108109
  20
1326.864868
  0
VERTEX
  8
8
  10
107.039230
  20
1326.462891
  0
VERTEX
  8
8
  10
117.107185
  20
1326.098267
  0
VERTEX
  8
8
  10
128.919266
  20
1325.850586
  0
VERTEX
  8
8
  10
141.668655
  20
1325.580444
  0
VERTEX
  8
8
  10
154.791809
  20
1325.310547
  0
VERTEX
  8
8
  10
167.858246
  20
1325.061157
  0
VERTEX
  8
8
  10
180.535568
  20
1324.849731
  0
VERTEX
  8
8
  10
192.315170
  20
1324.697998
  0
VERTEX
  8
8
  10
204.224625
  20
1324.587891
  0
VERTEX
  8
8
  10
216.160126
  20
1324.515869
  0
VERTEX
  8
8
  10
228.086044
  20
1324.476685
  0
VERTEX
  8
8
  10
240.047745
  20
1324.464844
  0
VERTEX
  8
8
  10
252.009384
  20
1324.476685
  0
VERTEX
  8
8
  10
263.935364
  20
1324.515869
  0
VERTEX
  8
8
  10
275.870850
  20
1324.587891
  0
VERTEX
  8
8
  10
287.780304
  20
1324.697998
  0
VERTEX
  8
8
  10
299.559906
  20
1324.849731
  0
VERTEX
  8
8
  10
312.237244
  20
1325.061157
  0
VERTEX
  8
8
  10
325.303680
  20
1325.310547
  0
VERTEX
  8
8
  10
338.426880
  20
1325.580444
  0
VERTEX
  8
8
  10
351.176208
  20
1325.850586
  0
VERTEX
  8
8
  10
362.988281
  20
1326.098267
  0
VERTEX
  8
8
  10
373.056274
  20
1326.462891
  0
VERTEX
  8
8
  10
383.977844
  20
1326.864502
  0
VERTEX
  8
8
  10
395.297028
  20
1327.292847
  0
VERTEX
  8
8
  10
406.593567
  20
1327.739136
  0
VERTEX
  8
8
  10
417.539520
  20
1328.197998
  0
VERTEX
  8
8
  10
427.748779
  20
1328.661133
  0
VERTEX
  8
8
  10
452.972839
  20
1329.978516
  0
VERTEX
  8
8
  10
468.026306
  20
1330.726685
  0
SEQEND
  0
POINT
  8
2
  10
12.069199
  20
1330.726685
  0
POINT
  8
2
  10
468.026306
  20
1330.726685
  0
POINT
  8
3
  10
27.122375
  20
1329.978516
  0
POINT
  8
3
  10
52.346710
  20
1328.661133
  0
POINT
  8
3
  10
62.555786
  20
1328.197998
  0
POINT
  8
3
  10
73.501755
  20
1327.739136
  0
POINT
  8
3
  10
84.798370
  20
1327.292847
  0
POINT
  8
3
  10
96.108109
  20
1326.864868
  0
POINT
  8
3
  10
107.039230
  20
1326.462891
  0
POINT
  8
3
  10
117.107185
  20
1326.098267
  0
POINT
  8
3
  10
128.919266
  20
1325.850586
  0
POINT
  8
3
  10
141.668655
  20
1325.580444
  0
POINT
  8
3
  10
154.791809
  20
1325.310547
  0
POINT
  8
3
  10
167.858246
  20
1325.061157
  0
POINT
  8
3
  10
180.535568
  20
1324.849731
  0
POINT
  8
3
  10
192.315170
  20
1324.697998
  0
POINT
  8
3
  10
204.224625
  20
1324.587891
  0
POINT
  8
3
  10
216.160126
  20
1324.515869
  0
POINT
  8
3
  10
228.086044
  20
1324.476685
  0
POINT
  8
3
  10
240.047745
  20
1324.464844
  0
POINT
  8
3
  10
252.009384
  20
1324.476685
  0
POINT
  8
3
  10
263.935364
  20
1324.515869
  0
POINT
  8
3
  10
275.870850
  20
1324.587891
  0
POINT
  8
3
  10
287.780304
  20
1324.697998
  0
POINT
  8
3
  10
299.559906
  20
1324.849731
  0
POINT
  8
3
  10
312.237244
  20
1325.061157
  0
POINT
  8
3
  10
325.303680
  20
1325.310547
  0
POINT
  8
3
  10
338.426880
  20
1325.580444
  0
POINT
  8
3
  10
351.176208
  20
1325.850586
  0
POINT
  8
3
  10
362.988281
  20
1326.098267
  0
POINT
  8
3
  10
373.056274
  20
1326.462891
  0
POINT
  8
3
  10
383.977844
  20
1326.864502
  0
POINT
  8
3
  10
395.297028
  20
1327.292847
  0
POINT
  8
3
  10
406.593567
  20
1327.739136
  0
POINT
  8
3
  10
417.539520
  20
1328.197998
  0
POINT
  8
3
  10
427.748779
  20
1328.661133
  0
POINT
  8
3
  10
452.972839
  20
1329.978516
  0
POLYLINE
  8
85
  66
1
  70
0
  250
1
  0
VERTEX
  8
85
  10
12.069199
  20
1330.726685
  0
VERTEX
  8
85
  10
27.122375
  20
1329.978516
  0
VERTEX
  8
85
  10
52.346710
  20
1328.661133
  0
VERTEX
  8
85
  10
62.555786
  20
1328.197998
  0
VERTEX
  8
85
  10
73.501755
  20
1327.739136
  0
VERTEX
  8
85
  10
84.798370
  20
1327.292847
  0
VERTEX
  8
85
  10
96.108109
  20
1326.864868
  0
VERTEX
  8
85
  10
107.039230
  20
1326.462891
  0
VERTEX
  8
85
  10
117.107185
  20
1326.098267
  0
VERTEX
  8
85
  10
128.919266
  20
1325.850586
  0
VERTEX
  8
85
  10
141.668655
  20
1325.580444
  0
VERTEX
  8
85
  10
154.791809
  20
1325.310547
  0
VERTEX
  8
85
  10
167.858246
  20
1325.061157
  0
VERTEX
  8
85
  10
180.535568
  20
1324.849731
  0
VERTEX
  8
85
  10
192.315170
  20
1324.697998
  0
VERTEX
  8
85
  10
204.224625
  20
1324.587891
  0
VERTEX
  8
85
  10
216.160126
  20
1324.515869
  0
VERTEX
  8
85
  10
228.086044
  20
1324.476685
  0
VERTEX
  8
85
  10
240.047745
  20
1324.464844
  0
VERTEX
  8
85
  10
252.009384
  20
1324.476685
  0
VERTEX
  8
85
  10
263.935364
  20
1324.515869
  0
VERTEX
  8
85
  10
275.870850
  20
1324.587891
  0
VERTEX
  8
85
  10
287.780304
  20
1324.697998
  0
VERTEX
  8
85
  10
299.559906
  20
1324.849731
  0
VERTEX
  8
85
  10
312.237244
  20
1325.061157
  0
VERTEX
  8
85
  10
325.303680
  20
1325.310547
  0
VERTEX
  8
85
  10
338.426880
  20
1325.580444
  0
VERTEX
  8
85
  10
351.176208
  20
1325.850586
  0
VERTEX
  8
85
  10
362.988281
  20
1326.098267
  0
VERTEX
  8
85
  10
373.056274
  20
1326.462891
  0
VERTEX
  8
85
  10
383.977844
  20
1326.864502
  0
VERTEX
  8
85
  10
395.297028
  20
1327.292847
  0
VERTEX
  8
85
  10
406.593567
  20
1327.739136
  0
VERTEX
  8
85
  10
417.539520
  20
1328.197998
  0
VERTEX
  8
85
  10
427.748779
  20
1328.661133
  0
VERTEX
  8
85
  10
452.972839
  20
1329.978516
  0
VERTEX
  8
85
  10
468.026306
  20
1330.726685
  0
SEQEND
  0
POINT
  8
2
  10
12.069199
  20
1330.726685
  0
POINT
  8
2
  10
468.026306
  20
1330.726685
  0
POINT
  8
3
  10
27.122375
  20
1329.978516
  0
POINT
  8
3
  10
52.346710
  20
1328.661133
  0
POINT
  8
3
  10
62.555786
  20
1328.197998
  0
POINT
  8
3
  10
73.501755
  20
1327.739136
  0
POINT
  8
3
  10
84.798370
  20
1327.292847
  0
POINT
  8
3
  10
96.108109
  20
1326.864868
  0
POINT
  8
3
  10
107.039230
  20
1326.462891
  0
POINT
  8
3
  10
117.107185
  20
1326.098267
  0
POINT
  8
3
  10
128.919266
  20
1325.850586
  0
POINT
  8
3
  10
141.668655
  20
1325.580444
  0
POINT
  8
3
  10
154.791809
  20
1325.310547
  0
POINT
  8
3
  10
167.858246
  20
1325.061157
  0
POINT
  8
3
  10
180.535568
  20
1324.849731
  0
POINT
  8
3
  10
192.315170
  20
1324.697998
  0
POINT
  8
3
  10
204.224625
  20
1324.587891
  0
POINT
  8
3
  10
216.160126
  20
1324.515869
  0
POINT
  8
3
  10
228.086044
  20
1324.476685
  0
POINT
  8
3
  10
240.047745
  20
1324.464844
  0
POINT
  8
3
  10
252.009384
  20
1324.476685
  0
POINT
  8
3
  10
263.935364
  20
1324.515869
  0
POINT
  8
3
  10
275.870850
  20
1324.587891
  0
POINT
  8
3
  10
287.780304
  20
1324.697998
  0
POINT
  8
3
  10
299.559906
  20
1324.849731
  0
POINT
  8
3
  10
312.237244
  20
1325.061157
  0
POINT
  8
3
  10
325.303680
  20
1325.310547
  0
POINT
  8
3
  10
338.426880
  20
1325.580444
  0
POINT
  8
3
  10
351.176208
  20
1325.850586
  0
POINT
  8
3
  10
362.988281
  20
1326.098267
  0
POINT
  8
3
  10
373.056274
  20
1326.462891
  0
POINT
  8
3
  10
383.977844
  20
1326.864502
  0
POINT
  8
3
  10
395.297028
  20
1327.292847
  0
POINT
  8
3
  10
406.593567
  20
1327.739136
  0
POINT
  8
3
  10
417.539520
  20
1328.197998
  0
POINT
  8
3
  10
427.748779
  20
1328.661133
  0
POINT
  8
3
  10
452.972839
  20
1329.978516
  0
POLYLINE
  8
8
  66
1
  70
0
  250
1
  0
VERTEX
  8
8
  10
12.641022
  20
1337.105713
  0
VERTEX
  8
8
  10
27.425720
  20
1336.370850
  0
VERTEX
  8
8
  10
52.624573
  20
1335.054688
  0
VERTEX
  8
8
  10
62.815643
  20
1334.592285
  0
VERTEX
  8
8
  10
73.744186
  20
1334.134277
  0
VERTEX
  8
8
  10
85.028687
  20
1333.688477
  0
VERTEX
  8
8
  10
96.330307
  20
1333.260742
  0
VERTEX
  8
8
  10
107.256592
  20
1332.858887
  0
VERTEX
  8
8
  10
117.279640
  20
1332.495972
  0
VERTEX
  8
8
  10
129.044830
  20
1332.249268
  0
VERTEX
  8
8
  10
141.793045
  20
1331.979126
  0
VERTEX
  8
8
  10
154.909958
  20
1331.709351
  0
VERTEX
  8
8
  10
167.969910
  20
1331.460083
  0
VERTEX
  8
8
  10
180.615234
  20
1331.249268
  0
VERTEX
  8
8
  10
192.379929
  20
1331.097656
  0
VERTEX
  8
8
  10
204.277664
  20
1330.987671
  0
VERTEX
  8
8
  10
216.187897
  20
1330.915771
  0
VERTEX
  8
8
  10
228.098770
  20
1330.876709
  0
VERTEX
  8
8
  10
240.047745
  20
1330.864868
  0
VERTEX
  8
8
  10
251.996674
  20
1330.876709
  0
VERTEX
  8
8
  10
263.907593
  20
1330.915771
  0
VERTEX
  8
8
  10
275.817780
  20
1330.987671
  0
VERTEX
  8
8
  10
287.715576
  20
1331.097656
  0
VERTEX
  8
8
  10
299.480255
  20
1331.249268
  0
VERTEX
  8
8
  10
312.125580
  20
1331.460083
  0
VERTEX
  8
8
  10
325.185547
  20
1331.709351
  0
VERTEX
  8
8
  10
338.302490
  20
1331.979126
  0
VERTEX
  8
8
  10
351.050659
  20
1332.249268
  0
VERTEX
  8
8
  10
362.815887
  20
1332.495972
  0
VERTEX
  8
8
  10
372.838928
  20
1332.858887
  0
VERTEX
  8
8
  10
383.755676
  20
1333.260376
  0
VERTEX
  8
8
  10
395.066681
  20
1333.688477
  0
VERTEX
  8
8
  10
406.351074
  20
1334.134277
  0
VERTEX
  8
8
  10
417.279663
  20
1334.592285
  0
VERTEX
  8
8
  10
427.470917
  20
1335.054688
  0
VERTEX
  8
8
  10
452.669495
  20
1336.370850
  0
VERTEX
  8
8
  10
467.454498
  20
1337.105713
  0
SEQEND
  0
POINT
  8
2
  10
12.641022
  20
1337.105713
  0
POINT
  8
2
  10
467.454498
  20
1337.105713
  0
POINT
  8
3
  10
27.425720
  20
1336.370850
  0
POINT
  8
3
  10
52.624573
  20
1335.054688
  0
POINT
  8
3
  10
62.815643
  20
1334.592285
  0
POINT
  8
3
  10
73.744186
  20
1334.134277
  0
POINT
  8
3
  10
85.028687
  20
1333.688477
  0
POINT
  8
3
  10
96.330307
  20
1333.260742
  0
POINT
  8
3
  10
107.256592
  20
1332.858887
  0
POINT
  8
3
  10
117.279640
  20
1332.495972
  0
POINT
  8
3
  10
129.044830
  20
1332.249268
  0
POINT
  8
3
  10
141.793045
  20
1331.979126
  0
POINT
  8
3
  10
154.909958
  20
1331.709351
  0
POINT
  8
3
  10
167.969910
  20
1331.460083
  0
POINT
  8
3
  10
180.615234
  20
1331.249268
  0
POINT
  8
3
  10
192.379929
  20
1331.097656
  0
POINT
  8
3
  10
204.277664
  20
1330.987671
  0
POINT
  8
3
  10
216.187897
  20
1330.915771
  0
POINT
  8
3
  10
228.098770
  20
1330.876709
  0
POINT
  8
3
  10
240.047745
  20
1330.864868
  0
POINT
  8
3
  10
251.996674
  20
1330.876709
  0
POINT
  8
3
  10
263.907593
  20
1330.915771
  0
POINT
  8
3
  10
275.817780
  20
1330.987671
  0
POINT
  8
3
  10
287.715576
  20
1331.097656
  0
POINT
  8
3
  10
299.480255
  20
1331.249268
  0
POINT
  8
3
  10
312.125580
  20
1331.460083
  0
POINT
  8
3
  10
325.185547
  20
1331.709351
  0
POINT
  8
3
  10
338.302490
  20
1331.979126
  0
POINT
  8
3
  10
351.050659
  20
1332.249268
  0
POINT
  8
3
  10
362.815887
  20
1332.495972
  0
POINT
  8
3
  10
372.838928
  20
1332.858887
  0
POINT
  8
3
  10
383.755676
  20
1333.260376
  0
POINT
  8
3
  10
395.066681
  20
1333.688477
  0
POINT
  8
3
  10
406.351074
  20
1334.134277
  0
POINT
  8
3
  10
417.279663
  20
1334.592285
  0
POINT
  8
3
  10
427.470917
  20
1335.054688
  0
POINT
  8
3
  10
452.669495
  20
1336.370850
  0
POLYLINE
  8
85
  66
1
  70
0
  250
1
  0
VERTEX
  8
85
  10
12.641022
  20
1337.105713
  0
VERTEX
  8
85
  10
27.425720
  20
1336.370850
  0
VERTEX
  8
85
  10
52.624573
  20
1335.054688
  0
VERTEX
  8
85
  10
62.815643
  20
1334.592285
  0
VERTEX
  8
85
  10
73.744186
  20
1334.134277
  0
VERTEX
  8
85
  10
85.028687
  20
1333.688477
  0
VERTEX
  8
85
  10
96.330307
  20
1333.260742
  0
VERTEX
  8
85
  10
107.256592
  20
1332.858887
  0
VERTEX
  8
85
  10
117.279640
  20
1332.495972
  0
VERTEX
  8
85
  10
129.044830
  20
1332.249268
  0
VERTEX
  8
85
  10
141.793045
  20
1331.979126
  0
VERTEX
  8
85
  10
154.909958
  20
1331.709351
  0
VERTEX
  8
85
  10
167.969910
  20
1331.460083
  0
VERTEX
  8
85
  10
180.615234
  20
1331.249268
  0
VERTEX
  8
85
  10
192.379929
  20
1331.097656
  0
VERTEX
  8
85
  10
204.277664
  20
1330.987671
  0
VERTEX
  8
85
  10
216.187897
  20
1330.915771
  0
VERTEX
  8
85
  10
228.098770
  20
1330.876709
  0
VERTEX
  8
85
  10
240.047745
  20
1330.864868
  0
VERTEX
  8
85
  10
251.996674
  20
1330.876709
  0
VERTEX
  8
85
  10
263.907593
  20
1330.915771
  0
VERTEX
  8
85
  10
275.817780
  20
1330.987671
  0
VERTEX
  8
85
  10
287.715576
  20
1331.097656
  0
VERTEX
  8
85
  10
299.480255
  20
1331.249268
  0
VERTEX
  8
85
  10
312.125580
  20
1331.460083
  0
VERTEX
  8
85
  10
325.185547
  20
1331.709351
  0
VERTEX
  8
85
  10
338.302490
  20
1331.979126
  0
VERTEX
  8
85
  10
351.050659
  20
1332.249268
  0
VERTEX
  8
85
  10
362.815887
  20
1332.495972
  0
VERTEX
  8
85
  10
372.838928
  20
1332.858887
  0
VERTEX
  8
85
  10
383.755676
  20
1333.260376
  0
VERTEX
  8
85
  10
395.066681
  20
1333.688477
  0
VERTEX
  8
85
  10
406.351074
  20
1334.134277
  0
VERTEX
  8
85
  10
417.279663
  20
1334.592285
  0
VERTEX
  8
85
  10
427.470917
  20
1335.054688
  0
VERTEX
  8
85
  10
452.669495
  20
1336.370850
  0
VERTEX
  8
85
  10
467.454498
  20
1337.105713
  0
SEQEND
  0
POINT
  8
2
  10
12.641022
  20
1337.105713
  0
POINT
  8
2
  10
467.454498
  20
1337.105713
  0
POINT
  8
3
  10
27.425720
  20
1336.370850
  0
POINT
  8
3
  10
52.624573
  20
1335.054688
  0
POINT
  8
3
  10
62.815643
  20
1334.592285
  0
POINT
  8
3
  10
73.744186
  20
1334.134277
  0
POINT
  8
3
  10
85.028687
  20
1333.688477
  0
POINT
  8
3
  10
96.330307
  20
1333.260742
  0
POINT
  8
3
  10
107.256592
  20
1332.858887
  0
POINT
  8
3
  10
117.279640
  20
1332.495972
  0
POINT
  8
3
  10
129.044830
  20
1332.249268
  0
POINT
  8
3
  10
141.793045
  20
1331.979126
  0
POINT
  8
3
  10
154.909958
  20
1331.709351
  0
POINT
  8
3
  10
167.969910
  20
1331.460083
  0
POINT
  8
3
  10
180.615234
  20
1331.249268
  0
POINT
  8
3
  10
192.379929
  20
1331.097656
  0
POINT
  8
3
  10
204.277664
  20
1330.987671
  0
POINT
  8
3
  10
216.187897
  20
1330.915771
  0
POINT
  8
3
  10
228.098770
  20
1330.876709
  0
POINT
  8
3
  10
240.047745
  20
1330.864868
  0
POINT
  8
3
  10
251.996674
  20
1330.876709
  0
POINT
  8
3
  10
263.907593
  20
1330.915771
  0
POINT
  8
3
  10
275.817780
  20
1330.987671
  0
POINT
  8
3
  10
287.715576
  20
1331.097656
  0
POINT
  8
3
  10
299.480255
  20
1331.249268
  0
POINT
  8
3
  10
312.125580
  20
1331.460083
  0
POINT
  8
3
  10
325.185547
  20
1331.709351
  0
POINT
  8
3
  10
338.302490
  20
1331.979126
  0
POINT
  8
3
  10
351.050659
  20
1332.249268
  0
POINT
  8
3
  10
362.815887
  20
1332.495972
  0
POINT
  8
3
  10
372.838928
  20
1332.858887
  0
POINT
  8
3
  10
383.755676
  20
1333.260376
  0
POINT
  8
3
  10
395.066681
  20
1333.688477
  0
POINT
  8
3
  10
406.351074
  20
1334.134277
  0
POINT
  8
3
  10
417.279663
  20
1334.592285
  0
POINT
  8
3
  10
427.470917
  20
1335.054688
  0
POINT
  8
3
  10
452.669495
  20
1336.370850
  0
POLYLINE
  8
8
  66
1
  70
0
  250
1
  0
VERTEX
  8
8
  10
463.280212
  20
1383.670654
  0
VERTEX
  8
8
  10
460.204559
  20
1383.988281
  0
VERTEX
  8
8
  10
458.648315
  20
1383.943970
  0
VERTEX
  8
8
  10
457.046448
  20
1383.707397
  0
VERTEX
  8
8
  10
450.031616
  20
1381.245972
  0
VERTEX
  8
8
  10
443.317993
  20
1377.972656
  0
VERTEX
  8
8
  10
437.632965
  20
1375.247681
  0
VERTEX
  8
8
  10
431.796387
  20
1372.896362
  0
VERTEX
  8
8
  10
425.701904
  20
1371.447266
  0
VERTEX
  8
8
  10
423.419678
  20
1371.331909
  0
VERTEX
  8
8
  10
421.166138
  20
1371.496582
  0
VERTEX
  8
8
  10
413.663025
  20
1373.582275
  0
VERTEX
  8
8
  10
406.473419
  20
1376.672852
  0
VERTEX
  8
8
  10
399.469666
  20
1380.192993
  0
VERTEX
  8
8
  10
395.936310
  20
1381.847290
  0
VERTEX
  8
8
  10
392.276703
  20
1383.167358
  0
VERTEX
  8
8
  10
388.472351
  20
1383.917480
  0
VERTEX
  8
8
  10
386.846008
  20
1383.988647
  0
VERTEX
  8
8
  10
385.219086
  20
1383.886719
  0
VERTEX
  8
8
  10
379.879333
  20
1382.576416
  0
VERTEX
  8
8
  10
374.787079
  20
1380.434570
  0
VERTEX
  8
8
  10
369.827576
  20
1377.976440
  0
VERTEX
  8
8
  10
364.214478
  20
1375.252441
  0
VERTEX
  8
8
  10
358.447876
  20
1372.902832
  0
VERTEX
  8
8
  10
352.420166
  20
1371.455322
  0
VERTEX
  8
8
  10
350.161896
  20
1371.331787
  0
VERTEX
  8
8
  10
347.908691
  20
1371.484375
  0
VERTEX
  8
8
  10
341.917786
  20
1372.983765
  0
VERTEX
  8
8
  10
336.168610
  20
1375.309692
  0
VERTEX
  8
8
  10
330.553467
  20
1377.967285
  0
VERTEX
  8
8
  10
325.584778
  20
1380.415161
  0
VERTEX
  8
8
  10
320.497253
  20
1382.580444
  0
VERTEX
  8
8
  10
315.157745
  20
1383.904785
  0
VERTEX
  8
8
  10
313.563477
  20
1383.987671
  0
VERTEX
  8
8
  10
311.951660
  20
1383.884521
  0
VERTEX
  8
8
  10
306.556274
  20
1382.510498
  0
VERTEX
  8
8
  10
301.379242
  20
1380.395630
  0
VERTEX
  8
8
  10
296.327301
  20
1377.974976
  0
VERTEX
  8
8
  10
288.906616
  20
1374.344238
  0
VERTEX
  8
8
  10
281.110260
  20
1371.739014
  0
VERTEX
  8
8
  10
278.888611
  20
1371.414185
  0
VERTEX
  8
8
  10
276.590851
  20
1371.332153
  0
VERTEX
  8
8
  10
273.829529
  20
1371.603882
  0
VERTEX
  8
8
  10
271.133240
  20
1372.206421
  0
VERTEX
  8
8
  10
262.802307
  20
1375.335083
  0
VERTEX
  8
8
  10
254.721817
  20
1379.111206
  0
VERTEX
  8
8
  10
246.578552
  20
1382.729614
  0
VERTEX
  8
8
  10
242.491211
  20
1383.788818
  0
VERTEX
  8
8
  10
240.048691
  20
1383.983154
  0
VERTEX
  8
8
  10
237.603546
  20
1383.788696
  0
VERTEX
  8
8
  10
233.516937
  20
1382.729614
  0
VERTEX
  8
8
  10
223.654953
  20
1378.265381
  0
VERTEX
  8
8
  10
213.756149
  20
1373.879028
  0
VERTEX
  8
8
  10
208.962250
  20
1372.206421
  0
VERTEX
  8
8
  10
206.265961
  20
1371.603882
  0
VERTEX
  8
8
  10
203.504822
  20
1371.332153
  0
VERTEX
  8
8
  10
201.206879
  20
1371.414185
  0
VERTEX
  8
8
  10
198.985413
  20
1371.739014
  0
VERTEX
  8
8
  10
191.188980
  20
1374.344238
  0
VERTEX
  8
8
  10
183.768204
  20
1377.974976
  0
VERTEX
  8
8
  10
178.716217
  20
1380.395630
  0
VERTEX
  8
8
  10
173.539154
  20
1382.510498
  0
VERTEX
  8
8
  10
168.143738
  20
1383.884521
  0
VERTEX
  8
8
  10
166.532028
  20
1383.987671
  0
VERTEX
  8
8
  10
164.937714
  20
1383.904785
  0
VERTEX
  8
8
  10
159.598206
  20
1382.580444
  0
VERTEX
  8
8
  10
154.510712
  20
1380.415161
  0
VERTEX
  8
8
  10
149.542023
  20
1377.967285
  0
VERTEX
  8
8
  10
143.927048
  20
1375.309814
  0
VERTEX
  8
8
  10
138.178070
  20
1372.983887
  0
VERTEX
  8
8
  10
132.187378
  20
1371.484253
  0
VERTEX
  8
8
  10
129.933289
  20
1371.331787
  0
VERTEX
  8
8
  10
127.675323
  20
1371.455322
  0
VERTEX
  8
8
  10
121.648308
  20
1372.902466
  0
VERTEX
  8
8
  10
115.882469
  20
1375.251953
  0
VERTEX
  8
8
  10
110.269974
  20
1377.975464
  0
VERTEX
  8
8
  10
105.309845
  20
1380.434082
  0
VERTEX
  8
8
  10
100.216873
  20
1382.576172
  0
VERTEX
  8
8
  10
94.876419
  20
1383.886719
  0
VERTEX
  8
8
  10
93.249481
  20
1383.988647
  0
VERTEX
  8
8
  10
91.623230
  20
1383.917480
  0
VERTEX
  8
8
  10
86.278717
  20
1382.673828
  0
VERTEX
  8
8
  10
81.214569
  20
1380.485718
  0
VERTEX
  8
8
  10
76.288254
  20
1377.976074
  0
VERTEX
  8
8
  10
70.669830
  20
1375.327515
  0
VERTEX
  8
8
  10
64.913757
  20
1373.020752
  0
VERTEX
  8
8
  10
58.928787
  20
1371.496582
  0
VERTEX
  8
8
  10
56.675842
  20
1371.331909
  0
VERTEX
  8
8
  10
54.393600
  20
1371.447266
  0
VERTEX
  8
8
  10
48.298904
  20
1372.896484
  0
VERTEX
  8
8
  10
42.462189
  20
1375.247803
  0
VERTEX
  8
8
  10
36.776962
  20
1377.972900
  0
VERTEX
  8
8
  10
30.063324
  20
1381.246216
  0
VERTEX
  8
8
  10
23.048431
  20
1383.707642
  0
VERTEX
  8
8
  10
21.447281
  20
1383.944092
  0
VERTEX
  8
8
  10
19.891281
  20
1383.988281
  0
VERTEX
  8
8
  10
16.815247
  20
1383.670410
  0
SEQEND
  0
POINT
  8
2
  10
463.280212
  20
1383.670654
  0
POINT
  8
2
  10
16.815247
  20
1383.670410
  0
POINT
  8
3
  10
460.204559
  20
1383.988281
  0
POINT
  8
3
  10
458.648315
  20
1383.943970
  0
POINT
  8
3
  10
457.046448
  20
1383.707397
  0
POINT
  8
3
  10
450.031616
  20
1381.245972
  0
POINT
  8
3
  10
443.317993
  20
1377.972656
  0
POINT
  8
3
  10
437.632965
  20
1375.247681
  0
POINT
  8
3
  10
431.796387
  20
1372.896362
  0
POINT
  8
3
  10
425.701904
  20
1371.447266
  0
POINT
  8
3
  10
423.419678
  20
1371.331909
  0
POINT
  8
3
  10
421.166138
  20
1371.496582
  0
POINT
  8
3
  10
413.663025
  20
1373.582275
  0
POINT
  8
3
  10
406.473419
  20
1376.672852
  0
POINT
  8
3
  10
399.469666
  20
1380.192993
  0
POINT
  8
3
  10
395.936310
  20
1381.847290
  0
POINT
  8
3
  10
392.276703
  20
1383.167358
  0
POINT
  8
3
  10
388.472351
  20
1383.917480
  0
POINT
  8
3
  10
386.846008
  20
1383.988647
  0
POINT
  8
3
  10
385.219086
  20
1383.886719
  0
POINT
  8
3
  10
379.879333
  20
1382.576416
  0
POINT
  8
3
  10
374.787079
  20
1380.434570
  0
POINT
  8
3
  10
369.827576
  20
1377.976440
  0
POINT
  8
3
  10
364.214478
  20
1375.252441
  0
POINT
  8
3
  10
358.447876
  20
1372.902832
  0
POINT
  8
3
  10
352.420166
  20
1371.455322
  0
POINT
  8
3
  10
350.161896
  20
1371.331787
  0
POINT
  8
3
  10
347.908691
  20
1371.484375
  0
POINT
  8
3
  10
341.917786
  20
1372.983765
  0
POINT
  8
3
  10
336.168610
  20
1375.309692
  0
POINT
  8
3
  10
330.553467
  20
1377.967285
  0
POINT
  8
3
  10
325.584778
  20
1380.415161
  0
POINT
  8
3
  10
320.497253
  20
1382.580444
  0
POINT
  8
3
  10
315.157745
  20
1383.904785
  0
POINT
  8
3
  10
313.563477
  20
1383.987671
  0
POINT
  8
3
  10
311.951660
  20
1383.884521
  0
POINT
  8
3
  10
306.556274
  20
1382.510498
  0
POINT
  8
3
  10
301.379242
  20
1380.395630
  0
POINT
  8
3
  10
296.327301
  20
1377.974976
  0
POINT
  8
3
  10
288.906616
  20
1374.344238
  0
POINT
  8
3
  10
281.110260
  20
1371.739014
  0
POINT
  8
3
  10
278.888611
  20
1371.414185
  0
POINT
  8
3
  10
276.590851
  20
1371.332153
  0
POINT
  8
3
  10
273.829529
  20
1371.603882
  0
POINT
  8
3
  10
271.133240
  20
1372.206421
  0
POINT
  8
3
  10
262.802307
  20
1375.335083
  0
POINT
  8
3
  10
254.721817
  20
1379.111206
  0
POINT
  8
3
  10
246.578552
  20
1382.729614
  0
POINT
  8
3
  10
242.491211
  20
1383.788818
  0
POINT
  8
3
  10
240.048691
  20
1383.983154
  0
POINT
  8
3
  10
237.603546
  20
1383.788696
  0
POINT
  8
3
  10
233.516937
  20
1382.729614
  0
POINT
  8
3
  10
223.654953
  20
1378.265381
  0
POINT
  8
3
  10
213.756149
  20
1373.879028
  0
POINT
  8
3
  10
208.962250
  20
1372.206421
  0
POINT
  8
3
  10
206.265961
  20
1371.603882
  0
POINT
  8
3
  10
203.504822
  20
1371.332153
  0
POINT
  8
3
  10
201.206879
  20
1371.414185
  0
POINT
  8
3
  10
198.985413
  20
1371.739014
  0
POINT
  8
3
  10
191.188980
  20
1374.344238
  0
POINT
  8
3
  10
183.768204
  20
1377.974976
  0
POINT
  8
3
  10
178.716217
  20
1380.395630
  0
POINT
  8
3
  10
173.539154
  20
1382.510498
  0
POINT
  8
3
  10
168.143738
  20
1383.884521
  0
POINT
  8
3
  10
166.532028
  20
1383.987671
  0
POINT
  8
3
  10
164.937714
  20
1383.904785
  0
POINT
  8
3
  10
159.598206
  20
1382.580444
  0
POINT
  8
3
  10
154.510712
  20
1380.415161
  0
POINT
  8
3
  10
149.542023
  20
1377.967285
  0
POINT
  8
3
  10
143.927048
  20
1375.309814
  0
POINT
  8
3
  10
138.178070
  20
1372.983887
  0
POINT
  8
3
  10
132.187378
  20
1371.484253
  0
POINT
  8
3
  10
129.933289
  20
1371.331787
  0
POINT
  8
3
  10
127.675323
  20
1371.455322
  0
POINT
  8
3
  10
121.648308
  20
1372.902466
  0
POINT
  8
3
  10
115.882469
  20
1375.251953
  0
POINT
  8
3
  10
110.269974
  20
1377.975464
  0
POINT
  8
3
  10
105.309845
  20
1380.434082
  0
POINT
  8
3
  10
100.216873
  20
1382.576172
  0
POINT
  8
3
  10
94.876419
  20
1383.886719
  0
POINT
  8
3
  10
93.249481
  20
1383.988647
  0
POINT
  8
3
  10
91.623230
  20
1383.917480
  0
POINT
  8
3
  10
86.278717
  20
1382.673828
  0
POINT
  8
3
  10
81.214569
  20
1380.485718
  0
POINT
  8
3
  10
76.288254
  20
1377.976074
  0
POINT
  8
3
  10
70.669830
  20
1375.327515
  0
POINT
  8
3
  10
64.913757
  20
1373.020752
  0
POINT
  8
3
  10
58.928787
  20
1371.496582
  0
POINT
  8
3
  10
56.675842
  20
1371.331909
  0
POINT
  8
3
  10
54.393600
  20
1371.447266
  0
POINT
  8
3
  10
48.298904
  20
1372.896484
  0
POINT
  8
3
  10
42.462189
  20
1375.247803
  0
POINT
  8
3
  10
36.776962
  20
1377.972900
  0
POINT
  8
3
  10
30.063324
  20
1381.246216
  0
POINT
  8
3
  10
23.048431
  20
1383.707642
  0
POINT
  8
3
  10
21.447281
  20
1383.944092
  0
POINT
  8
3
  10
19.891281
  20
1383.988281
  0
POLYLINE
  8
85
  66
1
  70
0
  250
1
  0
VERTEX
  8
85
  10
463.280212
  20
1383.670654
  0
VERTEX
  8
85
  10
460.204559
  20
1383.988281
  0
VERTEX
  8
85
  10
458.648315
  20
1383.943970
  0
VERTEX
  8
85
  10
457.046448
  20
1383.707397
  0
VERTEX
  8
85
  10
450.031616
  20
1381.245972
  0
VERTEX
  8
85
  10
443.317993
  20
1377.972656
  0
VERTEX
  8
85
  10
437.632965
  20
1375.247681
  0
VERTEX
  8
85
  10
431.796387
  20
1372.896362
  0
VERTEX
  8
85
  10
425.701904
  20
1371.447266
  0
VERTEX
  8
85
  10
423.419678
  20
1371.331909
  0
VERTEX
  8
85
  10
421.166138
  20
1371.496582
  0
VERTEX
  8
85
  10
413.663025
  20
1373.582275
  0
VERTEX
  8
85
  10
406.473419
  20
1376.672852
  0
VERTEX
  8
85
  10
399.469666
  20
1380.192993
  0
VERTEX
  8
85
  10
395.936310
  20
1381.847290
  0
VERTEX
  8
85
  10
392.276703
  20
1383.167358
  0
VERTEX
  8
85
  10
388.472351
  20
1383.917480
  0
VERTEX
  8
85
  10
386.846008
  20
1383.988647
  0
VERTEX
  8
85
  10
385.219086
  20
1383.886719
  0
VERTEX
  8
85
  10
379.879333
  20
1382.576416
  0
VERTEX
  8
85
  10
374.787079
  20
1380.434570
  0
VERTEX
  8
85
  10
369.827576
  20
1377.976440
  0
VERTEX
  8
85
  10
364.214478
  20
1375.252441
  0
VERTEX
  8
85
  10
358.447876
  20
1372.902832
  0
VERTEX
  8
85
  10
352.420166
  20
1371.455322
  0
VERTEX
  8
85
  10
350.161896
  20
1371.331787
  0
VERTEX
  8
85
  10
347.908691
  20
1371.484375
  0
VERTEX
  8
85
  10
341.917786
  20
1372.983765
  0
VERTEX
  8
85
  10
336.168610
  20
1375.309692
  0
VERTEX
  8
85
  10
330.553467
  20
1377.967285
  0
VERTEX
  8
85
  10
325.584778
  20
1380.415161
  0
VERTEX
  8
85
  10
320.497253
  20
1382.580444
  0
VERTEX
  8
85
  10
315.157745
  20
1383.904785
  0
VERTEX
  8
85
  10
313.563477
  20
1383.987671
  0
VERTEX
  8
85
  10
311.951660
  20
1383.884521
  0
VERTEX
  8
85
  10
306.556274
  20
1382.510498
  0
VERTEX
  8
85
  10
301.379242
  20
1380.395630
  0
VERTEX
  8
85
  10
296.327301
  20
1377.974976
  0
VERTEX
  8
85
  10
288.906616
  20
1374.344238
  0
VERTEX
  8
85
  10
281.110260
  20
1371.739014
  0
VERTEX
  8
85
  10
278.888611
  20
1371.414185
  0
VERTEX
  8
85
  10
276.590851
  20
1371.332153
  0
VERTEX
  8
85
  10
273.829529
  20
1371.603882
  0
VERTEX
  8
85
  10
271.133240
  20
1372.206421
  0
VERTEX
  8
85
  10
262.802307
  20
1375.335083
  0
VERTEX
  8
85
  10
254.721817
  20
1379.111206
  0
VERTEX
  8
85
  10
246.578552
  20
1382.729614
  0
VERTEX
  8
85
  10
242.491211
  20
1383.788818
  0
VERTEX
  8
85
  10
240.048691
  20
1383.983154
  0
VERTEX
  8
85
  10
237.603546
  20
1383.788696
  0
VERTEX
  8
85
  10
233.516937
  20
1382.729614
  0
VERTEX
  8
85
  10
223.654953
  20
1378.265381
  0
VERTEX
  8
85
  10
213.756149
  20
1373.879028
  0
VERTEX
  8
85
  10
208.962250
  20
1372.206421
  0
VERTEX
  8
85
  10
206.265961
  20
1371.603882
  0
VERTEX
  8
85
  10
203.504822
  20
1371.332153
  0
VERTEX
  8
85
  10
201.206879
  20
1371.414185
  0
VERTEX
  8
85
  10
198.985413
  20
1371.739014
  0
VERTEX
  8
85
  10
191.188980
  20
1374.344238
  0
VERTEX
  8
85
  10
183.768204
  20
1377.974976
  0
VERTEX
  8
85
  10
178.716217
  20
1380.395630
  0
VERTEX
  8
85
  10
173.539154
  20
1382.510498
  0
VERTEX
  8
85
  10
168.143738
  20
1383.884521
  0
VERTEX
  8
85
  10
166.532028
  20
1383.987671
  0
VERTEX
  8
85
  10
164.937714
  20
1383.904785
  0
VERTEX
  8
85
  10
159.598206
  20
1382.580444
  0
VERTEX
  8
85
  10
154.510712
  20
1380.415161
  0
VERTEX
  8
85
  10
149.542023
  20
1377.967285
  0
VERTEX
  8
85
  10
143.927048
  20
1375.309814
  0
VERTEX
  8
85
  10
138.178070
  20
1372.983887
  0
VERTEX
  8
85
  10
132.187378
  20
1371.484253
  0
VERTEX
  8
85
  10
129.933289
  20
1371.331787
  0
VERTEX
  8
85
  10
127.675323
  20
1371.455322
  0
VERTEX
  8
85
  10
121.648308
  20
1372.902466
  0
VERTEX
  8
85
  10
115.882469
  20
1375.251953
  0
VERTEX
  8
85
  10
110.269974
  20
1377.975464
  0
VERTEX
  8
85
  10
105.309845
  20
1380.434082
  0
VERTEX
  8
85
  10
100.216873
  20
1382.576172
  0
VERTEX
  8
85
  10
94.876419
  20
1383.886719
  0
VERTEX
  8
85
  10
93.249481
  20
1383.988647
  0
VERTEX
  8
85
  10
91.623230
  20
1383.917480
  0
VERTEX
  8
85
  10
86.278717
  20
1382.673828
  0
VERTEX
  8
85
  10
81.214569
  20
1380.485718
  0
VERTEX
  8
85
  10
76.288254
  20
1377.976074
  0
VERTEX
  8
85
  10
70.669830
  20
1375.327515
  0
VERTEX
  8
85
  10
64.913757
  20
1373.020752
  0
VERTEX
  8
85
  10
58.928787
  20
1371.496582
  0
VERTEX
  8
85
  10
56.675842
  20
1371.331909
  0
VERTEX
  8
85
  10
54.393600
  20
1371.447266
  0
VERTEX
  8
85
  10
48.298904
  20
1372.896484
  0
VERTEX
  8
85
  10
42.462189
  20
1375.247803
  0
VERTEX
  8
85
  10
36.776962
  20
1377.972900
  0
VERTEX
  8
85
  10
30.063324
  20
1381.246216
  0
VERTEX
  8
85
  10
23.048431
  20
1383.707642
  0
VERTEX
  8
85
  10
21.447281
  20
1383.944092
  0
VERTEX
  8
85
  10
19.891281
  20
1383.988281
  0
VERTEX
  8
85
  10
16.815247
  20
1383.670410
  0
SEQEND
  0
POINT
  8
2
  10
463.280212
  20
1383.670654
  0
POINT
  8
2
  10
16.815247
  20
1383.670410
  0
POINT
  8
3
  10
460.204559
  20
1383.988281
  0
POINT
  8
3
  10
458.648315
  20
1383.943970
  0
POINT
  8
3
  10
457.046448
  20
1383.707397
  0
POINT
  8
3
  10
450.031616
  20
1381.245972
  0
POINT
  8
3
  10
443.317993
  20
1377.972656
  0
POINT
  8
3
  10
437.632965
  20
1375.247681
  0
POINT
  8
3
  10
431.796387
  20
1372.896362
  0
POINT
  8
3
  10
425.701904
  20
1371.447266
  0
POINT
  8
3
  10
423.419678
  20
1371.331909
  0
POINT
  8
3
  10
421.166138
  20
1371.496582
  0
POINT
  8
3
  10
413.663025
  20
1373.582275
  0
POINT
  8
3
  10
406.473419
  20
1376.672852
  0
POINT
  8
3
  10
399.469666
  20
1380.192993
  0
POINT
  8
3
  10
395.936310
  20
1381.847290
  0
POINT
  8
3
  10
392.276703
  20
1383.167358
  0
POINT
  8
3
  10
388.472351
  20
1383.917480
  0
POINT
  8
3
  10
386.846008
  20
1383.988647
  0
POINT
  8
3
  10
385.219086
  20
1383.886719
  0
POINT
  8
3
  10
379.879333
  20
1382.576416
  0
POINT
  8
3
  10
374.787079
  20
1380.434570
  0
POINT
  8
3
  10
369.827576
  20
1377.976440
  0
POINT
  8
3
  10
364.214478
  20
1375.252441
  0
POINT
  8
3
  10
358.447876
  20
1372.902832
  0
POINT
  8
3
  10
352.420166
  20
1371.455322
  0
POINT
  8
3
  10
350.161896
  20
1371.331787
  0
POINT
  8
3
  10
347.908691
  20
1371.484375
  0
POINT
  8
3
  10
341.917786
  20
1372.983765
  0
POINT
  8
3
  10
336.168610
  20
1375.309692
  0
POINT
  8
3
  10
330.553467
  20
1377.967285
  0
POINT
  8
3
  10
325.584778
  20
1380.415161
  0
POINT
  8
3
  10
320.497253
  20
1382.580444
  0
POINT
  8
3
  10
315.157745
  20
1383.904785
  0
POINT
  8
3
  10
313.563477
  20
1383.987671
  0
POINT
  8
3
  10
311.951660
  20
1383.884521
  0
POINT
  8
3
  10
306.556274
  20
1382.510498
  0
POINT
  8
3
  10
301.379242
  20
1380.395630
  0
POINT
  8
3
  10
296.327301
  20
1377.974976
  0
POINT
  8
3
  10
288.906616
  20
1374.344238
  0
POINT
  8
3
  10
281.110260
  20
1371.739014
  0
POINT
  8
3
  10
278.888611
  20
1371.414185
  0
POINT
  8
3
  10
276.590851
  20
1371.332153
  0
POINT
  8
3
  10
273.829529
  20
1371.603882
  0
POINT
  8
3
  10
271.133240
  20
1372.206421
  0
POINT
  8
3
  10
262.802307
  20
1375.335083
  0
POINT
  8
3
  10
254.721817
  20
1379.111206
  0
POINT
  8
3
  10
246.578552
  20
1382.729614
  0
POINT
  8
3
  10
242.491211
  20
1383.788818
  0
POINT
  8
3
  10
240.048691
  20
1383.983154
  0
POINT
  8
3
  10
237.603546
  20
1383.788696
  0
POINT
  8
3
  10
233.516937
  20
1382.729614
  0
POINT
  8
3
  10
223.654953
  20
1378.265381
  0
POINT
  8
3
  10
213.756149
  20
1373.879028
  0
POINT
  8
3
  10
208.962250
  20
1372.206421
  0
POINT
  8
3
  10
206.265961
  20
1371.603882
  0
POINT
  8
3
  10
203.504822
  20
1371.332153
  0
POINT
  8
3
  10
201.206879
  20
1371.414185
  0
POINT
  8
3
  10
198.985413
  20
1371.739014
  0
POINT
  8
3
  10
191.188980
  20
1374.344238
  0
POINT
  8
3
  10
183.768204
  20
1377.974976
  0
POINT
  8
3
  10
178.716217
  20
1380.395630
  0
POINT
  8
3
  10
173.539154
  20
1382.510498
  0
POINT
  8
3
  10
168.143738
  20
1383.884521
  0
POINT
  8
3
  10
166.532028
  20
1383.987671
  0
POINT
  8
3
  10
164.937714
  20
1383.904785
  0
POINT
  8
3
  10
159.598206
  20
1382.580444
  0
POINT
  8
3
  10
154.510712
  20
1380.415161
  0
POINT
  8
3
  10
149.542023
  20
1377.967285
  0
POINT
  8
3
  10
143.927048
  20
1375.309814
  0
POINT
  8
3
  10
138.178070
  20
1372.983887
  0
POINT
  8
3
  10
132.187378
  20
1371.484253
  0
POINT
  8
3
  10
129.933289
  20
1371.331787
  0
POINT
  8
3
  10
127.675323
  20
1371.455322
  0
POINT
  8
3
  10
121.648308
  20
1372.902466
  0
POINT
  8
3
  10
115.882469
  20
1375.251953
  0
POINT
  8
3
  10
110.269974
  20
1377.975464
  0
POINT
  8
3
  10
105.309845
  20
1380.434082
  0
POINT
  8
3
  10
100.216873
  20
1382.576172
  0
POINT
  8
3
  10
94.876419
  20
1383.886719
  0
POINT
  8
3
  10
93.249481
  20
1383.988647
  0
POINT
  8
3
  10
91.623230
  20
1383.917480
  0
POINT
  8
3
  10
86.278717
  20
1382.673828
  0
POINT
  8
3
  10
81.214569
  20
1380.485718
  0
POINT
  8
3
  10
76.288254
  20
1377.976074
  0
POINT
  8
3
  10
70.669830
  20
1375.327515
  0
POINT
  8
3
  10
64.913757
  20
1373.020752
  0
POINT
  8
3
  10
58.928787
  20
1371.496582
  0
POINT
  8
3
  10
56.675842
  20
1371.331909
  0
POINT
  8
3
  10
54.393600
  20
1371.447266
  0
POINT
  8
3
  10
48.298904
  20
1372.896484
  0
POINT
  8
3
  10
42.462189
  20
1375.247803
  0
POINT
  8
3
  10
36.776962
  20
1377.972900
  0
POINT
  8
3
  10
30.063324
  20
1381.246216
  0
POINT
  8
3
  10
23.048431
  20
1383.707642
  0
POINT
  8
3
  10
21.447281
  20
1383.944092
  0
POINT
  8
3
  10
19.891281
  20
1383.988281
  0
POLYLINE
  8
8
  66
1
  70
0
  250
0
  0
VERTEX
  8
8
  10
240.047745
  20
1387.192627
  0
VERTEX
  8
8
  10
240.047745
  20
1304.464844
  0
SEQEND
  0
POINT
  8
2
  10
240.047745
  20
1387.192627
  0
POINT
  8
2
  10
240.047745
  20
1304.464844
  0
POLYLINE
  8
85
  66
1
  70
0
  250
1
  0
VERTEX
  8
85
  10
240.047745
  20
1387.192627
  0
VERTEX
  8
85
  10
240.047745
  20
1304.464844
  0
SEQEND
  0
POINT
  8
2
  10
240.047745
  20
1387.192627
  0
POINT
  8
2
  10
240.047745
  20
1304.464844
  0
POLYLINE
  8
8
  66
1
  70
0
  250
0
  0
VERTEX
  8
8
  10
10.282227
  20
1310.792480
  0
VERTEX
  8
8
  10
26.197311
  20
1310.001465
  0
VERTEX
  8
8
  10
51.441162
  20
1308.683105
  0
VERTEX
  8
8
  10
61.746414
  20
1308.215576
  0
VERTEX
  8
8
  10
72.748978
  20
1307.754395
  0
VERTEX
  8
8
  10
84.090805
  20
1307.306274
  0
VERTEX
  8
8
  10
95.413834
  20
1306.877808
  0
VERTEX
  8
8
  10
106.359985
  20
1306.475342
  0
VERTEX
  8
8
  10
116.571198
  20
1306.105469
  0
VERTEX
  8
8
  10
128.526733
  20
1305.854736
  0
VERTEX
  8
8
  10
141.279999
  20
1305.584473
  0
VERTEX
  8
8
  10
154.422668
  20
1305.314209
  0
VERTEX
  8
8
  10
167.546478
  20
1305.063721
  0
VERTEX
  8
8
  10
180.243118
  20
1304.852051
  0
VERTEX
  8
8
  10
192.104340
  20
1304.699219
  0
VERTEX
  8
8
  10
240.047745
  20
1304.464844
  0
VERTEX
  8
8
  10
287.991150
  20
1304.699219
  0
VERTEX
  8
8
  10
299.852356
  20
1304.852051
  0
VERTEX
  8
8
  10
312.549011
  20
1305.063721
  0
VERTEX
  8
8
  10
325.672821
  20
1305.314209
  0
VERTEX
  8
8
  10
338.815491
  20
1305.584473
  0
VERTEX
  8
8
  10
351.568756
  20
1305.854736
  0
VERTEX
  8
8
  10
363.524292
  20
1306.105469
  0
VERTEX
  8
8
  10
373.735535
  20
1306.475342
  0
VERTEX
  8
8
  10
384.681641
  20
1306.877808
  0
VERTEX
  8
8
  10
396.004700
  20
1307.306274
  0
VERTEX
  8
8
  10
407.346558
  20
1307.754395
  0
VERTEX
  8
8
  10
418.349121
  20
1308.215576
  0
VERTEX
  8
8
  10
428.654327
  20
1308.683105
  0
VERTEX
  8
8
  10
453.898193
  20
1310.001465
  0
VERTEX
  8
8
  10
469.813263
  20
1310.792480
  0
SEQEND
  0
POINT
  8
2
  10
10.282227
  20
1310.792480
  0
POINT
  8
2
  10
469.813263
  20
1310.792480
  0
POINT
  8
3
  10
26.197311
  20
1310.001465
  0
POINT
  8
3
  10
51.441162
  20
1308.683105
  0
POINT
  8
3
  10
61.746414
  20
1308.215576
  0
POINT
  8
3
  10
72.748978
  20
1307.754395
  0
POINT
  8
3
  10
84.090805
  20
1307.306274
  0
POINT
  8
3
  10
95.413834
  20
1306.877808
  0
POINT
  8
3
  10
106.359985
  20
1306.475342
  0
POINT
  8
3
  10
116.571198
  20
1306.105469
  0
POINT
  8
3
  10
128.526733
  20
1305.854736
  0
POINT
  8
3
  10
141.279999
  20
1305.584473
  0
POINT
  8
3
  10
154.422668
  20
1305.314209
  0
POINT
  8
3
  10
167.546478
  20
1305.063721
  0
POINT
  8
3
  10
180.243118
  20
1304.852051
  0
POINT
  8
3
  10
192.104340
  20
1304.699219
  0
POINT
  8
3
  10
240.047745
  20
1304.464844
  0
POINT
  8
3
  10
287.991150
  20
1304.699219
  0
POINT
  8
3
  10
299.852356
  20
1304.852051
  0
POINT
  8
3
  10
312.549011
  20
1305.063721
  0
POINT
  8
3
  10
325.672821
  20
1305.314209
  0
POINT
  8
3
  10
338.815491
  20
1305.584473
  0
POINT
  8
3
  10
351.568756
  20
1305.854736
  0
POINT
  8
3
  10
363.524292
  20
1306.105469
  0
POINT
  8
3
  10
373.735535
  20
1306.475342
  0
POINT
  8
3
  10
384.681641
  20
1306.877808
  0
POINT
  8
3
  10
396.004700
  20
1307.306274
  0
POINT
  8
3
  10
407.346558
  20
1307.754395
  0
POINT
  8
3
  10
418.349121
  20
1308.215576
  0
POINT
  8
3
  10
428.654327
  20
1308.683105
  0
POINT
  8
3
  10
453.898193
  20
1310.001465
  0
POLYLINE
  8
85
  66
1
  70
0
  250
1
  0
VERTEX
  8
85
  10
10.282227
  20
1310.792480
  0
VERTEX
  8
85
  10
26.197311
  20
1310.001465
  0
VERTEX
  8
85
  10
51.441162
  20
1308.683105
  0
VERTEX
  8
85
  10
61.746414
  20
1308.215576
  0
VERTEX
  8
85
  10
72.748978
  20
1307.754395
  0
VERTEX
  8
85
  10
84.090805
  20
1307.306274
  0
VERTEX
  8
85
  10
95.413834
  20
1306.877808
  0
VERTEX
  8
85
  10
106.359985
  20
1306.475342
  0
VERTEX
  8
85
  10
116.571198
  20
1306.105469
  0
VERTEX
  8
85
  10
128.526733
  20
1305.854736
  0
VERTEX
  8
85
  10
141.279999
  20
1305.584473
  0
VERTEX
  8
85
  10
154.422668
  20
1305.314209
  0
VERTEX
  8
85
  10
167.546478
  20
1305.063721
  0
VERTEX
  8
85
  10
180.243118
  20
1304.852051
  0
VERTEX
  8
85
  10
192.104340
  20
1304.699219
  0
VERTEX
  8
85
  10
240.047745
  20
1304.464844
  0
VERTEX
  8
85
  10
287.991150
  20
1304.699219
  0
VERTEX
  8
85
  10
299.852356
  20
1304.852051
  0
VERTEX
  8
85
  10
312.549011
  20
1305.063721
  0
VERTEX
  8
85
  10
325.672821
  20
1305.314209
  0
VERTEX
  8
85
  10
338.815491
  20
1305.584473
  0
VERTEX
  8
85
  10
351.568756
  20
1305.854736
  0
VERTEX
  8
85
  10
363.524292
  20
1306.105469
  0
VERTEX
  8
85
  10
373.735535
  20
1306.475342
  0
VERTEX
  8
85
  10
384.681641
  20
1306.877808
  0
VERTEX
  8
85
  10
396.004700
  20
1307.306274
  0
VERTEX
  8
85
  10
407.346558
  20
1307.754395
  0
VERTEX
  8
85
  10
418.349121
  20
1308.215576
  0
VERTEX
  8
85
  10
428.654327
  20
1308.683105
  0
VERTEX
  8
85
  10
453.898193
  20
1310.001465
  0
VERTEX
  8
85
  10
469.813263
  20
1310.792480
  0
SEQEND
  0
POINT
  8
2
  10
10.282227
  20
1310.792480
  0
POINT
  8
2
  10
469.813263
  20
1310.792480
  0
POINT
  8
3
  10
26.197311
  20
1310.001465
  0
POINT
  8
3
  10
51.441162
  20
1308.683105
  0
POINT
  8
3
  10
61.746414
  20
1308.215576
  0
POINT
  8
3
  10
72.748978
  20
1307.754395
  0
POINT
  8
3
  10
84.090805
  20
1307.306274
  0
POINT
  8
3
  10
95.413834
  20
1306.877808
  0
POINT
  8
3
  10
106.359985
  20
1306.475342
  0
POINT
  8
3
  10
116.571198
  20
1306.105469
  0
POINT
  8
3
  10
128.526733
  20
1305.854736
  0
POINT
  8
3
  10
141.279999
  20
1305.584473
  0
POINT
  8
3
  10
154.422668
  20
1305.314209
  0
POINT
  8
3
  10
167.546478
  20
1305.063721
  0
POINT
  8
3
  10
180.243118
  20
1304.852051
  0
POINT
  8
3
  10
192.104340
  20
1304.699219
  0
POINT
  8
3
  10
240.047745
  20
1304.464844
  0
POINT
  8
3
  10
287.991150
  20
1304.699219
  0
POINT
  8
3
  10
299.852356
  20
1304.852051
  0
POINT
  8
3
  10
312.549011
  20
1305.063721
  0
POINT
  8
3
  10
325.672821
  20
1305.314209
  0
POINT
  8
3
  10
338.815491
  20
1305.584473
  0
POINT
  8
3
  10
351.568756
  20
1305.854736
  0
POINT
  8
3
  10
363.524292
  20
1306.105469
  0
POINT
  8
3
  10
373.735535
  20
1306.475342
  0
POINT
  8
3
  10
384.681641
  20
1306.877808
  0
POINT
  8
3
  10
396.004700
  20
1307.306274
  0
POINT
  8
3
  10
407.346558
  20
1307.754395
  0
POINT
  8
3
  10
418.349121
  20
1308.215576
  0
POINT
  8
3
  10
428.654327
  20
1308.683105
  0
POINT
  8
3
  10
453.898193
  20
1310.001465
  0
ENDBLK
  0
ENDSEC
  0
SECTION
  2
ENTITIES
  0
INSERT
  8
1
  2
Pattern2D_45608_M
  10
0.000000
  20
0.000000
  0
INSERT
  8
1
  2
Pattern2D_45609_M
  10
0.000000
  20
0.000000
  0
INSERT
  8
1
  2
Pattern2D_315665_M
  10
0.000000
  20
0.000000
  0
INSERT
  8
1
  2
Pattern2D_315666_M
  10
0.000000
  20
0.000000
  0
INSERT
  8
1
  2
Pattern2D_2222632_M
  10
0.000000
  20
0.000000
  0
INSERT
  8
1
  2
Pattern2D_2222633_M
  10
0.000000
  20
0.000000
  0
INSERT
  8
1
  2
Pattern2D_1546981_M
  10
0.000000
  20
0.000000
  0
INSERT
  8
1
  2
Pattern2D_1545467_M
  10
0.000000
  20
0.000000
  0
INSERT
  8
1
  2
Pattern2D_1546983_M
  10
0.000000
  20
0.000000
  0
INSERT
  8
1
  2
Pattern2D_1545469_M
  10
0.000000
  20
0.000000
  0
INSERT
  8
1
  2
Pattern2D_4498051_M
  10
0.000000
  20
0.000000
  0
INSERT
  8
1
  2
Pattern2D_1545472_M
  10
0.000000
  20
0.000000
  0
INSERT
  8
1
  2
Pattern2D_1546989_M
  10
0.000000
  20
0.000000
  0
INSERT
  8
1
  2
Pattern2D_1546990_M
  10
0.000000
  20
0.000000
  0
INSERT
  8
1
  2
Pattern2D_1545470_M
  10
0.000000
  20
0.000000
  0
INSERT
  8
1
  2
Pattern2D_1546985_M
  10
0.000000
  20
0.000000
  0
TEXT
  8
1
  10
0.000000
  20
0.000000
  40
0.250000
  50
0.000000
  1
STYLE NAME: PatternPieces
  7
STANDARD
  0
TEXT
  8
1
  10
0.000000
  20
0.000000
  40
0.250000
  50
0.000000
  1
CREATION DATE: 15-08-2021
  7
STANDARD
  0
TEXT
  8
1
  10
0.000000
  20
0.000000
  40
0.250000
  50
0.000000
  1
CREATION TIME: 10:40
  7
STANDARD
  0
TEXT
  8
1
  10
0.000000
  20
0.000000
  40
0.250000
  50
0.000000
  1
AUTHOR: CLO Virtual Fashion Inc.
  7
STANDARD
  0
TEXT
  8
1
  10
0.000000
  20
0.000000
  40
0.250000
  50
0.000000
  1
PRODUCT: CLO Standalone 6.1.346
  7
STANDARD
  0
TEXT
  8
1
  10
0.000000
  20
0.000000
  40
0.250000
  50
0.000000
  1
VERSION: 3
  7
STANDARD
  0
TEXT
  8
1
  10
0.000000
  20
0.000000
  40
0.250000
  50
0.000000
  1
SAMPLE SIZE: M
  7
STANDARD
  0
TEXT
  8
1
  10
0.000000
  20
0.000000
  40
0.250000
  50
0.000000
  1
UNITS: METRIC
  7
STANDARD
  0
ENDSEC
  0
EOF
